epoch,step,train_acc_epoch,train_acc_step,train_loss_epoch,train_loss_step,val_acc,val_loss
0,9,,0.001792114693671465,,1.9964157342910767,,
0,19,,0.00358422938734293,,1.9928314685821533,,
0,29,,0.0,,2.0,,
0,39,,0.001792114693671465,,1.9964157342910767,,
0,49,,0.005376344081014395,,1.9892473220825195,,
0,59,,0.001792114693671465,,1.9964157342910767,,
0,69,,0.001792114693671465,,1.9964157342910767,,
0,79,,0.001792114693671465,,1.9964157342910767,,
0,89,,0.00716845877468586,,1.9856630563735962,,
0,99,,0.001792114693671465,,1.9964157342910767,,
0,109,,0.0,,2.0,,
0,119,,0.0,,2.0,,
0,129,,0.0,,2.0,,
0,139,,0.0,,2.0,,
0,149,,0.001792114693671465,,1.9964157342910767,,
0,159,,0.0,,2.0,,
0,169,,0.0,,2.0,,
0,179,,0.005376344081014395,,1.9892473220825195,,
0,189,,0.005376344081014395,,1.98924720287323,,
0,199,,0.001792114693671465,,1.9964157342910767,,
0,209,,0.0,,2.0,,
0,219,,0.001792114693671465,,1.9964157342910767,,
0,229,,0.0,,2.0,,
0,239,,0.0,,2.0,,
0,249,,0.0,,2.0,,
0,259,,0.001792114693671465,,1.9964157342910767,,
0,269,,0.00716845877468586,,1.9856629371643066,,
0,279,,0.0,,2.0,,
0,289,,0.001792114693671465,,1.9964157342910767,,
0,299,,0.005376344081014395,,1.98924720287323,,
0,309,,0.001792114693671465,,1.9964157342910767,,
0,319,,0.001792114693671465,,1.9964157342910767,,
0,329,,0.001792114693671465,,1.9964157342910767,,
0,339,,0.0,,2.0,,
0,349,,0.001792114693671465,,1.9964157342910767,,
0,359,,0.001792114693671465,,1.9964157342910767,,
0,369,,0.0,,2.0,,
0,379,,0.0,,2.0,,
0,389,,0.005376344081014395,,1.98924720287323,,
0,399,,0.001792114693671465,,1.9964157342910767,,
0,409,,0.0,,2.0,,
0,419,,0.001792114693671465,,1.9964157342910767,,
0,429,,0.001792114693671465,,1.9964157342910767,,
0,439,,0.0,,2.0,,
0,449,,0.0,,2.0,,
0,459,,0.0,,2.0,,
0,469,,0.001792114693671465,,1.9964157342910767,,
0,479,,0.001792114693671465,,1.9964157342910767,,
0,489,,0.0,,2.0,,
0,499,,0.005376344081014395,,1.9892473220825195,,
0,509,,0.00358422938734293,,1.9928314685821533,,
0,519,,0.0,,2.0,,
0,529,,0.0,,2.0,,
0,539,,0.001792114693671465,,1.9964157342910767,,
0,549,,0.00358422938734293,,1.9928314685821533,,
0,559,,0.001792114693671465,,1.9964157342910767,,
0,569,,0.0,,2.0,,
0,579,,0.001792114693671465,,1.9964157342910767,,
0,589,,0.001792114693671465,,1.9964157342910767,,
0,599,,0.00358422938734293,,1.9928314685821533,,
0,609,,0.001792114693671465,,1.9964157342910767,,
0,619,,0.005376344081014395,,1.98924720287323,,
0,629,,0.00716845877468586,,1.9856630563735962,,
0,639,,0.001792114693671465,,1.9964157342910767,,
0,649,,0.001792114693671465,,1.9964157342910767,,
0,659,,0.005376344081014395,,1.9892473220825195,,
0,669,,0.001792114693671465,,1.9964157342910767,,
0,679,,0.001792114693671465,,1.9964157342910767,,
0,689,,0.001792114693671465,,1.9964157342910767,,
0,699,,0.005376344081014395,,1.9892473220825195,,
0,709,,0.0,,2.0,,
0,719,,0.00358422938734293,,1.9928314685821533,,
0,729,,0.00358422938734293,,1.9928314685821533,,
0,739,,0.005376344081014395,,1.98924720287323,,
0,749,,0.0,,2.0,,
0,759,,0.00358422938734293,,1.9928314685821533,,
0,769,,0.00358422938734293,,1.9928314685821533,,
0,779,,0.001792114693671465,,1.9964157342910767,,
0,789,,0.001792114693671465,,1.9964157342910767,,
0,799,,0.001792114693671465,,1.9964157342910767,,
0,809,,0.0,,2.0,,
0,819,,0.005376344081014395,,1.9892473220825195,,
0,829,,0.001792114693671465,,1.9964157342910767,,
0,839,,0.001792114693671465,,1.9964157342910767,,
0,849,,0.0,,2.0,,
0,859,,0.001792114693671465,,1.9964157342910767,,
0,869,,0.0,,2.0,,
0,879,,0.001792114693671465,,1.9964157342910767,,
0,889,,0.0,,2.0,,
0,899,,0.001792114693671465,,1.9964157342910767,,
0,909,,0.001792114693671465,,1.9964157342910767,,
0,919,,0.001792114693671465,,1.9964157342910767,,
0,929,,0.00358422938734293,,1.9928314685821533,,
0,939,,0.00358422938734293,,1.9928314685821533,,
0,949,,0.0,,2.0,,
0,959,,0.005376344081014395,,1.9892473220825195,,
0,969,,0.001792114693671465,,1.9964157342910767,,
0,979,,0.00358422938734293,,1.9928314685821533,,
0,989,,0.001792114693671465,,1.9964157342910767,,
0,999,,0.001792114693671465,,1.9964157342910767,,
0,1009,,0.001792114693671465,,1.9964157342910767,,
0,1019,,0.00358422938734293,,1.9928314685821533,,
0,1029,,0.00358422938734293,,1.9928314685821533,,
0,1039,,0.001792114693671465,,1.9964157342910767,,
0,1049,,0.00358422938734293,,1.9928314685821533,,
0,1059,,0.00358422938734293,,1.9928314685821533,,
0,1069,,0.001792114693671465,,1.9964157342910767,,
0,1079,,0.00358422938734293,,1.9928314685821533,,
0,1089,,0.001792114693671465,,1.9964157342910767,,
0,1099,,0.001792114693671465,,1.9964157342910767,,
0,1109,,0.0,,2.0,,
0,1119,,0.001792114693671465,,1.9964157342910767,,
0,1129,,0.0,,2.0,,
0,1139,,0.00358422938734293,,1.9928314685821533,,
0,1149,,0.005376344081014395,,1.98924720287323,,
0,1159,,0.0,,2.0,,
0,1169,,0.0,,2.0,,
0,1179,,0.0,,2.0,,
0,1189,,0.001792114693671465,,1.9964157342910767,,
0,1199,,0.00358422938734293,,1.9928314685821533,,
0,1209,,0.001792114693671465,,1.9964157342910767,,
0,1219,,0.00358422938734293,,1.9928314685821533,,
0,1229,,0.0,,2.0,,
0,1239,,0.0,,2.0,,
0,1249,,0.00358422938734293,,1.9928314685821533,,
0,1259,,0.005376344081014395,,1.98924720287323,,
0,1269,,0.0,,2.0,,
0,1279,,0.001792114693671465,,1.9964157342910767,,
0,1289,,0.001792114693671465,,1.9964157342910767,,
0,1299,,0.0,,2.0,,
0,1309,,0.0,,2.0,,
0,1319,,0.0,,2.0,,
0,1329,,0.0,,2.0,,
0,1339,,0.0,,2.0,,
0,1349,,0.0,,2.0,,
0,1359,,0.0,,2.0,,
0,1369,,0.001792114693671465,,1.9964157342910767,,
0,1379,,0.0,,2.0,,
0,1389,,0.005376344081014395,,1.9892473220825195,,
0,1399,,0.0,,2.0,,
0,1409,,0.001792114693671465,,1.9964157342910767,,
0,1419,,0.00358422938734293,,1.9928314685821533,,
0,1429,,0.00358422938734293,,1.9928314685821533,,
0,1439,,0.001792114693671465,,1.9964157342910767,,
0,1449,,0.001792114693671465,,1.9964157342910767,,
0,1459,,0.0,,2.0,,
0,1469,,0.00358422938734293,,1.9928314685821533,,
0,1479,,0.005376344081014395,,1.9892473220825195,,
0,1489,,0.0,,2.0,,
0,1499,,0.0,,2.0,,
0,1509,,0.0,,2.0,,
0,1519,,0.0,,2.0,,
0,1529,,0.0,,2.0,,
0,1539,,0.001792114693671465,,1.9964157342910767,,
0,1549,,0.0,,2.0,,
0,1559,,0.001792114693671465,,1.9964157342910767,,
0,1569,,0.001792114693671465,,1.9964157342910767,,
0,1579,,0.001792114693671465,,1.9964157342910767,,
0,1589,,0.001792114693671465,,1.9964157342910767,,
0,1599,,0.0,,2.0,,
0,1609,,0.001792114693671465,,1.9964157342910767,,
0,1619,,0.00358422938734293,,1.9928314685821533,,
0,1629,,0.001792114693671465,,1.9964157342910767,,
0,1639,,0.0,,2.0,,
0,1649,,0.001792114693671465,,1.9964157342910767,,
0,1659,,0.001792114693671465,,1.9964157342910767,,
0,1669,,0.0,,2.0,,
0,1679,,0.00358422938734293,,1.9928314685821533,,
0,1689,,0.001792114693671465,,1.9964157342910767,,
0,1699,,0.001792114693671465,,1.9964157342910767,,
0,1709,,0.00358422938734293,,1.9928314685821533,,
0,1719,,0.001792114693671465,,1.9964157342910767,,
0,1729,,0.00358422938734293,,1.9928314685821533,,
0,1739,,0.001792114693671465,,1.9964157342910767,,
0,1749,,0.00358422938734293,,1.9928314685821533,,
0,1759,,0.0,,2.0,,
0,1769,,0.0,,2.0,,
0,1779,,0.00358422938734293,,1.9928314685821533,,
0,1789,,0.00358422938734293,,1.9928314685821533,,
0,1799,,0.00358422938734293,,1.9928314685821533,,
0,1809,,0.001792114693671465,,1.9964157342910767,,
0,1819,,0.001792114693671465,,1.9964157342910767,,
0,1829,,0.0,,2.0,,
0,1839,,0.001792114693671465,,1.9964157342910767,,
0,1849,,0.0,,2.0,,
0,1859,,0.001792114693671465,,1.9964157342910767,,
0,1869,,0.005376344081014395,,1.9892473220825195,,
0,1879,,0.0,,2.0,,
0,1889,,0.0,,2.0,,
0,1899,,0.00358422938734293,,1.9928314685821533,,
0,1909,,0.005376344081014395,,1.98924720287323,,
0,1919,,0.0,,2.0,,
0,1929,,0.001792114693671465,,1.9964157342910767,,
0,1939,,0.0,,2.0,,
0,1949,,0.0,,2.0,,
0,1959,,0.0,,2.0,,
0,1969,,0.00358422938734293,,1.9928314685821533,,
0,1979,,0.001792114693671465,,1.9964157342910767,,
0,1989,,0.0,,2.0,,
0,1999,,0.0,,2.0,,
0,2009,,0.00358422938734293,,1.9928314685821533,,
0,2019,,0.00358422938734293,,1.9928314685821533,,
0,2029,,0.0,,2.0,,
0,2039,,0.001792114693671465,,1.9964157342910767,,
0,2049,,0.001792114693671465,,1.9964157342910767,,
0,2059,,0.005376344081014395,,1.9892473220825195,,
0,2069,,0.0,,2.0,,
0,2079,,0.0,,2.0,,
0,2089,,0.001792114693671465,,1.9964157342910767,,
0,2099,,0.0,,2.0,,
0,2109,,0.0,,2.0,,
0,2119,,0.001792114693671465,,1.9964157342910767,,
0,2129,,0.001792114693671465,,1.9964157342910767,,
0,2139,,0.001792114693671465,,1.9964157342910767,,
0,2149,,0.0,,2.0,,
0,2159,,0.00358422938734293,,1.9928314685821533,,
0,2169,,0.00358422938734293,,1.9928314685821533,,
0,2179,,0.00358422938734293,,1.9928314685821533,,
0,2189,,0.0,,2.0,,
0,2199,,0.00358422938734293,,1.9928314685821533,,
0,2209,,0.0,,2.0,,
0,2219,,0.001792114693671465,,1.9964157342910767,,
0,2229,,0.001792114693671465,,1.9964157342910767,,
0,2239,,0.001792114693671465,,1.9964157342910767,,
0,2249,,0.0,,2.0,,
0,2259,,0.0,,2.0,,
0,2269,,0.001792114693671465,,1.9964157342910767,,
0,2279,,0.00358422938734293,,1.9928314685821533,,
0,2289,,0.001792114693671465,,1.9964157342910767,,
0,2299,,0.001792114693671465,,1.9964157342910767,,
0,2309,,0.0,,2.0,,
0,2319,,0.001792114693671465,,1.9964157342910767,,
0,2329,,0.001792114693671465,,1.9964157342910767,,
0,2339,,0.00358422938734293,,1.9928314685821533,,
0,2349,,0.0,,2.0,,
0,2359,,0.001792114693671465,,1.9964157342910767,,
0,2369,,0.0,,2.0,,
0,2379,,0.00358422938734293,,1.9928314685821533,,
0,2389,,0.0,,2.0,,
0,2399,,0.001792114693671465,,1.9964157342910767,,
0,2409,,0.0,,2.0,,
0,2419,,0.0,,2.0,,
0,2429,,0.001792114693671465,,1.9964157342910767,,
0,2439,,0.001792114693671465,,1.9964157342910767,,
0,2449,,0.0,,2.0,,
0,2459,,0.0,,2.0,,
0,2469,,0.001792114693671465,,1.9964157342910767,,
0,2479,,0.001792114693671465,,1.9964157342910767,,
0,2489,,0.001792114693671465,,1.9964157342910767,,
0,2499,,0.001792114693671465,,1.9964157342910767,,
0,2509,,0.0,,2.0,,
0,2519,,0.0,,2.0,,
0,2529,,0.005376344081014395,,1.9892473220825195,,
0,2539,,0.0,,2.0,,
0,2549,,0.00358422938734293,,1.9928314685821533,,
0,2559,,0.0,,2.0,,
0,2569,,0.00358422938734293,,1.9928314685821533,,
0,2579,,0.0,,2.0,,
0,2589,,0.00358422938734293,,1.9928314685821533,,
0,2599,,0.001792114693671465,,1.9964157342910767,,
0,2609,,0.001792114693671465,,1.9964157342910767,,
0,2619,,0.001792114693671465,,1.9964157342910767,,
0,2629,,0.00358422938734293,,1.9928314685821533,,
0,2639,,0.0,,2.0,,
0,2649,,0.001792114693671465,,1.9964157342910767,,
0,2659,,0.00358422938734293,,1.9928314685821533,,
0,2669,,0.00358422938734293,,1.9928314685821533,,
0,2679,,0.001792114693671465,,1.9964157342910767,,
0,2689,,0.0,,2.0,,
0,2699,,0.0,,2.0,,
0,2709,,0.0,,2.0,,
0,2719,,0.0,,2.0,,
0,2729,,0.001792114693671465,,1.9964157342910767,,
0,2739,,0.0,,2.0,,
0,2749,,0.001792114693671465,,1.9964157342910767,,
0,2759,,0.001792114693671465,,1.9964157342910767,,
0,2769,,0.001792114693671465,,1.9964157342910767,,
0,2779,,0.00358422938734293,,1.9928314685821533,,
0,2789,,0.0,,2.0,,
0,2799,,0.00716845877468586,,1.9856630563735962,,
0,2809,,0.0,,2.0,,
0,2819,,0.0,,2.0,,
0,2829,,0.001792114693671465,,1.9964157342910767,,
0,2839,,0.001792114693671465,,1.9964157342910767,,
0,2849,,0.001792114693671465,,1.9964157342910767,,
0,2859,,0.0,,2.0,,
0,2869,,0.0,,2.0,,
0,2879,,0.00358422938734293,,1.9928314685821533,,
0,2889,,0.0,,2.0,,
0,2899,,0.001792114693671465,,1.9964157342910767,,
0,2909,,0.0,,2.0,,
0,2919,,0.001792114693671465,,1.9964157342910767,,
0,2929,,0.0,,2.0,,
0,2939,,0.0,,2.0,,
0,2949,,0.0,,2.0,,
0,2959,,0.0,,2.0,,
0,2969,,0.005376344081014395,,1.98924720287323,,
0,2979,,0.001792114693671465,,1.9964157342910767,,
0,2989,,0.001792114693671465,,1.9964157342910767,,
0,2999,,0.001792114693671465,,1.9964157342910767,,
0,3009,,0.005376344081014395,,1.9892473220825195,,
0,3019,,0.0,,2.0,,
0,3029,,0.001792114693671465,,1.9964157342910767,,
0,3039,,0.00358422938734293,,1.9928314685821533,,
0,3049,,0.005376344081014395,,1.9892473220825195,,
0,3059,,0.00358422938734293,,1.9928314685821533,,
0,3069,,0.001792114693671465,,1.9964157342910767,,
0,3079,,0.0,,2.0,,
0,3089,,0.0,,2.0,,
0,3099,,0.0,,2.0,,
0,3109,,0.005376344081014395,,1.9892473220825195,,
0,3119,,0.00358422938734293,,1.9928314685821533,,
0,3129,,0.0,,2.0,,
0,3139,,0.001792114693671465,,1.9964157342910767,,
0,3149,,0.00358422938734293,,1.9928314685821533,,
0,3159,,0.0,,2.0,,
0,3169,,0.0,,2.0,,
0,3179,,0.001792114693671465,,1.9964157342910767,,
0,3189,,0.0,,2.0,,
0,3199,,0.001792114693671465,,1.9964157342910767,,
0,3209,,0.0,,2.0,,
0,3219,,0.0,,2.0,,
0,3229,,0.001792114693671465,,1.9964157342910767,,
0,3239,,0.0,,2.0,,
0,3249,,0.001792114693671465,,1.9964157342910767,,
0,3259,,0.0,,2.0,,
0,3269,,0.00358422938734293,,1.9928314685821533,,
0,3279,,0.001792114693671465,,1.9964157342910767,,
0,3289,,0.0,,2.0,,
0,3299,,0.00358422938734293,,1.9928314685821533,,
0,3309,,0.001792114693671465,,1.9964157342910767,,
0,3319,,0.001792114693671465,,1.9964157342910767,,
0,3329,,0.0,,2.0,,
0,3339,,0.001792114693671465,,1.9964157342910767,,
0,3349,,0.0,,2.0,,
0,3359,,0.0,,2.0,,
0,3369,,0.001792114693671465,,1.9964157342910767,,
0,3379,,0.0,,2.0,,
0,3389,,0.0,,2.0,,
0,3399,,0.0,,2.0,,
0,3409,,0.00358422938734293,,1.9928314685821533,,
0,3419,,0.0,,2.0,,
0,3429,,0.0,,2.0,,
0,3439,,0.001792114693671465,,1.9964157342910767,,
0,3449,,0.001792114693671465,,1.9964157342910767,,
0,3459,,0.005376344081014395,,1.98924720287323,,
0,3469,,0.001792114693671465,,1.9964157342910767,,
0,3479,,0.00358422938734293,,1.9928314685821533,,
0,3489,,0.0,,2.0,,
0,3499,,0.001792114693671465,,1.9964157342910767,,
0,3509,,0.001792114693671465,,1.9964157342910767,,
0,3519,,0.001792114693671465,,1.9964157342910767,,
0,3529,,0.0,,2.0,,
0,3539,,0.0,,2.0,,
0,3549,,0.0,,2.0,,
0,3559,,0.0,,2.0,,
0,3569,,0.00358422938734293,,1.9928314685821533,,
0,3579,,0.005376344081014395,,1.9892473220825195,,
0,3589,,0.0,,2.0,,
0,3599,,0.001792114693671465,,1.9964157342910767,,
0,3609,,0.0,,2.0,,
0,3619,,0.0,,2.0,,
0,3629,,0.001792114693671465,,1.9964157342910767,,
0,3639,,0.001792114693671465,,1.9964157342910767,,
0,3649,,0.0,,2.0,,
0,3659,,0.0,,2.0,,
0,3669,,0.001792114693671465,,1.9964157342910767,,
0,3679,,0.001792114693671465,,1.9964157342910767,,
0,3689,,0.00358422938734293,,1.9928314685821533,,
0,3699,,0.001792114693671465,,1.9964157342910767,,
0,3709,,0.001792114693671465,,1.9964157342910767,,
0,3719,,0.0,,2.0,,
0,3729,,0.0,,2.0,,
0,3739,,0.0,,2.0,,
0,3749,,0.001792114693671465,,1.9964157342910767,,
0,3759,,0.00358422938734293,,1.9928314685821533,,
0,3769,,0.005376344081014395,,1.98924720287323,,
0,3779,,0.001792114693671465,,1.9964157342910767,,
0,3789,,0.00358422938734293,,1.9928314685821533,,
0,3799,,0.001792114693671465,,1.9964157342910767,,
0,3809,,0.001792114693671465,,1.9964157342910767,,
0,3819,,0.0,,2.0,,
0,3829,,0.001792114693671465,,1.9964157342910767,,
0,3839,,0.005376344081014395,,1.9892473220825195,,
0,3849,,0.001792114693671465,,1.9964157342910767,,
0,3859,,0.0,,2.0,,
0,3869,,0.001792114693671465,,1.9964157342910767,,
0,3879,,0.0,,2.0,,
0,3889,,0.0,,2.0,,
0,3899,,0.0,,2.0,,
0,3909,,0.00358422938734293,,1.9928314685821533,,
0,3919,,0.0,,2.0,,
0,3929,,0.001792114693671465,,1.9964157342910767,,
0,3939,,0.0,,2.0,,
0,3949,,0.001792114693671465,,1.9964157342910767,,
0,3959,,0.00358422938734293,,1.9928314685821533,,
0,3969,,0.00358422938734293,,1.9928314685821533,,
0,3979,,0.0,,2.0,,
0,3989,,0.001792114693671465,,1.9964157342910767,,
0,3999,,0.001792114693671465,,1.9964157342910767,,
0,4009,,0.0,,2.0,,
0,4019,,0.001792114693671465,,1.9964157342910767,,
0,4029,,0.0,,2.0,,
0,4039,,0.005376344081014395,,1.9892473220825195,,
0,4049,,0.0,,2.0,,
0,4059,,0.005376344081014395,,1.98924720287323,,
0,4069,,0.00358422938734293,,1.9928314685821533,,
0,4079,,0.001792114693671465,,1.9964157342910767,,
0,4089,,0.0,,2.0,,
0,4099,,0.0,,2.0,,
0,4109,,0.0,,2.0,,
0,4119,,0.00358422938734293,,1.9928314685821533,,
0,4129,,0.00358422938734293,,1.9928314685821533,,
0,4139,,0.001792114693671465,,1.9964157342910767,,
0,4149,,0.001792114693671465,,1.9964157342910767,,
0,4159,,0.00358422938734293,,1.9928314685821533,,
0,4169,,0.001792114693671465,,1.9964157342910767,,
0,4179,,0.0,,2.0,,
0,4189,,0.001792114693671465,,1.9964157342910767,,
0,4199,,0.001792114693671465,,1.9964157342910767,,
0,4209,,0.001792114693671465,,1.9964157342910767,,
0,4219,,0.001792114693671465,,1.9964157342910767,,
0,4229,,0.0,,2.0,,
0,4239,,0.001792114693671465,,1.9964157342910767,,
0,4249,,0.0,,2.0,,
0,4259,,0.0,,2.0,,
0,4269,,0.001792114693671465,,1.9964157342910767,,
0,4279,,0.00358422938734293,,1.9928314685821533,,
0,4289,,0.00358422938734293,,1.9928314685821533,,
0,4299,,0.0,,2.0,,
0,4309,,0.001792114693671465,,1.9964157342910767,,
0,4319,,0.001792114693671465,,1.9964157342910767,,
0,4329,,0.0,,2.0,,
0,4339,,0.001792114693671465,,1.9964157342910767,,
0,4349,,0.001792114693671465,,1.9964157342910767,,
0,4359,,0.00358422938734293,,1.9928314685821533,,
0,4369,,0.00358422938734293,,1.9928314685821533,,
0,4379,,0.00716845877468586,,1.9856629371643066,,
0,4389,,0.0,,2.0,,
0,4399,,0.005376344081014395,,1.9892473220825195,,
0,4409,,0.001792114693671465,,1.9964157342910767,,
0,4419,,0.001792114693671465,,1.9964157342910767,,
0,4429,,0.0,,2.0,,
0,4439,,0.001792114693671465,,1.9964157342910767,,
0,4449,,0.0,,2.0,,
0,4459,,0.001792114693671465,,1.9964157342910767,,
0,4469,,0.00358422938734293,,1.9928314685821533,,
0,4479,,0.0,,2.0,,
0,4489,,0.00358422938734293,,1.9928314685821533,,
0,4499,,0.001792114693671465,,1.9964157342910767,,
0,4509,,0.001792114693671465,,1.9964157342910767,,
0,4519,,0.00358422938734293,,1.9928314685821533,,
0,4529,,0.001792114693671465,,1.9964157342910767,,
0,4539,,0.00358422938734293,,1.9928314685821533,,
0,4549,,0.0,,2.0,,
0,4559,,0.00358422938734293,,1.9928314685821533,,
0,4569,,0.00358422938734293,,1.9928314685821533,,
0,4579,,0.001792114693671465,,1.9964157342910767,,
0,4589,,0.001792114693671465,,1.9964157342910767,,
0,4599,,0.00358422938734293,,1.9928314685821533,,
0,4609,,0.001792114693671465,,1.9964157342910767,,
0,4619,,0.0,,2.0,,
0,4629,,0.001792114693671465,,1.9964157342910767,,
0,4639,,0.00358422938734293,,1.9928314685821533,,
0,4649,,0.001792114693671465,,1.9964157342910767,,
0,4659,,0.00358422938734293,,1.9928314685821533,,
0,4669,,0.0,,2.0,,
0,4679,,0.001792114693671465,,1.9964157342910767,,
0,4689,,0.001792114693671465,,1.9964157342910767,,
0,4699,,0.001792114693671465,,1.9964157342910767,,
0,4709,,0.001792114693671465,,1.9964157342910767,,
0,4719,,0.0,,2.0,,
0,4729,,0.00358422938734293,,1.9928314685821533,,
0,4739,,0.001792114693671465,,1.9964157342910767,,
0,4749,,0.00358422938734293,,1.9928314685821533,,
0,4759,,0.001792114693671465,,1.9964157342910767,,
0,4769,,0.0,,2.0,,
0,4779,,0.0,,2.0,,
0,4789,,0.0,,2.0,,
0,4799,,0.0,,2.0,,
0,4809,,0.001792114693671465,,1.9964157342910767,,
0,4819,,0.0,,2.0,,
0,4829,,0.005376344081014395,,1.9892473220825195,,
0,4839,,0.001792114693671465,,1.9964157342910767,,
0,4849,,0.00358422938734293,,1.9928314685821533,,
0,4859,,0.0,,2.0,,
0,4869,,0.005376344081014395,,1.9892473220825195,,
0,4879,,0.0,,2.0,,
0,4889,,0.00358422938734293,,1.9928314685821533,,
0,4899,,0.00358422938734293,,1.9928314685821533,,
0,4909,,0.001792114693671465,,1.9964157342910767,,
0,4919,,0.0,,2.0,,
0,4929,,0.00358422938734293,,1.9928314685821533,,
0,4939,,0.0,,2.0,,
0,4949,,0.001792114693671465,,1.9964157342910767,,
0,4959,,0.001792114693671465,,1.9964157342910767,,
0,4969,,0.00358422938734293,,1.9928314685821533,,
0,4979,,0.001792114693671465,,1.9964157342910767,,
0,4989,,0.001792114693671465,,1.9964157342910767,,
0,4999,,0.001792114693671465,,1.9964157342910767,,
0,5009,,0.005376344081014395,,1.9892473220825195,,
0,5019,,0.00358422938734293,,1.9928314685821533,,
0,5029,,0.005376344081014395,,1.98924720287323,,
0,5039,,0.00358422938734293,,1.9928314685821533,,
0,5049,,0.00358422938734293,,1.9928314685821533,,
0,5059,,0.001792114693671465,,1.9964157342910767,,
0,5069,,0.0,,2.0,,
0,5079,,0.0,,2.0,,
0,5089,,0.0,,2.0,,
0,5099,,0.001792114693671465,,1.9964157342910767,,
0,5109,,0.00358422938734293,,1.9928314685821533,,
0,5119,,0.001792114693671465,,1.9964157342910767,,
0,5129,,0.0,,2.0,,
0,5139,,0.00358422938734293,,1.9928314685821533,,
0,5149,,0.0,,2.0,,
0,5159,,0.001792114693671465,,1.9964157342910767,,
0,5169,,0.0,,2.0,,
0,5179,,0.00716845877468586,,1.9856630563735962,,
0,5189,,0.001792114693671465,,1.9964157342910767,,
0,5199,,0.001792114693671465,,1.9964157342910767,,
0,5209,,0.0,,2.0,,
0,5219,,0.0,,2.0,,
0,5229,,0.0,,2.0,,
0,5239,,0.001792114693671465,,1.9964157342910767,,
0,5249,,0.001792114693671465,,1.9964157342910767,,
0,5259,,0.0,,2.0,,
0,5269,,0.001792114693671465,,1.9964157342910767,,
0,5279,,0.0,,2.0,,
0,5289,,0.001792114693671465,,1.9964157342910767,,
0,5299,,0.001792114693671465,,1.9964157342910767,,
0,5309,,0.00358422938734293,,1.9928314685821533,,
0,5319,,0.0,,2.0,,
0,5329,,0.00358422938734293,,1.9928314685821533,,
0,5339,,0.005376344081014395,,1.9892473220825195,,
0,5349,,0.001792114693671465,,1.9964157342910767,,
0,5359,,0.001792114693671465,,1.9964157342910767,,
0,5369,,0.00358422938734293,,1.9928314685821533,,
0,5379,,0.00358422938734293,,1.9928314685821533,,
0,5389,,0.0,,2.0,,
0,5399,,0.0,,2.0,,
0,5409,,0.005376344081014395,,1.98924720287323,,
0,5419,,0.005376344081014395,,1.9892473220825195,,
0,5429,,0.005376344081014395,,1.98924720287323,,
0,5439,,0.001792114693671465,,1.9964157342910767,,
0,5449,,0.00358422938734293,,1.9928314685821533,,
0,5459,,0.0,,2.0,,
0,5469,,0.001792114693671465,,1.9964157342910767,,
0,5479,,0.00358422938734293,,1.9928314685821533,,
0,5489,,0.0,,2.0,,
0,5499,,0.0,,2.0,,
0,5509,,0.001792114693671465,,1.9964157342910767,,
0,5519,,0.00358422938734293,,1.9928314685821533,,
0,5529,,0.00358422938734293,,1.9928314685821533,,
0,5539,,0.005376344081014395,,1.9892473220825195,,
0,5549,,0.001792114693671465,,1.9964157342910767,,
0,5559,,0.001792114693671465,,1.9964157342910767,,
0,5569,,0.001792114693671465,,1.9964157342910767,,
0,5579,,0.0,,2.0,,
0,5589,,0.001792114693671465,,1.9964157342910767,,
0,5599,,0.001792114693671465,,1.9964157342910767,,
0,5609,,0.0,,2.0,,
0,5619,,0.0,,2.0,,
0,5629,,0.00358422938734293,,1.9928314685821533,,
0,5639,,0.0,,2.0,,
0,5649,,0.0,,2.0,,
0,5659,,0.0,,2.0,,
0,5669,,0.00358422938734293,,1.9928314685821533,,
0,5679,,0.0,,2.0,,
0,5689,,0.00358422938734293,,1.9928314685821533,,
0,5699,,0.005376344081014395,,1.98924720287323,,
0,5709,,0.001792114693671465,,1.9964157342910767,,
0,5719,,0.0,,2.0,,
0,5729,,0.001792114693671465,,1.9964157342910767,,
0,5739,,0.00716845877468586,,1.9856630563735962,,
0,5749,,0.00358422938734293,,1.9928314685821533,,
0,5759,,0.001792114693671465,,1.9964157342910767,,
0,5769,,0.001792114693671465,,1.9964157342910767,,
0,5779,,0.0,,2.0,,
0,5789,,0.0,,2.0,,
0,5799,,0.005376344081014395,,1.9892473220825195,,
0,5809,,0.001792114693671465,,1.9964157342910767,,
0,5819,,0.0,,2.0,,
0,5829,,0.0,,2.0,,
0,5839,,0.0,,2.0,,
0,5849,,0.001792114693671465,,1.9964157342910767,,
0,5859,,0.00358422938734293,,1.9928314685821533,,
0,5869,,0.0,,2.0,,
0,5879,,0.001792114693671465,,1.9964157342910767,,
0,5889,,0.005376344081014395,,1.98924720287323,,
0,5899,,0.00716845877468586,,1.9856630563735962,,
0,5909,,0.0,,2.0,,
0,5919,,0.001792114693671465,,1.9964157342910767,,
0,5929,,0.00358422938734293,,1.9928314685821533,,
0,5939,,0.00716845877468586,,1.9856630563735962,,
0,5949,,0.001792114693671465,,1.9964157342910767,,
0,5959,,0.001792114693671465,,1.9964157342910767,,
0,5969,,0.0,,2.0,,
0,5979,,0.00358422938734293,,1.9928314685821533,,
0,5989,,0.001792114693671465,,1.9964157342910767,,
0,5999,,0.001792114693671465,,1.9964157342910767,,
0,6009,,0.001792114693671465,,1.9964157342910767,,
0,6019,,0.001792114693671465,,1.9964157342910767,,
0,6029,,0.001792114693671465,,1.9964157342910767,,
0,6039,,0.001792114693671465,,1.9964157342910767,,
0,6049,,0.001792114693671465,,1.9964157342910767,,
0,6059,,0.001792114693671465,,1.9964157342910767,,
0,6069,,0.001792114693671465,,1.9964157342910767,,
0,6079,,0.00358422938734293,,1.9928314685821533,,
0,6089,,0.0,,2.0,,
0,6099,,0.0,,2.0,,
0,6109,,0.001792114693671465,,1.9964157342910767,,
0,6119,,0.005376344081014395,,1.9892473220825195,,
0,6129,,0.001792114693671465,,1.9964157342910767,,
0,6139,,0.001792114693671465,,1.9964157342910767,,
0,6149,,0.001792114693671465,,1.9964157342910767,,
0,6159,,0.00358422938734293,,1.9928314685821533,,
0,6169,,0.0,,2.0,,
0,6179,,0.0,,2.0,,
0,6189,,0.00358422938734293,,1.9928314685821533,,
0,6199,,0.0,,2.0,,
0,6209,,0.005376344081014395,,1.98924720287323,,
0,6219,,0.001792114693671465,,1.9964157342910767,,
0,6229,,0.001792114693671465,,1.9964157342910767,,
0,6239,,0.0,,2.0,,
0,6249,,0.0,,2.0,,
0,6259,,0.001792114693671465,,1.9964157342910767,,
0,6269,,0.005376344081014395,,1.9892473220825195,,
0,6279,,0.00358422938734293,,1.9928314685821533,,
0,6289,,0.001792114693671465,,1.9964157342910767,,
0,6299,,0.00358422938734293,,1.9928314685821533,,
0,6309,,0.001792114693671465,,1.9964157342910767,,
0,6319,,0.001792114693671465,,1.9964157342910767,,
0,6329,,0.001792114693671465,,1.9964157342910767,,
0,6339,,0.001792114693671465,,1.9964157342910767,,
0,6349,,0.001792114693671465,,1.9964157342910767,,
0,6359,,0.0,,2.0,,
0,6369,,0.005376344081014395,,1.98924720287323,,
0,6379,,0.001792114693671465,,1.9964157342910767,,
0,6389,,0.001792114693671465,,1.9964157342910767,,
0,6399,,0.0,,2.0,,
0,6409,,0.001792114693671465,,1.9964157342910767,,
0,6419,,0.0,,2.0,,
0,6429,,0.0,,2.0,,
0,6439,,0.00358422938734293,,1.9928314685821533,,
0,6449,,0.0,,2.0,,
0,6459,,0.001792114693671465,,1.9964157342910767,,
0,6469,,0.0,,2.0,,
0,6479,,0.001792114693671465,,1.9964157342910767,,
0,6489,,0.001792114693671465,,1.9964157342910767,,
0,6499,,0.001792114693671465,,1.9964157342910767,,
0,6509,,0.00716845877468586,,1.9856630563735962,,
0,6519,,0.0,,2.0,,
0,6529,,0.0,,2.0,,
0,6539,,0.0,,2.0,,
0,6549,,0.001792114693671465,,1.9964157342910767,,
0,6559,,0.0,,2.0,,
0,6569,,0.0,,2.0,,
0,6579,,0.0,,2.0,,
0,6589,,0.00358422938734293,,1.9928314685821533,,
0,6599,,0.00358422938734293,,1.9928314685821533,,
0,6609,,0.00358422938734293,,1.9928314685821533,,
0,6619,,0.005376344081014395,,1.9892473220825195,,
0,6629,,0.0,,2.0,,
0,6639,,0.00358422938734293,,1.9928314685821533,,
0,6649,,0.00716845877468586,,1.9856630563735962,,
0,6659,,0.0,,2.0,,
0,6669,,0.00358422938734293,,1.9928314685821533,,
0,6679,,0.0,,2.0,,
0,6689,,0.001792114693671465,,1.9964157342910767,,
0,6699,,0.00358422938734293,,1.9928314685821533,,
0,6709,,0.001792114693671465,,1.9964157342910767,,
0,6719,,0.005376344081014395,,1.9892473220825195,,
0,6729,,0.00358422938734293,,1.9928314685821533,,
0,6739,,0.005376344081014395,,1.9892473220825195,,
0,6749,,0.00358422938734293,,1.9928314685821533,,
0,6759,,0.0,,2.0,,
0,6769,,0.005376344081014395,,1.98924720287323,,
0,6779,,0.001792114693671465,,1.9964157342910767,,
0,6789,,0.001792114693671465,,1.9964157342910767,,
0,6799,,0.00358422938734293,,1.9928314685821533,,
0,6809,,0.001792114693671465,,1.9964157342910767,,
0,6819,,0.0,,2.0,,
0,6829,,0.001792114693671465,,1.9964157342910767,,
0,6839,,0.001792114693671465,,1.9964157342910767,,
0,6849,,0.001792114693671465,,1.9964157342910767,,
0,6859,,0.0,,2.0,,
0,6869,,0.001792114693671465,,1.9964157342910767,,
0,6879,,0.0,,2.0,,
0,6889,,0.001792114693671465,,1.9964157342910767,,
0,6899,,0.0,,2.0,,
0,6909,,0.001792114693671465,,1.9964157342910767,,
0,6919,,0.0,,2.0,,
0,6929,,0.001792114693671465,,1.9964157342910767,,
0,6939,,0.00358422938734293,,1.9928314685821533,,
0,6949,,0.001792114693671465,,1.9964157342910767,,
0,6959,,0.0,,2.0,,
0,6969,,0.0,,2.0,,
0,6979,,0.0,,2.0,,
0,6989,,0.00358422938734293,,1.9928314685821533,,
0,6999,,0.001792114693671465,,1.9964157342910767,,
0,7009,,0.001792114693671465,,1.9964157342910767,,
0,7019,,0.0,,2.0,,
0,7029,,0.005376344081014395,,1.9892473220825195,,
0,7039,,0.001792114693671465,,1.9964157342910767,,
0,7049,,0.001792114693671465,,1.9964157342910767,,
0,7059,,0.0,,2.0,,
0,7069,,0.001792114693671465,,1.9964157342910767,,
0,7079,,0.001792114693671465,,1.9964157342910767,,
0,7089,,0.0,,2.0,,
0,7099,,0.00358422938734293,,1.9928314685821533,,
0,7109,,0.001792114693671465,,1.9964157342910767,,
0,7119,,0.0,,2.0,,
0,7129,,0.001792114693671465,,1.9964157342910767,,
0,7139,,0.0,,2.0,,
0,7149,,0.0,,2.0,,
0,7159,,0.0,,2.0,,
0,7169,,0.001792114693671465,,1.9964157342910767,,
0,7179,,0.001792114693671465,,1.9964157342910767,,
0,7189,,0.00358422938734293,,1.9928314685821533,,
0,7199,,0.0,,2.0,,
0,7209,,0.00358422938734293,,1.9928314685821533,,
0,7219,,0.001792114693671465,,1.9964157342910767,,
0,7229,,0.00358422938734293,,1.9928314685821533,,
0,7239,,0.00358422938734293,,1.9928314685821533,,
0,7249,,0.001792114693671465,,1.9964157342910767,,
0,7259,,0.0,,2.0,,
0,7269,,0.001792114693671465,,1.9964157342910767,,
0,7279,,0.00358422938734293,,1.9928314685821533,,
0,7289,,0.00358422938734293,,1.9928314685821533,,
0,7299,,0.001792114693671465,,1.9964157342910767,,
0,7309,,0.0,,2.0,,
0,7319,,0.0,,2.0,,
0,7329,,0.0,,2.0,,
0,7339,,0.0,,2.0,,
0,7349,,0.00358422938734293,,1.9928314685821533,,
0,7359,,0.005376344081014395,,1.9892473220825195,,
0,7369,,0.001792114693671465,,1.9964157342910767,,
0,7379,,0.001792114693671465,,1.9964157342910767,,
0,7389,,0.00358422938734293,,1.9928314685821533,,
0,7399,,0.0,,2.0,,
0,7409,,0.0,,2.0,,
0,7419,,0.00358422938734293,,1.9928314685821533,,
0,7429,,0.00358422938734293,,1.9928314685821533,,
0,7439,,0.0,,2.0,,
0,7449,,0.0,,2.0,,
0,7459,,0.00716845877468586,,1.9856630563735962,,
0,7469,,0.0,,2.0,,
0,7479,,0.0,,2.0,,
0,7489,,0.0,,2.0,,
0,7499,,0.005376344081014395,,1.9892473220825195,,
0,7509,,0.001792114693671465,,1.9964157342910767,,
0,7519,,0.001792114693671465,,1.9964157342910767,,
0,7529,,0.00358422938734293,,1.9928314685821533,,
0,7539,,0.001792114693671465,,1.9964157342910767,,
0,7549,,0.001792114693671465,,1.9964157342910767,,
0,7559,,0.001792114693671465,,1.9964157342910767,,
0,7569,,0.0,,2.0,,
0,7579,,0.0,,2.0,,
0,7589,,0.00358422938734293,,1.9928314685821533,,
0,7599,,0.001792114693671465,,1.9964157342910767,,
0,7609,,0.0,,2.0,,
0,7619,,0.0,,2.0,,
0,7629,,0.001792114693671465,,1.9964157342910767,,
0,7639,,0.001792114693671465,,1.9964157342910767,,
0,7649,,0.001792114693671465,,1.9964157342910767,,
0,7659,,0.005376344081014395,,1.98924720287323,,
0,7669,,0.00358422938734293,,1.9928314685821533,,
0,7679,,0.001792114693671465,,1.9964157342910767,,
0,7689,,0.00358422938734293,,1.9928314685821533,,
0,7699,,0.001792114693671465,,1.9964157342910767,,
0,7709,,0.005376344081014395,,1.98924720287323,,
0,7719,,0.001792114693671465,,1.9964157342910767,,
0,7729,,0.0,,2.0,,
0,7739,,0.001792114693671465,,1.9964157342910767,,
0,7749,,0.0,,2.0,,
0,7759,,0.001792114693671465,,1.9964157342910767,,
0,7769,,0.00358422938734293,,1.9928314685821533,,
0,7779,,0.0,,2.0,,
0,7789,,0.001792114693671465,,1.9964157342910767,,
0,7799,,0.00358422938734293,,1.9928314685821533,,
0,7809,,0.001792114693671465,,1.9964157342910767,,
0,7819,,0.001792114693671465,,1.9964157342910767,,
0,7829,,0.00358422938734293,,1.9928314685821533,,
0,7839,,0.00358422938734293,,1.9928314685821533,,
0,7849,,0.0,,2.0,,
0,7859,,0.0,,2.0,,
0,7869,,0.0,,2.0,,
0,7879,,0.001792114693671465,,1.9964157342910767,,
0,7889,,0.001792114693671465,,1.9964157342910767,,
0,7899,,0.00358422938734293,,1.9928314685821533,,
0,7909,,0.0,,2.0,,
0,7919,,0.001792114693671465,,1.9964157342910767,,
0,7929,,0.001792114693671465,,1.9964157342910767,,
0,7939,,0.001792114693671465,,1.9964157342910767,,
0,7949,,0.0,,2.0,,
0,7959,,0.001792114693671465,,1.9964157342910767,,
0,7969,,0.0,,2.0,,
0,7979,,0.00358422938734293,,1.9928314685821533,,
0,7989,,0.001792114693671465,,1.9964157342910767,,
0,7999,,0.00358422938734293,,1.9928314685821533,,
0,8009,,0.001792114693671465,,1.9964157342910767,,
0,8019,,0.005376344081014395,,1.9892473220825195,,
0,8029,,0.0,,2.0,,
0,8039,,0.001792114693671465,,1.9964157342910767,,
0,8049,,0.001792114693671465,,1.9964157342910767,,
0,8059,,0.0,,2.0,,
0,8069,,0.0,,2.0,,
0,8079,,0.0,,2.0,,
0,8089,,0.00358422938734293,,1.9928314685821533,,
0,8099,,0.0,,2.0,,
0,8109,,0.0,,2.0,,
0,8119,,0.005376344081014395,,1.98924720287323,,
0,8129,,0.001792114693671465,,1.9964157342910767,,
0,8139,,0.0,,2.0,,
0,8149,,0.0,,2.0,,
0,8159,,0.001792114693671465,,1.9964157342910767,,
0,8169,,0.00358422938734293,,1.9928314685821533,,
0,8179,,0.00716845877468586,,1.9856629371643066,,
0,8189,,0.00358422938734293,,1.9928314685821533,,
0,8199,,0.0,,2.0,,
0,8209,,0.00358422938734293,,1.9928314685821533,,
0,8219,,0.0,,2.0,,
0,8229,,0.001792114693671465,,1.9964157342910767,,
0,8239,,0.00358422938734293,,1.9928314685821533,,
0,8249,,0.00358422938734293,,1.9928314685821533,,
0,8259,,0.0,,2.0,,
0,8269,,0.0,,2.0,,
0,8279,,0.0,,2.0,,
0,8289,,0.0,,2.0,,
0,8299,,0.001792114693671465,,1.9964157342910767,,
0,8309,,0.0,,2.0,,
0,8319,,0.001792114693671465,,1.9964157342910767,,
0,8329,,0.0,,2.0,,
0,8339,,0.00358422938734293,,1.9928314685821533,,
0,8349,,0.001792114693671465,,1.9964157342910767,,
0,8359,,0.001792114693671465,,1.9964157342910767,,
0,8369,,0.0,,2.0,,
0,8379,,0.001792114693671465,,1.9964157342910767,,
0,8389,,0.0,,2.0,,
0,8399,,0.0,,2.0,,
0,8409,,0.0,,2.0,,
0,8419,,0.00358422938734293,,1.9928314685821533,,
0,8429,,0.001792114693671465,,1.9964157342910767,,
0,8439,,0.001792114693671465,,1.9964157342910767,,
0,8449,,0.0,,2.0,,
0,8459,,0.0,,2.0,,
0,8469,,0.005376344081014395,,1.98924720287323,,
0,8479,,0.00358422938734293,,1.9928314685821533,,
0,8489,,0.001792114693671465,,1.9964157342910767,,
0,8499,,0.0,,2.0,,
0,8509,,0.0,,2.0,,
0,8519,,0.0,,2.0,,
0,8529,,0.0,,2.0,,
0,8539,,0.0,,2.0,,
0,8549,,0.00358422938734293,,1.9928314685821533,,
0,8559,,0.00716845877468586,,1.9856630563735962,,
0,8569,,0.005376344081014395,,1.9892473220825195,,
0,8579,,0.0,,2.0,,
0,8589,,0.001792114693671465,,1.9964157342910767,,
0,8599,,0.001792114693671465,,1.9964157342910767,,
0,8609,,0.0,,2.0,,
0,8619,,0.00358422938734293,,1.9928314685821533,,
0,8629,,0.001792114693671465,,1.9964157342910767,,
0,8639,,0.001792114693671465,,1.9964157342910767,,
0,8649,,0.0,,2.0,,
0,8659,,0.001792114693671465,,1.9964157342910767,,
0,8669,,0.0,,2.0,,
0,8679,,0.005376344081014395,,1.9892473220825195,,
0,8689,,0.001792114693671465,,1.9964157342910767,,
0,8699,,0.001792114693671465,,1.9964157342910767,,
0,8709,,0.0,,2.0,,
0,8719,,0.001792114693671465,,1.9964157342910767,,
0,8729,,0.0,,2.0,,
0,8739,,0.0,,2.0,,
0,8749,,0.001792114693671465,,1.9964157342910767,,
0,8759,,0.00358422938734293,,1.9928314685821533,,
0,8769,,0.001792114693671465,,1.9964157342910767,,
0,8779,,0.001792114693671465,,1.9964157342910767,,
0,8789,,0.0,,2.0,,
0,8799,,0.001792114693671465,,1.9964157342910767,,
0,8809,,0.001792114693671465,,1.9964157342910767,,
0,8819,,0.001792114693671465,,1.9964157342910767,,
0,8829,,0.001792114693671465,,1.9964157342910767,,
0,8839,,0.00358422938734293,,1.9928314685821533,,
0,8849,,0.0,,2.0,,
0,8859,,0.001792114693671465,,1.9964157342910767,,
0,8869,,0.0,,2.0,,
0,8879,,0.001792114693671465,,1.9964157342910767,,
0,8889,,0.00716845877468586,,1.9856630563735962,,
0,8899,,0.0,,2.0,,
0,8909,,0.0,,2.0,,
0,8919,,0.00716845877468586,,1.9856630563735962,,
0,8929,,0.0,,2.0,,
0,8939,,0.00358422938734293,,1.9928314685821533,,
0,8949,,0.001792114693671465,,1.9964157342910767,,
0,8959,,0.001792114693671465,,1.9964157342910767,,
0,8969,,0.0,,2.0,,
0,8979,,0.00358422938734293,,1.9928314685821533,,
0,8989,,0.00716845877468586,,1.9856630563735962,,
0,8999,,0.001792114693671465,,1.9964157342910767,,
0,9009,,0.001792114693671465,,1.9964157342910767,,
0,9019,,0.0,,2.0,,
0,9029,,0.001792114693671465,,1.9964157342910767,,
0,9039,,0.0,,2.0,,
0,9049,,0.0,,2.0,,
0,9059,,0.0,,2.0,,
0,9069,,0.0,,2.0,,
0,9079,,0.001792114693671465,,1.9964157342910767,,
0,9089,,0.001792114693671465,,1.9964157342910767,,
0,9099,,0.001792114693671465,,1.9964157342910767,,
0,9109,,0.0,,2.0,,
0,9119,,0.0,,2.0,,
0,9129,,0.001792114693671465,,1.9964157342910767,,
0,9139,,0.0,,2.0,,
0,9149,,0.001792114693671465,,1.9964157342910767,,
0,9159,,0.005376344081014395,,1.98924720287323,,
0,9169,,0.005376344081014395,,1.9892473220825195,,
0,9179,,0.0,,2.0,,
0,9189,,0.001792114693671465,,1.9964157342910767,,
0,9199,,0.00358422938734293,,1.9928314685821533,,
0,9209,,0.001792114693671465,,1.9964157342910767,,
0,9219,,0.00358422938734293,,1.9928314685821533,,
0,9229,,0.001792114693671465,,1.9964157342910767,,
0,9239,,0.0,,2.0,,
0,9249,,0.0,,2.0,,
0,9259,,0.00358422938734293,,1.9928314685821533,,
0,9269,,0.001792114693671465,,1.9964157342910767,,
0,9279,,0.0,,2.0,,
0,9289,,0.00716845877468586,,1.9856629371643066,,
0,9299,,0.00358422938734293,,1.9928314685821533,,
0,9309,,0.0,,2.0,,
0,9319,,0.001792114693671465,,1.9964157342910767,,
0,9329,,0.0,,2.0,,
0,9339,,0.005376344081014395,,1.98924720287323,,
0,9349,,0.001792114693671465,,1.9964157342910767,,
0,9359,,0.001792114693671465,,1.9964157342910767,,
0,9369,,0.001792114693671465,,1.9964157342910767,,
0,9379,,0.0,,2.0,,
0,9389,,0.001792114693671465,,1.9964157342910767,,
0,9399,,0.005376344081014395,,1.98924720287323,,
0,9409,,0.001792114693671465,,1.9964157342910767,,
0,9419,,0.001792114693671465,,1.9964157342910767,,
0,9429,,0.001792114693671465,,1.9964157342910767,,
0,9439,,0.001792114693671465,,1.9964157342910767,,
0,9449,,0.001792114693671465,,1.9964157342910767,,
0,9459,,0.0,,2.0,,
0,9469,,0.001792114693671465,,1.9964157342910767,,
0,9479,,0.0,,2.0,,
0,9489,,0.001792114693671465,,1.9964157342910767,,
0,9499,,0.0,,2.0,,
0,9509,,0.0,,2.0,,
0,9519,,0.001792114693671465,,1.9964157342910767,,
0,9529,,0.001792114693671465,,1.9964157342910767,,
0,9539,,0.0,,2.0,,
0,9549,,0.005376344081014395,,1.9892473220825195,,
0,9559,,0.0,,2.0,,
0,9569,,0.005376344081014395,,1.9892473220825195,,
0,9579,,0.0,,2.0,,
0,9589,,0.001792114693671465,,1.9964157342910767,,
0,9599,,0.0,,2.0,,
0,9609,,0.0,,2.0,,
0,9619,,0.0,,2.0,,
0,9629,,0.005376344081014395,,1.9892473220825195,,
0,9639,,0.001792114693671465,,1.9964157342910767,,
0,9649,,0.00358422938734293,,1.9928314685821533,,
0,9659,,0.005376344081014395,,1.9892473220825195,,
0,9669,,0.001792114693671465,,1.9964157342910767,,
0,9679,,0.001792114693671465,,1.9964157342910767,,
0,9689,,0.0,,2.0,,
0,9699,,0.001792114693671465,,1.9964157342910767,,
0,9709,,0.005376344081014395,,1.98924720287323,,
0,9719,,0.005376344081014395,,1.98924720287323,,
0,9729,,0.0,,2.0,,
0,9739,,0.0,,2.0,,
0,9749,,0.001792114693671465,,1.9964157342910767,,
0,9759,,0.001792114693671465,,1.9964157342910767,,
0,9769,,0.00358422938734293,,1.9928314685821533,,
0,9779,,0.0,,2.0,,
0,9789,,0.0,,2.0,,
0,9799,,0.0,,2.0,,
0,9809,,0.0,,2.0,,
0,9819,,0.001792114693671465,,1.9964157342910767,,
0,9829,,0.001792114693671465,,1.9964157342910767,,
0,9839,,0.001792114693671465,,1.9964157342910767,,
0,9849,,0.0,,2.0,,
0,9859,,0.001792114693671465,,1.9964157342910767,,
0,9869,,0.0,,2.0,,
0,9879,,0.001792114693671465,,1.9964157342910767,,
0,9889,,0.0,,2.0,,
0,9899,,0.0,,2.0,,
0,9909,,0.0,,2.0,,
0,9919,,0.0,,2.0,,
0,9929,,0.001792114693671465,,1.9964157342910767,,
0,9939,,0.001792114693671465,,1.9964157342910767,,
0,9949,,0.00358422938734293,,1.9928314685821533,,
0,9959,,0.0,,2.0,,
0,9969,,0.001792114693671465,,1.9964157342910767,,
0,9979,,0.0,,2.0,,
0,9989,,0.001792114693671465,,1.9964157342910767,,
0,9999,,0.0,,2.0,,
0,10009,,0.0,,2.0,,
0,10019,,0.0,,2.0,,
0,10029,,0.001792114693671465,,1.9964157342910767,,
0,10039,,0.001792114693671465,,1.9964157342910767,,
0,10049,,0.00358422938734293,,1.9928314685821533,,
0,10059,,0.0,,2.0,,
0,10069,,0.00358422938734293,,1.9928314685821533,,
0,10079,,0.0,,2.0,,
0,10089,,0.0,,2.0,,
0,10099,,0.001792114693671465,,1.9964157342910767,,
0,10109,,0.001792114693671465,,1.9964157342910767,,
0,10119,,0.0,,2.0,,
0,10129,,0.0,,2.0,,
0,10139,,0.001792114693671465,,1.9964157342910767,,
0,10149,,0.001792114693671465,,1.9964157342910767,,
0,10159,,0.001792114693671465,,1.9964157342910767,,
0,10169,,0.0,,2.0,,
0,10179,,0.0,,2.0,,
0,10189,,0.001792114693671465,,1.9964157342910767,,
0,10199,,0.00358422938734293,,1.9928314685821533,,
0,10209,,0.001792114693671465,,1.9964157342910767,,
0,10219,,0.0,,2.0,,
0,10229,,0.00716845877468586,,1.9856629371643066,,
0,10239,,0.001792114693671465,,1.9964157342910767,,
0,10249,,0.001792114693671465,,1.9964157342910767,,
0,10259,,0.00358422938734293,,1.9928314685821533,,
0,10269,,0.0,,2.0,,
0,10279,,0.001792114693671465,,1.9964157342910767,,
0,10289,,0.00716845877468586,,1.9856630563735962,,
0,10299,,0.001792114693671465,,1.9964157342910767,,
0,10309,,0.0,,2.0,,
0,10319,,0.0,,2.0,,
0,10329,,0.0,,2.0,,
0,10339,,0.0,,2.0,,
0,10349,,0.00358422938734293,,1.9928314685821533,,
0,10359,,0.001792114693671465,,1.9964157342910767,,
0,10369,,0.001792114693671465,,1.9964157342910767,,
0,10379,,0.00358422938734293,,1.9928314685821533,,
0,10389,,0.0,,2.0,,
0,10399,,0.00358422938734293,,1.9928314685821533,,
0,10409,,0.001792114693671465,,1.9964157342910767,,
0,10419,,0.0,,2.0,,
0,10429,,0.001792114693671465,,1.9964157342910767,,
0,10439,,0.00358422938734293,,1.9928314685821533,,
0,10449,,0.001792114693671465,,1.9964157342910767,,
0,10459,,0.00358422938734293,,1.9928314685821533,,
0,10469,,0.001792114693671465,,1.9964157342910767,,
0,10479,,0.00358422938734293,,1.9928314685821533,,
0,10489,,0.001792114693671465,,1.9964157342910767,,
0,10499,,0.005376344081014395,,1.98924720287323,,
0,10509,,0.0,,2.0,,
0,10519,,0.00358422938734293,,1.9928314685821533,,
0,10529,,0.0,,2.0,,
0,10539,,0.0,,2.0,,
0,10549,,0.00358422938734293,,1.9928314685821533,,
0,10559,,0.001792114693671465,,1.9964157342910767,,
0,10569,,0.001792114693671465,,1.9964157342910767,,
0,10579,,0.005376344081014395,,1.9892473220825195,,
0,10589,,0.001792114693671465,,1.9964157342910767,,
0,10599,,0.005376344081014395,,1.98924720287323,,
0,10609,,0.005376344081014395,,1.9892473220825195,,
0,10619,,0.0,,2.0,,
0,10629,,0.001792114693671465,,1.9964157342910767,,
0,10639,,0.001792114693671465,,1.9964157342910767,,
0,10649,,0.0,,2.0,,
0,10659,,0.00358422938734293,,1.9928314685821533,,
0,10669,,0.001792114693671465,,1.9964157342910767,,
0,10679,,0.0,,2.0,,
0,10689,,0.0,,2.0,,
0,10699,,0.0,,2.0,,
0,10709,,0.001792114693671465,,1.9964157342910767,,
0,10719,,0.001792114693671465,,1.9964157342910767,,
0,10729,,0.001792114693671465,,1.9964157342910767,,
0,10739,,0.001792114693671465,,1.9964157342910767,,
0,10749,,0.001792114693671465,,1.9964157342910767,,
0,10759,,0.005376344081014395,,1.9892473220825195,,
0,10769,,0.005376344081014395,,1.9892473220825195,,
0,10779,,0.0,,2.0,,
0,10789,,0.0,,2.0,,
0,10799,,0.001792114693671465,,1.9964157342910767,,
0,10809,,0.001792114693671465,,1.9964157342910767,,
0,10819,,0.001792114693671465,,1.9964157342910767,,
0,10829,,0.0,,2.0,,
0,10839,,0.00358422938734293,,1.9928314685821533,,
0,10849,,0.001792114693671465,,1.9964157342910767,,
0,10859,,0.0,,2.0,,
0,10869,,0.0,,2.0,,
0,10879,,0.0,,2.0,,
0,10889,,0.001792114693671465,,1.9964157342910767,,
0,10899,,0.00358422938734293,,1.9928314685821533,,
0,10909,,0.001792114693671465,,1.9964157342910767,,
0,10919,,0.001792114693671465,,1.9964157342910767,,
0,10929,,0.0,,2.0,,
0,10939,,0.0,,2.0,,
0,10949,,0.001792114693671465,,1.9964157342910767,,
0,10959,,0.001792114693671465,,1.9964157342910767,,
0,10969,,0.001792114693671465,,1.9964157342910767,,
0,10979,,0.001792114693671465,,1.9964157342910767,,
0,10989,,0.0,,2.0,,
0,10999,,0.00358422938734293,,1.9928314685821533,,
0,11009,,0.001792114693671465,,1.9964157342910767,,
0,11019,,0.001792114693671465,,1.9964157342910767,,
0,11029,,0.001792114693671465,,1.9964157342910767,,
0,11039,,0.0,,2.0,,
0,11049,,0.001792114693671465,,1.9964157342910767,,
0,11059,,0.005376344081014395,,1.9892473220825195,,
0,11069,,0.001792114693671465,,1.9964157342910767,,
0,11079,,0.001792114693671465,,1.9964157342910767,,
0,11089,,0.001792114693671465,,1.9964157342910767,,
0,11099,,0.0,,2.0,,
0,11109,,0.001792114693671465,,1.9964157342910767,,
0,11119,,0.001792114693671465,,1.9964157342910767,,
0,11129,,0.001792114693671465,,1.9964157342910767,,
0,11139,,0.001792114693671465,,1.9964157342910767,,
0,11149,,0.00358422938734293,,1.9928314685821533,,
0,11159,,0.001792114693671465,,1.9964157342910767,,
0,11169,,0.001792114693671465,,1.9964157342910767,,
0,11179,,0.001792114693671465,,1.9964157342910767,,
0,11189,,0.00358422938734293,,1.9928314685821533,,
0,11199,,0.001792114693671465,,1.9964157342910767,,
0,11209,,0.001792114693671465,,1.9964157342910767,,
0,11219,,0.0,,2.0,,
0,11229,,0.0,,2.0,,
0,11239,,0.0,,2.0,,
0,11249,,0.001792114693671465,,1.9964157342910767,,
0,11259,,0.0,,2.0,,
0,11269,,0.00358422938734293,,1.9928314685821533,,
0,11279,,0.0,,2.0,,
0,11289,,0.001792114693671465,,1.9964157342910767,,
0,11299,,0.001792114693671465,,1.9964157342910767,,
0,11309,,0.0,,2.0,,
0,11319,,0.00716845877468586,,1.9856630563735962,,
0,11329,,0.001792114693671465,,1.9964157342910767,,
0,11339,,0.0,,2.0,,
0,11349,,0.0,,2.0,,
0,11359,,0.0,,2.0,,
0,11369,,0.005376344081014395,,1.9892473220825195,,
0,11379,,0.001792114693671465,,1.9964157342910767,,
0,11389,,0.00358422938734293,,1.9928314685821533,,
0,11399,,0.0,,2.0,,
0,11409,,0.00716845877468586,,1.9856630563735962,,
0,11419,,0.001792114693671465,,1.9964157342910767,,
0,11429,,0.0,,2.0,,
0,11439,,0.001792114693671465,,1.9964157342910767,,
0,11449,,0.001792114693671465,,1.9964157342910767,,
0,11459,,0.001792114693671465,,1.9964157342910767,,
0,11469,,0.0,,2.0,,
0,11479,,0.001792114693671465,,1.9964157342910767,,
0,11489,,0.0,,2.0,,
0,11499,,0.00358422938734293,,1.9928314685821533,,
0,11509,,0.00358422938734293,,1.9928314685821533,,
0,11519,,0.0,,2.0,,
0,11529,,0.00358422938734293,,1.9928314685821533,,
0,11539,,0.0,,2.0,,
0,11549,,0.001792114693671465,,1.9964157342910767,,
0,11559,,0.001792114693671465,,1.9964157342910767,,
0,11569,,0.00358422938734293,,1.9928314685821533,,
0,11579,,0.001792114693671465,,1.9964157342910767,,
0,11589,,0.0,,2.0,,
0,11599,,0.00358422938734293,,1.9928314685821533,,
0,11609,,0.00358422938734293,,1.9928314685821533,,
0,11619,,0.0,,2.0,,
0,11629,,0.001792114693671465,,1.9964157342910767,,
0,11639,,0.0,,2.0,,
0,11649,,0.0,,2.0,,
0,11659,,0.001792114693671465,,1.9964157342910767,,
0,11669,,0.0,,2.0,,
0,11679,,0.001792114693671465,,1.9964157342910767,,
0,11689,,0.0,,2.0,,
0,11699,,0.001792114693671465,,1.9964157342910767,,
0,11709,,0.00716845877468586,,1.9856629371643066,,
0,11719,,0.0,,2.0,,
0,11729,,0.00358422938734293,,1.9928314685821533,,
0,11739,,0.00358422938734293,,1.9928314685821533,,
0,11749,,0.001792114693671465,,1.9964157342910767,,
0,11759,,0.001792114693671465,,1.9964157342910767,,
0,11769,,0.0,,2.0,,
0,11779,,0.00358422938734293,,1.9928314685821533,,
0,11789,,0.001792114693671465,,1.9964157342910767,,
0,11799,,0.00358422938734293,,1.9928314685821533,,
0,11809,,0.00358422938734293,,1.9928314685821533,,
0,11819,,0.0,,2.0,,
0,11829,,0.0,,2.0,,
0,11839,,0.001792114693671465,,1.9964157342910767,,
0,11849,,0.001792114693671465,,1.9964157342910767,,
0,11859,,0.00358422938734293,,1.9928314685821533,,
0,11869,,0.0,,2.0,,
0,11879,,0.0,,2.0,,
0,11889,,0.0,,2.0,,
0,11899,,0.001792114693671465,,1.9964157342910767,,
0,11909,,0.0,,2.0,,
0,11919,,0.00358422938734293,,1.9928314685821533,,
0,11929,,0.00358422938734293,,1.9928314685821533,,
0,11939,,0.001792114693671465,,1.9964157342910767,,
0,11949,,0.0,,2.0,,
0,11959,,0.001792114693671465,,1.9964157342910767,,
0,11969,,0.001792114693671465,,1.9964157342910767,,
0,11979,,0.001792114693671465,,1.9964157342910767,,
0,11989,,0.005376344081014395,,1.9892473220825195,,
0,11999,,0.0,,2.0,,
0,12009,,0.0,,2.0,,
0,12019,,0.001792114693671465,,1.9964157342910767,,
0,12029,,0.0,,2.0,,
0,12039,,0.00358422938734293,,1.9928314685821533,,
0,12049,,0.0,,2.0,,
0,12059,,0.001792114693671465,,1.9964157342910767,,
0,12069,,0.001792114693671465,,1.9964157342910767,,
0,12079,,0.005376344081014395,,1.9892473220825195,,
0,12089,,0.00358422938734293,,1.9928314685821533,,
0,12099,,0.0,,2.0,,
0,12109,,0.001792114693671465,,1.9964157342910767,,
0,12119,,0.0,,2.0,,
0,12129,,0.005376344081014395,,1.98924720287323,,
0,12139,,0.001792114693671465,,1.9964157342910767,,
0,12149,,0.00358422938734293,,1.9928314685821533,,
0,12159,,0.00358422938734293,,1.9928314685821533,,
0,12169,,0.001792114693671465,,1.9964157342910767,,
0,12179,,0.001792114693671465,,1.9964157342910767,,
0,12189,,0.00358422938734293,,1.9928314685821533,,
0,12199,,0.0,,2.0,,
0,12209,,0.001792114693671465,,1.9964157342910767,,
0,12219,,0.001792114693671465,,1.9964157342910767,,
0,12229,,0.001792114693671465,,1.9964157342910767,,
0,12239,,0.0,,2.0,,
0,12249,,0.0,,2.0,,
0,12259,,0.0,,2.0,,
0,12269,,0.001792114693671465,,1.9964157342910767,,
0,12279,,0.005376344081014395,,1.9892473220825195,,
0,12289,,0.001792114693671465,,1.9964157342910767,,
0,12299,,0.001792114693671465,,1.9964157342910767,,
0,12309,,0.001792114693671465,,1.9964157342910767,,
0,12319,,0.005376344081014395,,1.98924720287323,,
0,12329,,0.00358422938734293,,1.9928314685821533,,
0,12339,,0.0,,2.0,,
0,12349,,0.0,,2.0,,
0,12359,,0.001792114693671465,,1.9964157342910767,,
0,12369,,0.00358422938734293,,1.9928314685821533,,
0,12379,,0.0,,2.0,,
0,12389,,0.00358422938734293,,1.9928314685821533,,
0,12399,,0.001792114693671465,,1.9964157342910767,,
0,12409,,0.0,,2.0,,
0,12419,,0.0,,2.0,,
0,12429,,0.0,,2.0,,
0,12439,,0.001792114693671465,,1.9964157342910767,,
0,12449,,0.00358422938734293,,1.9928314685821533,,
0,12459,,0.001792114693671465,,1.9964157342910767,,
0,12469,,0.0,,2.0,,
0,12479,,0.0,,2.0,,
0,12489,,0.00716845877468586,,1.9856629371643066,,
0,12499,,0.0,,2.0,,
0,12509,,0.001792114693671465,,1.9964157342910767,,
0,12519,,0.00716845877468586,,1.9856629371643066,,
0,12529,,0.0,,2.0,,
0,12539,,0.0,,2.0,,
0,12549,,0.001792114693671465,,1.9964157342910767,,
0,12559,,0.00716845877468586,,1.9856629371643066,,
0,12569,,0.0,,2.0,,
0,12579,,0.0,,2.0,,
0,12589,,0.00358422938734293,,1.9928314685821533,,
0,12599,,0.0,,2.0,,
0,12609,,0.0,,2.0,,
0,12619,,0.00716845877468586,,1.9856629371643066,,
0,12629,,0.0,,2.0,,
0,12639,,0.001792114693671465,,1.9964157342910767,,
0,12649,,0.001792114693671465,,1.9964157342910767,,
0,12659,,0.0,,2.0,,
0,12669,,0.001792114693671465,,1.9964157342910767,,
0,12679,,0.0,,2.0,,
0,12689,,0.0,,2.0,,
0,12699,,0.001792114693671465,,1.9964157342910767,,
0,12709,,0.00358422938734293,,1.9928314685821533,,
0,12719,,0.0,,2.0,,
0,12729,,0.0,,2.0,,
0,12739,,0.0,,2.0,,
0,12749,,0.0,,2.0,,
0,12759,,0.001792114693671465,,1.9964157342910767,,
0,12769,,0.00358422938734293,,1.9928314685821533,,
0,12779,,0.001792114693671465,,1.9964157342910767,,
0,12789,,0.0,,2.0,,
0,12799,,0.0,,2.0,,
0,12809,,0.0,,2.0,,
0,12819,,0.00358422938734293,,1.9928314685821533,,
0,12829,,0.001792114693671465,,1.9964157342910767,,
0,12839,,0.00358422938734293,,1.9928314685821533,,
0,12849,,0.001792114693671465,,1.9964157342910767,,
0,12859,,0.00358422938734293,,1.9928314685821533,,
0,12869,,0.0,,2.0,,
0,12879,,0.0,,2.0,,
0,12889,,0.001792114693671465,,1.9964157342910767,,
0,12899,,0.00358422938734293,,1.9928314685821533,,
0,12909,,0.001792114693671465,,1.9964157342910767,,
0,12919,,0.00358422938734293,,1.9928314685821533,,
0,12929,,0.005376344081014395,,1.9892473220825195,,
0,12939,,0.005376344081014395,,1.9892473220825195,,
0,12949,,0.001792114693671465,,1.9964157342910767,,
0,12959,,0.001792114693671465,,1.9964157342910767,,
0,12969,,0.00358422938734293,,1.9928314685821533,,
0,12979,,0.0,,2.0,,
0,12989,,0.00358422938734293,,1.9928314685821533,,
0,12999,,0.0,,2.0,,
0,13009,,0.001792114693671465,,1.9964157342910767,,
0,13019,,0.001792114693671465,,1.9964157342910767,,
0,13029,,0.0,,2.0,,
0,13039,,0.00358422938734293,,1.9928314685821533,,
0,13049,,0.0,,2.0,,
0,13059,,0.0,,2.0,,
0,13069,,0.001792114693671465,,1.9964157342910767,,
0,13079,,0.001792114693671465,,1.9964157342910767,,
0,13089,,0.0,,2.0,,
0,13099,,0.0,,2.0,,
0,13109,,0.0,,2.0,,
0,13119,,0.001792114693671465,,1.9964157342910767,,
0,13129,,0.00358422938734293,,1.9928314685821533,,
0,13139,,0.00358422938734293,,1.9928314685821533,,
0,13149,,0.0,,2.0,,
0,13159,,0.0,,2.0,,
0,13169,,0.001792114693671465,,1.9964157342910767,,
0,13179,,0.001792114693671465,,1.9964157342910767,,
0,13189,,0.005376344081014395,,1.9892473220825195,,
0,13199,,0.00358422938734293,,1.9928314685821533,,
0,13209,,0.001792114693671465,,1.9964157342910767,,
0,13219,,0.0,,2.0,,
0,13229,,0.001792114693671465,,1.9964157342910767,,
0,13239,,0.0,,2.0,,
0,13249,,0.001792114693671465,,1.9964157342910767,,
0,13259,,0.001792114693671465,,1.9964157342910767,,
0,13269,,0.0,,2.0,,
0,13279,,0.001792114693671465,,1.9964157342910767,,
0,13289,,0.00358422938734293,,1.9928314685821533,,
0,13299,,0.001792114693671465,,1.9964157342910767,,
0,13309,,0.001792114693671465,,1.9964157342910767,,
0,13319,,0.00358422938734293,,1.9928314685821533,,
0,13329,,0.0,,2.0,,
0,13339,,0.001792114693671465,,1.9964157342910767,,
0,13349,,0.0,,2.0,,
0,13359,,0.0,,2.0,,
0,13369,,0.001792114693671465,,1.9964157342910767,,
0,13379,,0.0,,2.0,,
0,13389,,0.00358422938734293,,1.9928314685821533,,
0,13399,,0.0,,2.0,,
0,13409,,0.001792114693671465,,1.9964157342910767,,
0,13419,,0.001792114693671465,,1.9964157342910767,,
0,13429,,0.0,,2.0,,
0,13439,,0.00358422938734293,,1.9928314685821533,,
0,13449,,0.001792114693671465,,1.9964157342910767,,
0,13459,,0.00358422938734293,,1.9928314685821533,,
0,13469,,0.00358422938734293,,1.9928314685821533,,
0,13479,,0.001792114693671465,,1.9964157342910767,,
0,13489,,0.0,,2.0,,
0,13499,,0.001792114693671465,,1.9964157342910767,,
0,13509,,0.0,,2.0,,
0,13519,,0.001792114693671465,,1.9964157342910767,,
0,13529,,0.0,,2.0,,
0,13539,,0.001792114693671465,,1.9964157342910767,,
0,13549,,0.0,,2.0,,
0,13559,,0.0,,2.0,,
0,13569,,0.0,,2.0,,
0,13579,,0.0,,2.0,,
0,13589,,0.001792114693671465,,1.9964157342910767,,
0,13599,,0.00358422938734293,,1.9928314685821533,,
0,13609,,0.0,,2.0,,
0,13619,,0.001792114693671465,,1.9964157342910767,,
0,13629,,0.00358422938734293,,1.9928314685821533,,
0,13639,,0.001792114693671465,,1.9964157342910767,,
0,13649,,0.0,,2.0,,
0,13659,,0.001792114693671465,,1.9964157342910767,,
0,13669,,0.00358422938734293,,1.9928314685821533,,
0,13679,,0.001792114693671465,,1.9964157342910767,,
0,13689,,0.001792114693671465,,1.9964157342910767,,
0,13699,,0.001792114693671465,,1.9964157342910767,,
0,13709,,0.0,,2.0,,
0,13719,,0.001792114693671465,,1.9964157342910767,,
0,13729,,0.0,,2.0,,
0,13739,,0.001792114693671465,,1.9964157342910767,,
0,13749,,0.001792114693671465,,1.9964157342910767,,
0,13759,,0.00358422938734293,,1.9928314685821533,,
0,13769,,0.001792114693671465,,1.9964157342910767,,
0,13779,,0.00358422938734293,,1.9928314685821533,,
0,13789,,0.0,,2.0,,
0,13799,,0.0,,2.0,,
0,13809,,0.001792114693671465,,1.9964157342910767,,
0,13819,,0.00358422938734293,,1.9928314685821533,,
0,13829,,0.005376344081014395,,1.98924720287323,,
0,13839,,0.0,,2.0,,
0,13849,,0.0,,2.0,,
0,13859,,0.00358422938734293,,1.9928314685821533,,
0,13869,,0.00358422938734293,,1.9928314685821533,,
0,13879,,0.00716845877468586,,1.9856630563735962,,
0,13889,,0.0,,2.0,,
0,13899,,0.00358422938734293,,1.9928314685821533,,
0,13909,,0.005376344081014395,,1.9892473220825195,,
0,13919,,0.0,,2.0,,
0,13929,,0.0,,2.0,,
0,13939,,0.00358422938734293,,1.9928314685821533,,
0,13949,,0.0,,2.0,,
0,13959,,0.0,,2.0,,
0,13969,,0.00358422938734293,,1.9928314685821533,,
0,13979,,0.001792114693671465,,1.9964157342910767,,
0,13989,,0.001792114693671465,,1.9964157342910767,,
0,13999,,0.0,,2.0,,
0,14009,,0.00358422938734293,,1.9928314685821533,,
0,14019,,0.001792114693671465,,1.9964157342910767,,
0,14029,,0.0,,2.0,,
0,14039,,0.001792114693671465,,1.9964157342910767,,
0,14049,,0.001792114693671465,,1.9964157342910767,,
0,14059,,0.0,,2.0,,
0,14069,,0.00358422938734293,,1.9928314685821533,,
0,14079,,0.001792114693671465,,1.9964157342910767,,
0,14089,,0.00358422938734293,,1.9928314685821533,,
0,14099,,0.00358422938734293,,1.9928314685821533,,
0,14109,,0.0,,2.0,,
0,14119,,0.001792114693671465,,1.9964157342910767,,
0,14129,,0.0,,2.0,,
0,14139,,0.0,,2.0,,
0,14149,,0.00358422938734293,,1.9928314685821533,,
0,14159,,0.001792114693671465,,1.9964157342910767,,
0,14169,,0.001792114693671465,,1.9964157342910767,,
0,14179,,0.005376344081014395,,1.98924720287323,,
0,14189,,0.0,,2.0,,
0,14199,,0.001792114693671465,,1.9964157342910767,,
0,14209,,0.001792114693671465,,1.9964157342910767,,
0,14219,,0.00358422938734293,,1.9928314685821533,,
0,14229,,0.001792114693671465,,1.9964157342910767,,
0,14239,,0.001792114693671465,,1.9964157342910767,,
0,14249,,0.0,,2.0,,
0,14259,,0.001792114693671465,,1.9964157342910767,,
0,14269,,0.00358422938734293,,1.9928314685821533,,
0,14279,,0.00358422938734293,,1.9928314685821533,,
0,14289,,0.00358422938734293,,1.9928314685821533,,
0,14299,,0.001792114693671465,,1.9964157342910767,,
0,14309,,0.00358422938734293,,1.9928314685821533,,
0,14319,,0.001792114693671465,,1.9964157342910767,,
0,14329,,0.001792114693671465,,1.9964157342910767,,
0,14339,,0.0,,2.0,,
0,14349,,0.001792114693671465,,1.9964157342910767,,
0,14359,,0.00358422938734293,,1.9928314685821533,,
0,14369,,0.001792114693671465,,1.9964157342910767,,
0,14379,,0.0,,2.0,,
0,14389,,0.0,,2.0,,
0,14399,,0.0,,2.0,,
0,14409,,0.001792114693671465,,1.9964157342910767,,
0,14419,,0.00358422938734293,,1.9928314685821533,,
0,14429,,0.0,,2.0,,
0,14439,,0.001792114693671465,,1.9964157342910767,,
0,14449,,0.0,,2.0,,
0,14459,,0.0,,2.0,,
0,14469,,0.00358422938734293,,1.9928314685821533,,
0,14479,,0.001792114693671465,,1.9964157342910767,,
0,14489,,0.0,,2.0,,
0,14499,,0.001792114693671465,,1.9964157342910767,,
0,14509,,0.001792114693671465,,1.9964157342910767,,
0,14519,,0.001792114693671465,,1.9964157342910767,,
0,14529,,0.001792114693671465,,1.9964157342910767,,
0,14539,,0.0,,2.0,,
0,14549,,0.00358422938734293,,1.9928314685821533,,
0,14559,,0.0,,2.0,,
0,14569,,0.0,,2.0,,
0,14579,,0.00358422938734293,,1.9928314685821533,,
0,14589,,0.001792114693671465,,1.9964157342910767,,
0,14599,,0.001792114693671465,,1.9964157342910767,,
0,14609,,0.00358422938734293,,1.9928314685821533,,
0,14619,,0.001792114693671465,,1.9964157342910767,,
0,14629,,0.001792114693671465,,1.9964157342910767,,
0,14639,,0.0,,2.0,,
0,14649,,0.0,,2.0,,
0,14659,,0.0,,2.0,,
0,14669,,0.0,,2.0,,
0,14679,,0.00358422938734293,,1.9928314685821533,,
0,14689,,0.00358422938734293,,1.9928314685821533,,
0,14699,,0.0,,2.0,,
0,14709,,0.0,,2.0,,
0,14719,,0.005376344081014395,,1.9892473220825195,,
0,14729,,0.0,,2.0,,
0,14739,,0.0,,2.0,,
0,14749,,0.00358422938734293,,1.9928314685821533,,
0,14759,,0.0,,2.0,,
0,14769,,0.001792114693671465,,1.9964157342910767,,
0,14779,,0.005376344081014395,,1.9892473220825195,,
0,14789,,0.0,,2.0,,
0,14799,,0.0,,2.0,,
0,14809,,0.0,,2.0,,
0,14819,,0.001792114693671465,,1.9964157342910767,,
0,14829,,0.001792114693671465,,1.9964157342910767,,
0,14839,,0.0,,2.0,,
0,14849,,0.0,,2.0,,
0,14859,,0.0,,2.0,,
0,14869,,0.001792114693671465,,1.9964157342910767,,
0,14879,,0.001792114693671465,,1.9964157342910767,,
0,14889,,0.0,,2.0,,
0,14899,,0.001792114693671465,,1.9964157342910767,,
0,14909,,0.00716845877468586,,1.9856629371643066,,
0,14919,,0.001792114693671465,,1.9964157342910767,,
0,14929,,0.001792114693671465,,1.9964157342910767,,
0,14939,,0.001792114693671465,,1.9964157342910767,,
0,14949,,0.00358422938734293,,1.9928314685821533,,
0,14959,,0.0,,2.0,,
0,14969,,0.001792114693671465,,1.9964157342910767,,
0,14979,,0.001792114693671465,,1.9964157342910767,,
0,14989,,0.0,,2.0,,
0,14999,,0.001792114693671465,,1.9964157342910767,,
0,15009,,0.001792114693671465,,1.9964157342910767,,
0,15019,,0.00358422938734293,,1.9928314685821533,,
0,15029,,0.001792114693671465,,1.9964157342910767,,
0,15039,,0.00358422938734293,,1.9928314685821533,,
0,15049,,0.001792114693671465,,1.9964157342910767,,
0,15059,,0.001792114693671465,,1.9964157342910767,,
0,15069,,0.001792114693671465,,1.9964157342910767,,
0,15079,,0.00358422938734293,,1.9928314685821533,,
0,15089,,0.00358422938734293,,1.9928314685821533,,
0,15099,,0.0,,2.0,,
0,15109,,0.0,,2.0,,
0,15119,,0.00358422938734293,,1.9928314685821533,,
0,15129,,0.0,,2.0,,
0,15139,,0.001792114693671465,,1.9964157342910767,,
0,15149,,0.001792114693671465,,1.9964157342910767,,
0,15159,,0.0,,2.0,,
0,15169,,0.001792114693671465,,1.9964157342910767,,
0,15179,,0.0,,2.0,,
0,15189,,0.0,,2.0,,
0,15199,,0.001792114693671465,,1.9964157342910767,,
0,15209,,0.0,,2.0,,
0,15219,,0.0,,2.0,,
0,15229,,0.001792114693671465,,1.9964157342910767,,
0,15239,,0.001792114693671465,,1.9964157342910767,,
0,15249,,0.0,,2.0,,
0,15259,,0.001792114693671465,,1.9964157342910767,,
0,15269,,0.001792114693671465,,1.9964157342910767,,
0,15279,,0.0,,2.0,,
0,15287,,,,,0.0017686699284240603,1.9964627027511597
0,15287,0.001803954248316586,,1.9963921308517456,,,
1,15289,,0.00358422938734293,,1.9928314685821533,,
1,15299,,0.0,,2.0,,
1,15309,,0.005376344081014395,,1.98924720287323,,
1,15319,,0.001792114693671465,,1.9964157342910767,,
1,15329,,0.00358422938734293,,1.9928314685821533,,
1,15339,,0.0,,2.0,,
1,15349,,0.001792114693671465,,1.9964157342910767,,
1,15359,,0.00358422938734293,,1.9928314685821533,,
1,15369,,0.0,,2.0,,
1,15379,,0.0,,2.0,,
1,15389,,0.005376344081014395,,1.9892473220825195,,
1,15399,,0.001792114693671465,,1.9964157342910767,,
1,15409,,0.001792114693671465,,1.9964157342910767,,
1,15419,,0.001792114693671465,,1.9964157342910767,,
1,15429,,0.001792114693671465,,1.9964157342910767,,
1,15439,,0.00358422938734293,,1.9928314685821533,,
1,15449,,0.0,,2.0,,
1,15459,,0.0,,2.0,,
1,15469,,0.0,,2.0,,
1,15479,,0.001792114693671465,,1.9964157342910767,,
1,15489,,0.001792114693671465,,1.9964157342910767,,
1,15499,,0.00358422938734293,,1.9928314685821533,,
1,15509,,0.00358422938734293,,1.9928314685821533,,
1,15519,,0.001792114693671465,,1.9964157342910767,,
1,15529,,0.001792114693671465,,1.9964157342910767,,
1,15539,,0.0,,2.0,,
1,15549,,0.001792114693671465,,1.9964157342910767,,
1,15559,,0.0,,2.0,,
1,15569,,0.00358422938734293,,1.9928314685821533,,
1,15579,,0.001792114693671465,,1.9964157342910767,,
1,15589,,0.00358422938734293,,1.9928314685821533,,
1,15599,,0.00358422938734293,,1.9928314685821533,,
1,15609,,0.0,,2.0,,
1,15619,,0.00358422938734293,,1.9928314685821533,,
1,15629,,0.0,,2.0,,
1,15639,,0.001792114693671465,,1.9964157342910767,,
1,15649,,0.0,,2.0,,
1,15659,,0.001792114693671465,,1.9964157342910767,,
1,15669,,0.001792114693671465,,1.9964157342910767,,
1,15679,,0.005376344081014395,,1.9892473220825195,,
1,15689,,0.001792114693671465,,1.9964157342910767,,
1,15699,,0.001792114693671465,,1.9964157342910767,,
1,15709,,0.001792114693671465,,1.9964157342910767,,
1,15719,,0.001792114693671465,,1.9964157342910767,,
1,15729,,0.0,,2.0,,
1,15739,,0.00358422938734293,,1.9928314685821533,,
1,15749,,0.00358422938734293,,1.9928314685821533,,
1,15759,,0.001792114693671465,,1.9964157342910767,,
1,15769,,0.0,,2.0,,
1,15779,,0.0,,2.0,,
1,15789,,0.00358422938734293,,1.9928314685821533,,
1,15799,,0.00716845877468586,,1.9856630563735962,,
1,15809,,0.0,,2.0,,
1,15819,,0.001792114693671465,,1.9964157342910767,,
1,15829,,0.0,,2.0,,
1,15839,,0.001792114693671465,,1.9964157342910767,,
1,15849,,0.0,,2.0,,
1,15859,,0.001792114693671465,,1.9964157342910767,,
1,15869,,0.001792114693671465,,1.9964157342910767,,
1,15879,,0.00358422938734293,,1.9928314685821533,,
1,15889,,0.0,,2.0,,
1,15899,,0.001792114693671465,,1.9964157342910767,,
1,15909,,0.001792114693671465,,1.9964157342910767,,
1,15919,,0.001792114693671465,,1.9964157342910767,,
1,15929,,0.0,,2.0,,
1,15939,,0.0,,2.0,,
1,15949,,0.001792114693671465,,1.9964157342910767,,
1,15959,,0.00358422938734293,,1.9928314685821533,,
1,15969,,0.001792114693671465,,1.9964157342910767,,
1,15979,,0.0,,2.0,,
1,15989,,0.001792114693671465,,1.9964157342910767,,
1,15999,,0.001792114693671465,,1.9964157342910767,,
1,16009,,0.0,,2.0,,
1,16019,,0.001792114693671465,,1.9964157342910767,,
1,16029,,0.001792114693671465,,1.9964157342910767,,
1,16039,,0.0,,2.0,,
1,16049,,0.0,,2.0,,
1,16059,,0.001792114693671465,,1.9964157342910767,,
1,16069,,0.0,,2.0,,
1,16079,,0.00358422938734293,,1.9928314685821533,,
1,16089,,0.001792114693671465,,1.9964157342910767,,
1,16099,,0.0,,2.0,,
1,16109,,0.00358422938734293,,1.9928314685821533,,
1,16119,,0.00358422938734293,,1.9928314685821533,,
1,16129,,0.0,,2.0,,
1,16139,,0.005376344081014395,,1.98924720287323,,
1,16149,,0.0,,2.0,,
1,16159,,0.001792114693671465,,1.9964157342910767,,
1,16169,,0.0,,2.0,,
1,16179,,0.0,,2.0,,
1,16189,,0.0,,2.0,,
1,16199,,0.001792114693671465,,1.9964157342910767,,
1,16209,,0.001792114693671465,,1.9964157342910767,,
1,16219,,0.001792114693671465,,1.9964157342910767,,
1,16229,,0.0,,2.0,,
1,16239,,0.0,,2.0,,
1,16249,,0.00358422938734293,,1.9928314685821533,,
1,16259,,0.0,,2.0,,
1,16269,,0.0,,2.0,,
1,16279,,0.0,,2.0,,
1,16289,,0.001792114693671465,,1.9964157342910767,,
1,16299,,0.001792114693671465,,1.9964157342910767,,
1,16309,,0.0,,2.0,,
1,16319,,0.0,,2.0,,
1,16329,,0.0,,2.0,,
1,16339,,0.001792114693671465,,1.9964157342910767,,
1,16349,,0.0,,2.0,,
1,16359,,0.00358422938734293,,1.9928314685821533,,
1,16369,,0.0,,2.0,,
1,16379,,0.0,,2.0,,
1,16389,,0.001792114693671465,,1.9964157342910767,,
1,16399,,0.001792114693671465,,1.9964157342910767,,
1,16409,,0.0,,2.0,,
1,16419,,0.0,,2.0,,
1,16429,,0.00358422938734293,,1.9928314685821533,,
1,16439,,0.0,,2.0,,
1,16449,,0.005376344081014395,,1.98924720287323,,
1,16459,,0.001792114693671465,,1.9964157342910767,,
1,16469,,0.001792114693671465,,1.9964157342910767,,
1,16479,,0.00358422938734293,,1.9928314685821533,,
1,16489,,0.00358422938734293,,1.9928314685821533,,
1,16499,,0.0,,2.0,,
1,16509,,0.001792114693671465,,1.9964157342910767,,
1,16519,,0.00358422938734293,,1.9928314685821533,,
1,16529,,0.001792114693671465,,1.9964157342910767,,
1,16539,,0.001792114693671465,,1.9964157342910767,,
1,16549,,0.0,,2.0,,
1,16559,,0.0,,2.0,,
1,16569,,0.001792114693671465,,1.9964157342910767,,
1,16579,,0.0,,2.0,,
1,16589,,0.00358422938734293,,1.9928314685821533,,
1,16599,,0.00358422938734293,,1.9928314685821533,,
1,16609,,0.001792114693671465,,1.9964157342910767,,
1,16619,,0.0,,2.0,,
1,16629,,0.0,,2.0,,
1,16639,,0.001792114693671465,,1.9964157342910767,,
1,16649,,0.0,,2.0,,
1,16659,,0.0,,2.0,,
1,16669,,0.00358422938734293,,1.9928314685821533,,
1,16679,,0.00358422938734293,,1.9928314685821533,,
1,16689,,0.00716845877468586,,1.9856630563735962,,
1,16699,,0.00358422938734293,,1.9928314685821533,,
1,16709,,0.001792114693671465,,1.9964157342910767,,
1,16719,,0.0,,2.0,,
1,16729,,0.0,,2.0,,
1,16739,,0.00358422938734293,,1.9928314685821533,,
1,16749,,0.0,,2.0,,
1,16759,,0.00358422938734293,,1.9928314685821533,,
1,16769,,0.0,,2.0,,
1,16779,,0.0,,2.0,,
1,16789,,0.0,,2.0,,
1,16799,,0.001792114693671465,,1.9964157342910767,,
1,16809,,0.001792114693671465,,1.9964157342910767,,
1,16819,,0.001792114693671465,,1.9964157342910767,,
1,16829,,0.0,,2.0,,
1,16839,,0.00358422938734293,,1.9928314685821533,,
1,16849,,0.005376344081014395,,1.9892473220825195,,
1,16859,,0.001792114693671465,,1.9964157342910767,,
1,16869,,0.00358422938734293,,1.9928314685821533,,
1,16879,,0.00358422938734293,,1.9928314685821533,,
1,16889,,0.001792114693671465,,1.9964157342910767,,
1,16899,,0.001792114693671465,,1.9964157342910767,,
1,16909,,0.00358422938734293,,1.9928314685821533,,
1,16919,,0.001792114693671465,,1.9964157342910767,,
1,16929,,0.0,,2.0,,
1,16939,,0.001792114693671465,,1.9964157342910767,,
1,16949,,0.00358422938734293,,1.9928314685821533,,
1,16959,,0.00358422938734293,,1.9928314685821533,,
1,16969,,0.00358422938734293,,1.9928314685821533,,
1,16979,,0.001792114693671465,,1.9964157342910767,,
1,16989,,0.001792114693671465,,1.9964157342910767,,
1,16999,,0.001792114693671465,,1.9964157342910767,,
1,17009,,0.0,,2.0,,
1,17019,,0.00716845877468586,,1.9856630563735962,,
1,17029,,0.001792114693671465,,1.9964157342910767,,
1,17039,,0.001792114693671465,,1.9964157342910767,,
1,17049,,0.005376344081014395,,1.98924720287323,,
1,17059,,0.001792114693671465,,1.9964157342910767,,
1,17069,,0.001792114693671465,,1.9964157342910767,,
1,17079,,0.0,,2.0,,
1,17089,,0.0,,2.0,,
1,17099,,0.0,,2.0,,
1,17109,,0.001792114693671465,,1.9964157342910767,,
1,17119,,0.001792114693671465,,1.9964157342910767,,
1,17129,,0.001792114693671465,,1.9964157342910767,,
1,17139,,0.0,,2.0,,
1,17149,,0.00358422938734293,,1.9928314685821533,,
1,17159,,0.0,,2.0,,
1,17169,,0.005376344081014395,,1.9892473220825195,,
1,17179,,0.00358422938734293,,1.9928314685821533,,
1,17189,,0.00358422938734293,,1.9928314685821533,,
1,17199,,0.00358422938734293,,1.9928314685821533,,
1,17209,,0.001792114693671465,,1.9964157342910767,,
1,17219,,0.001792114693671465,,1.9964157342910767,,
1,17229,,0.00358422938734293,,1.9928314685821533,,
1,17239,,0.001792114693671465,,1.9964157342910767,,
1,17249,,0.0,,2.0,,
1,17259,,0.0,,2.0,,
1,17269,,0.0,,2.0,,
1,17279,,0.0,,2.0,,
1,17289,,0.0,,2.0,,
1,17299,,0.00716845877468586,,1.9856629371643066,,
1,17309,,0.001792114693671465,,1.9964157342910767,,
1,17319,,0.0,,2.0,,
1,17329,,0.0,,2.0,,
1,17339,,0.0,,2.0,,
1,17349,,0.0,,2.0,,
1,17359,,0.0,,2.0,,
1,17369,,0.001792114693671465,,1.9964157342910767,,
1,17379,,0.0,,2.0,,
1,17389,,0.001792114693671465,,1.9964157342910767,,
1,17399,,0.0,,2.0,,
1,17409,,0.001792114693671465,,1.9964157342910767,,
1,17419,,0.0,,2.0,,
1,17429,,0.001792114693671465,,1.9964157342910767,,
1,17439,,0.0,,2.0,,
1,17449,,0.0,,2.0,,
1,17459,,0.005376344081014395,,1.9892473220825195,,
1,17469,,0.005376344081014395,,1.98924720287323,,
1,17479,,0.00358422938734293,,1.9928314685821533,,
1,17489,,0.001792114693671465,,1.9964157342910767,,
1,17499,,0.00358422938734293,,1.9928314685821533,,
1,17509,,0.0,,2.0,,
1,17519,,0.0,,2.0,,
1,17529,,0.001792114693671465,,1.9964157342910767,,
1,17539,,0.0,,2.0,,
1,17549,,0.008960573934018612,,1.9820787906646729,,
1,17559,,0.0,,2.0,,
1,17569,,0.001792114693671465,,1.9964157342910767,,
1,17579,,0.0,,2.0,,
1,17589,,0.001792114693671465,,1.9964157342910767,,
1,17599,,0.0,,2.0,,
1,17609,,0.005376344081014395,,1.98924720287323,,
1,17619,,0.001792114693671465,,1.9964157342910767,,
1,17629,,0.0,,2.0,,
1,17639,,0.0,,2.0,,
1,17649,,0.0,,2.0,,
1,17659,,0.0,,2.0,,
1,17669,,0.001792114693671465,,1.9964157342910767,,
1,17679,,0.0,,2.0,,
1,17689,,0.001792114693671465,,1.9964157342910767,,
1,17699,,0.001792114693671465,,1.9964157342910767,,
1,17709,,0.0,,2.0,,
1,17719,,0.001792114693671465,,1.9964157342910767,,
1,17729,,0.00358422938734293,,1.9928314685821533,,
1,17739,,0.001792114693671465,,1.9964157342910767,,
1,17749,,0.001792114693671465,,1.9964157342910767,,
1,17759,,0.005376344081014395,,1.9892473220825195,,
1,17769,,0.001792114693671465,,1.9964157342910767,,
1,17779,,0.00358422938734293,,1.9928314685821533,,
1,17789,,0.005376344081014395,,1.98924720287323,,
1,17799,,0.001792114693671465,,1.9964157342910767,,
1,17809,,0.0,,2.0,,
1,17819,,0.001792114693671465,,1.9964157342910767,,
1,17829,,0.001792114693671465,,1.9964157342910767,,
1,17839,,0.001792114693671465,,1.9964157342910767,,
1,17849,,0.001792114693671465,,1.9964157342910767,,
1,17859,,0.001792114693671465,,1.9964157342910767,,
1,17869,,0.001792114693671465,,1.9964157342910767,,
1,17879,,0.00358422938734293,,1.9928314685821533,,
1,17889,,0.001792114693671465,,1.9964157342910767,,
1,17899,,0.00358422938734293,,1.9928314685821533,,
1,17909,,0.001792114693671465,,1.9964157342910767,,
1,17919,,0.001792114693671465,,1.9964157342910767,,
1,17929,,0.00358422938734293,,1.9928314685821533,,
1,17939,,0.001792114693671465,,1.9964157342910767,,
1,17949,,0.0,,2.0,,
1,17959,,0.001792114693671465,,1.9964157342910767,,
1,17969,,0.001792114693671465,,1.9964157342910767,,
1,17979,,0.001792114693671465,,1.9964157342910767,,
1,17989,,0.0,,2.0,,
1,17999,,0.0,,2.0,,
1,18009,,0.001792114693671465,,1.9964157342910767,,
1,18019,,0.005376344081014395,,1.9892473220825195,,
1,18029,,0.001792114693671465,,1.9964157342910767,,
1,18039,,0.0,,2.0,,
1,18049,,0.001792114693671465,,1.9964157342910767,,
1,18059,,0.00358422938734293,,1.9928314685821533,,
1,18069,,0.0,,2.0,,
1,18079,,0.001792114693671465,,1.9964157342910767,,
1,18089,,0.00358422938734293,,1.9928314685821533,,
1,18099,,0.0,,2.0,,
1,18109,,0.001792114693671465,,1.9964157342910767,,
1,18119,,0.0,,2.0,,
1,18129,,0.0,,2.0,,
1,18139,,0.001792114693671465,,1.9964157342910767,,
1,18149,,0.0,,2.0,,
1,18159,,0.001792114693671465,,1.9964157342910767,,
1,18169,,0.0,,2.0,,
1,18179,,0.005376344081014395,,1.9892473220825195,,
1,18189,,0.0,,2.0,,
1,18199,,0.0,,2.0,,
1,18209,,0.00358422938734293,,1.9928314685821533,,
1,18219,,0.001792114693671465,,1.9964157342910767,,
1,18229,,0.001792114693671465,,1.9964157342910767,,
1,18239,,0.0,,2.0,,
1,18249,,0.00358422938734293,,1.9928314685821533,,
1,18259,,0.0,,2.0,,
1,18269,,0.0,,2.0,,
1,18279,,0.0,,2.0,,
1,18289,,0.00358422938734293,,1.9928314685821533,,
1,18299,,0.0,,2.0,,
1,18309,,0.0,,2.0,,
1,18319,,0.005376344081014395,,1.9892473220825195,,
1,18329,,0.001792114693671465,,1.9964157342910767,,
1,18339,,0.001792114693671465,,1.9964157342910767,,
1,18349,,0.001792114693671465,,1.9964157342910767,,
1,18359,,0.00358422938734293,,1.9928314685821533,,
1,18369,,0.00358422938734293,,1.9928314685821533,,
1,18379,,0.00358422938734293,,1.9928314685821533,,
1,18389,,0.0,,2.0,,
1,18399,,0.001792114693671465,,1.9964157342910767,,
1,18409,,0.001792114693671465,,1.9964157342910767,,
1,18419,,0.00358422938734293,,1.9928314685821533,,
1,18429,,0.001792114693671465,,1.9964157342910767,,
1,18439,,0.00358422938734293,,1.9928314685821533,,
1,18449,,0.001792114693671465,,1.9964157342910767,,
1,18459,,0.0,,2.0,,
1,18469,,0.001792114693671465,,1.9964157342910767,,
1,18479,,0.00358422938734293,,1.9928314685821533,,
1,18489,,0.005376344081014395,,1.9892473220825195,,
1,18499,,0.0,,2.0,,
1,18509,,0.00358422938734293,,1.9928314685821533,,
1,18519,,0.00716845877468586,,1.9856630563735962,,
1,18529,,0.0,,2.0,,
1,18539,,0.001792114693671465,,1.9964157342910767,,
1,18549,,0.0,,2.0,,
1,18559,,0.0,,2.0,,
1,18569,,0.005376344081014395,,1.9892473220825195,,
1,18579,,0.001792114693671465,,1.9964157342910767,,
1,18589,,0.00358422938734293,,1.9928314685821533,,
1,18599,,0.0,,2.0,,
1,18609,,0.001792114693671465,,1.9964157342910767,,
1,18619,,0.0,,2.0,,
1,18629,,0.00358422938734293,,1.9928314685821533,,
1,18639,,0.00358422938734293,,1.9928314685821533,,
1,18649,,0.0,,2.0,,
1,18659,,0.00358422938734293,,1.9928314685821533,,
1,18669,,0.00358422938734293,,1.9928314685821533,,
1,18679,,0.005376344081014395,,1.98924720287323,,
1,18689,,0.00716845877468586,,1.9856629371643066,,
1,18699,,0.00358422938734293,,1.9928314685821533,,
1,18709,,0.00358422938734293,,1.9928314685821533,,
1,18719,,0.0,,2.0,,
1,18729,,0.001792114693671465,,1.9964157342910767,,
1,18739,,0.00358422938734293,,1.9928314685821533,,
1,18749,,0.0,,2.0,,
1,18759,,0.001792114693671465,,1.9964157342910767,,
1,18769,,0.00358422938734293,,1.9928314685821533,,
1,18779,,0.001792114693671465,,1.9964157342910767,,
1,18789,,0.001792114693671465,,1.9964157342910767,,
1,18799,,0.0,,2.0,,
1,18809,,0.001792114693671465,,1.9964157342910767,,
1,18819,,0.0,,2.0,,
1,18829,,0.0,,2.0,,
1,18839,,0.005376344081014395,,1.9892473220825195,,
1,18849,,0.00358422938734293,,1.9928314685821533,,
1,18859,,0.0,,2.0,,
1,18869,,0.0,,2.0,,
1,18879,,0.0,,2.0,,
1,18889,,0.001792114693671465,,1.9964157342910767,,
1,18899,,0.00358422938734293,,1.9928314685821533,,
1,18909,,0.0,,2.0,,
1,18919,,0.0,,2.0,,
1,18929,,0.001792114693671465,,1.9964157342910767,,
1,18939,,0.0,,2.0,,
1,18949,,0.001792114693671465,,1.9964157342910767,,
1,18959,,0.001792114693671465,,1.9964157342910767,,
1,18969,,0.005376344081014395,,1.98924720287323,,
1,18979,,0.001792114693671465,,1.9964157342910767,,
1,18989,,0.0,,2.0,,
1,18999,,0.00358422938734293,,1.9928314685821533,,
1,19009,,0.00358422938734293,,1.9928314685821533,,
1,19019,,0.001792114693671465,,1.9964157342910767,,
1,19029,,0.005376344081014395,,1.9892473220825195,,
1,19039,,0.0,,2.0,,
1,19049,,0.001792114693671465,,1.9964157342910767,,
1,19059,,0.00358422938734293,,1.9928314685821533,,
1,19069,,0.001792114693671465,,1.9964157342910767,,
1,19079,,0.001792114693671465,,1.9964157342910767,,
1,19089,,0.001792114693671465,,1.9964157342910767,,
1,19099,,0.00358422938734293,,1.9928314685821533,,
1,19109,,0.0,,2.0,,
1,19119,,0.0,,2.0,,
1,19129,,0.001792114693671465,,1.9964157342910767,,
1,19139,,0.00358422938734293,,1.9928314685821533,,
1,19149,,0.0,,2.0,,
1,19159,,0.0,,2.0,,
1,19169,,0.001792114693671465,,1.9964157342910767,,
1,19179,,0.0,,2.0,,
1,19189,,0.001792114693671465,,1.9964157342910767,,
1,19199,,0.001792114693671465,,1.9964157342910767,,
1,19209,,0.00358422938734293,,1.9928314685821533,,
1,19219,,0.001792114693671465,,1.9964157342910767,,
1,19229,,0.001792114693671465,,1.9964157342910767,,
1,19239,,0.001792114693671465,,1.9964157342910767,,
1,19249,,0.0,,2.0,,
1,19259,,0.00358422938734293,,1.9928314685821533,,
1,19269,,0.0,,2.0,,
1,19279,,0.0,,2.0,,
1,19289,,0.0,,2.0,,
1,19299,,0.0,,2.0,,
1,19309,,0.00358422938734293,,1.9928314685821533,,
1,19319,,0.0,,2.0,,
1,19329,,0.005376344081014395,,1.9892473220825195,,
1,19339,,0.0,,2.0,,
1,19349,,0.001792114693671465,,1.9964157342910767,,
1,19359,,0.001792114693671465,,1.9964157342910767,,
1,19369,,0.00358422938734293,,1.9928314685821533,,
1,19379,,0.001792114693671465,,1.9964157342910767,,
1,19389,,0.00358422938734293,,1.9928314685821533,,
1,19399,,0.001792114693671465,,1.9964157342910767,,
1,19409,,0.0,,2.0,,
1,19419,,0.0,,2.0,,
1,19429,,0.001792114693671465,,1.9964157342910767,,
1,19439,,0.001792114693671465,,1.9964157342910767,,
1,19449,,0.0,,2.0,,
1,19459,,0.001792114693671465,,1.9964157342910767,,
1,19469,,0.0,,2.0,,
1,19479,,0.00358422938734293,,1.9928314685821533,,
1,19489,,0.001792114693671465,,1.9964157342910767,,
1,19499,,0.005376344081014395,,1.9892473220825195,,
1,19509,,0.001792114693671465,,1.9964157342910767,,
1,19519,,0.001792114693671465,,1.9964157342910767,,
1,19529,,0.001792114693671465,,1.9964157342910767,,
1,19539,,0.001792114693671465,,1.9964157342910767,,
1,19549,,0.001792114693671465,,1.9964157342910767,,
1,19559,,0.0,,2.0,,
1,19569,,0.00358422938734293,,1.9928314685821533,,
1,19579,,0.0,,2.0,,
1,19589,,0.00358422938734293,,1.9928314685821533,,
1,19599,,0.00716845877468586,,1.9856629371643066,,
1,19609,,0.0,,2.0,,
1,19619,,0.001792114693671465,,1.9964157342910767,,
1,19629,,0.00358422938734293,,1.9928314685821533,,
1,19639,,0.00358422938734293,,1.9928314685821533,,
1,19649,,0.001792114693671465,,1.9964157342910767,,
1,19659,,0.0,,2.0,,
1,19669,,0.00358422938734293,,1.9928314685821533,,
1,19679,,0.00358422938734293,,1.9928314685821533,,
1,19689,,0.0,,2.0,,
1,19699,,0.005376344081014395,,1.9892473220825195,,
1,19709,,0.001792114693671465,,1.9964157342910767,,
1,19719,,0.0,,2.0,,
1,19729,,0.0,,2.0,,
1,19739,,0.00358422938734293,,1.9928314685821533,,
1,19749,,0.001792114693671465,,1.9964157342910767,,
1,19759,,0.001792114693671465,,1.9964157342910767,,
1,19769,,0.0,,2.0,,
1,19779,,0.0,,2.0,,
1,19789,,0.00358422938734293,,1.9928314685821533,,
1,19799,,0.0,,2.0,,
1,19809,,0.00358422938734293,,1.9928314685821533,,
1,19819,,0.001792114693671465,,1.9964157342910767,,
1,19829,,0.001792114693671465,,1.9964157342910767,,
1,19839,,0.00358422938734293,,1.9928314685821533,,
1,19849,,0.001792114693671465,,1.9964157342910767,,
1,19859,,0.001792114693671465,,1.9964157342910767,,
1,19869,,0.001792114693671465,,1.9964157342910767,,
1,19879,,0.0,,2.0,,
1,19889,,0.001792114693671465,,1.9964157342910767,,
1,19899,,0.001792114693671465,,1.9964157342910767,,
1,19909,,0.001792114693671465,,1.9964157342910767,,
1,19919,,0.0,,2.0,,
1,19929,,0.0,,2.0,,
1,19939,,0.0,,2.0,,
1,19949,,0.00358422938734293,,1.9928314685821533,,
1,19959,,0.00358422938734293,,1.9928314685821533,,
1,19969,,0.005376344081014395,,1.98924720287323,,
1,19979,,0.0,,2.0,,
1,19989,,0.0,,2.0,,
1,19999,,0.0,,2.0,,
1,20009,,0.005376344081014395,,1.98924720287323,,
1,20019,,0.00358422938734293,,1.9928314685821533,,
1,20029,,0.001792114693671465,,1.9964157342910767,,
1,20039,,0.005376344081014395,,1.9892473220825195,,
1,20049,,0.0,,2.0,,
1,20059,,0.001792114693671465,,1.9964157342910767,,
1,20069,,0.00358422938734293,,1.9928314685821533,,
1,20079,,0.001792114693671465,,1.9964157342910767,,
1,20089,,0.001792114693671465,,1.9964157342910767,,
1,20099,,0.0,,2.0,,
1,20109,,0.0,,2.0,,
1,20119,,0.0,,2.0,,
1,20129,,0.001792114693671465,,1.9964157342910767,,
1,20139,,0.001792114693671465,,1.9964157342910767,,
1,20149,,0.00716845877468586,,1.9856629371643066,,
1,20159,,0.0,,2.0,,
1,20169,,0.0,,2.0,,
1,20179,,0.00358422938734293,,1.9928314685821533,,
1,20189,,0.001792114693671465,,1.9964157342910767,,
1,20199,,0.0,,2.0,,
1,20209,,0.00358422938734293,,1.9928314685821533,,
1,20219,,0.00358422938734293,,1.9928314685821533,,
1,20229,,0.00358422938734293,,1.9928314685821533,,
1,20239,,0.00358422938734293,,1.9928314685821533,,
1,20249,,0.0,,2.0,,
1,20259,,0.005376344081014395,,1.98924720287323,,
1,20269,,0.00716845877468586,,1.9856630563735962,,
1,20279,,0.0,,2.0,,
1,20289,,0.001792114693671465,,1.9964157342910767,,
1,20299,,0.0,,2.0,,
1,20309,,0.001792114693671465,,1.9964157342910767,,
1,20319,,0.00358422938734293,,1.9928314685821533,,
1,20329,,0.00716845877468586,,1.9856629371643066,,
1,20339,,0.001792114693671465,,1.9964157342910767,,
1,20349,,0.001792114693671465,,1.9964157342910767,,
1,20359,,0.001792114693671465,,1.9964157342910767,,
1,20369,,0.00358422938734293,,1.9928314685821533,,
1,20379,,0.001792114693671465,,1.9964157342910767,,
1,20389,,0.00358422938734293,,1.9928314685821533,,
1,20399,,0.0,,2.0,,
1,20409,,0.001792114693671465,,1.9964157342910767,,
1,20419,,0.005376344081014395,,1.9892473220825195,,
1,20429,,0.001792114693671465,,1.9964157342910767,,
1,20439,,0.005376344081014395,,1.9892473220825195,,
1,20449,,0.0,,2.0,,
1,20459,,0.005376344081014395,,1.9892473220825195,,
1,20469,,0.0,,2.0,,
1,20479,,0.001792114693671465,,1.9964157342910767,,
1,20489,,0.0,,2.0,,
1,20499,,0.001792114693671465,,1.9964157342910767,,
1,20509,,0.0,,2.0,,
1,20519,,0.001792114693671465,,1.9964157342910767,,
1,20529,,0.0,,2.0,,
1,20539,,0.0,,2.0,,
1,20549,,0.001792114693671465,,1.9964157342910767,,
1,20559,,0.0,,2.0,,
1,20569,,0.0,,2.0,,
1,20579,,0.001792114693671465,,1.9964157342910767,,
1,20589,,0.001792114693671465,,1.9964157342910767,,
1,20599,,0.0,,2.0,,
1,20609,,0.0,,2.0,,
1,20619,,0.001792114693671465,,1.9964157342910767,,
1,20629,,0.005376344081014395,,1.9892473220825195,,
1,20639,,0.0,,2.0,,
1,20649,,0.001792114693671465,,1.9964157342910767,,
1,20659,,0.0,,2.0,,
1,20669,,0.00358422938734293,,1.9928314685821533,,
1,20679,,0.0,,2.0,,
1,20689,,0.00716845877468586,,1.9856629371643066,,
1,20699,,0.00716845877468586,,1.9856629371643066,,
1,20709,,0.0,,2.0,,
1,20719,,0.001792114693671465,,1.9964157342910767,,
1,20729,,0.001792114693671465,,1.9964157342910767,,
1,20739,,0.0,,2.0,,
1,20749,,0.001792114693671465,,1.9964157342910767,,
1,20759,,0.001792114693671465,,1.9964157342910767,,
1,20769,,0.001792114693671465,,1.9964157342910767,,
1,20779,,0.0,,2.0,,
1,20789,,0.00716845877468586,,1.9856629371643066,,
1,20799,,0.001792114693671465,,1.9964157342910767,,
1,20809,,0.005376344081014395,,1.98924720287323,,
1,20819,,0.001792114693671465,,1.9964157342910767,,
1,20829,,0.001792114693671465,,1.9964157342910767,,
1,20839,,0.00358422938734293,,1.9928314685821533,,
1,20849,,0.001792114693671465,,1.9964157342910767,,
1,20859,,0.001792114693671465,,1.9964157342910767,,
1,20869,,0.001792114693671465,,1.9964157342910767,,
1,20879,,0.0,,2.0,,
1,20889,,0.0,,2.0,,
1,20899,,0.001792114693671465,,1.9964157342910767,,
1,20909,,0.0,,2.0,,
1,20919,,0.001792114693671465,,1.9964157342910767,,
1,20929,,0.0,,2.0,,
1,20939,,0.001792114693671465,,1.9964157342910767,,
1,20949,,0.00358422938734293,,1.9928314685821533,,
1,20959,,0.00358422938734293,,1.9928314685821533,,
1,20969,,0.00358422938734293,,1.9928314685821533,,
1,20979,,0.001792114693671465,,1.9964157342910767,,
1,20989,,0.001792114693671465,,1.9964157342910767,,
1,20999,,0.0,,2.0,,
1,21009,,0.001792114693671465,,1.9964157342910767,,
1,21019,,0.00358422938734293,,1.9928314685821533,,
1,21029,,0.0,,2.0,,
1,21039,,0.00358422938734293,,1.9928314685821533,,
1,21049,,0.0,,2.0,,
1,21059,,0.0,,2.0,,
1,21069,,0.0,,2.0,,
1,21079,,0.005376344081014395,,1.9892473220825195,,
1,21089,,0.001792114693671465,,1.9964157342910767,,
1,21099,,0.00358422938734293,,1.9928314685821533,,
1,21109,,0.001792114693671465,,1.9964157342910767,,
1,21119,,0.005376344081014395,,1.9892473220825195,,
1,21129,,0.0,,2.0,,
1,21139,,0.00358422938734293,,1.9928314685821533,,
1,21149,,0.0,,2.0,,
1,21159,,0.00358422938734293,,1.9928314685821533,,
1,21169,,0.0,,2.0,,
1,21179,,0.001792114693671465,,1.9964157342910767,,
1,21189,,0.0,,2.0,,
1,21199,,0.00358422938734293,,1.9928314685821533,,
1,21209,,0.001792114693671465,,1.9964157342910767,,
1,21219,,0.0,,2.0,,
1,21229,,0.0,,2.0,,
1,21239,,0.001792114693671465,,1.9964157342910767,,
1,21249,,0.001792114693671465,,1.9964157342910767,,
1,21259,,0.0,,2.0,,
1,21269,,0.0,,2.0,,
1,21279,,0.005376344081014395,,1.98924720287323,,
1,21289,,0.001792114693671465,,1.9964157342910767,,
1,21299,,0.0,,2.0,,
1,21309,,0.001792114693671465,,1.9964157342910767,,
1,21319,,0.00358422938734293,,1.9928314685821533,,
1,21329,,0.001792114693671465,,1.9964157342910767,,
1,21339,,0.001792114693671465,,1.9964157342910767,,
1,21349,,0.0,,2.0,,
1,21359,,0.0,,2.0,,
1,21369,,0.0,,2.0,,
1,21379,,0.00716845877468586,,1.9856629371643066,,
1,21389,,0.0,,2.0,,
1,21399,,0.0,,2.0,,
1,21409,,0.0,,2.0,,
1,21419,,0.005376344081014395,,1.98924720287323,,
1,21429,,0.0,,2.0,,
1,21439,,0.0,,2.0,,
1,21449,,0.005376344081014395,,1.98924720287323,,
1,21459,,0.0,,2.0,,
1,21469,,0.0,,2.0,,
1,21479,,0.001792114693671465,,1.9964157342910767,,
1,21489,,0.0,,2.0,,
1,21499,,0.0,,2.0,,
1,21509,,0.0,,2.0,,
1,21519,,0.001792114693671465,,1.9964157342910767,,
1,21529,,0.00358422938734293,,1.9928314685821533,,
1,21539,,0.00358422938734293,,1.9928314685821533,,
1,21549,,0.001792114693671465,,1.9964157342910767,,
1,21559,,0.0,,2.0,,
1,21569,,0.001792114693671465,,1.9964157342910767,,
1,21579,,0.0,,2.0,,
1,21589,,0.00358422938734293,,1.9928314685821533,,
1,21599,,0.005376344081014395,,1.98924720287323,,
1,21609,,0.00358422938734293,,1.9928314685821533,,
1,21619,,0.001792114693671465,,1.9964157342910767,,
1,21629,,0.0,,2.0,,
1,21639,,0.001792114693671465,,1.9964157342910767,,
1,21649,,0.0,,2.0,,
1,21659,,0.001792114693671465,,1.9964157342910767,,
1,21669,,0.0,,2.0,,
1,21679,,0.001792114693671465,,1.9964157342910767,,
1,21689,,0.0,,2.0,,
1,21699,,0.0,,2.0,,
1,21709,,0.001792114693671465,,1.9964157342910767,,
1,21719,,0.001792114693671465,,1.9964157342910767,,
1,21729,,0.00358422938734293,,1.9928314685821533,,
1,21739,,0.0,,2.0,,
1,21749,,0.0,,2.0,,
1,21759,,0.0,,2.0,,
1,21769,,0.001792114693671465,,1.9964157342910767,,
1,21779,,0.001792114693671465,,1.9964157342910767,,
1,21789,,0.0,,2.0,,
1,21799,,0.00358422938734293,,1.9928314685821533,,
1,21809,,0.0,,2.0,,
1,21819,,0.005376344081014395,,1.98924720287323,,
1,21829,,0.00358422938734293,,1.9928314685821533,,
1,21839,,0.001792114693671465,,1.9964157342910767,,
1,21849,,0.001792114693671465,,1.9964157342910767,,
1,21859,,0.00358422938734293,,1.9928314685821533,,
1,21869,,0.0,,2.0,,
1,21879,,0.005376344081014395,,1.9892473220825195,,
1,21889,,0.001792114693671465,,1.9964157342910767,,
1,21899,,0.0,,2.0,,
1,21909,,0.00358422938734293,,1.9928314685821533,,
1,21919,,0.0,,2.0,,
1,21929,,0.001792114693671465,,1.9964157342910767,,
1,21939,,0.001792114693671465,,1.9964157342910767,,
1,21949,,0.0,,2.0,,
1,21959,,0.0,,2.0,,
1,21969,,0.001792114693671465,,1.9964157342910767,,
1,21979,,0.001792114693671465,,1.9964157342910767,,
1,21989,,0.0,,2.0,,
1,21999,,0.0,,2.0,,
1,22009,,0.005376344081014395,,1.9892473220825195,,
1,22019,,0.0,,2.0,,
1,22029,,0.005376344081014395,,1.9892473220825195,,
1,22039,,0.0,,2.0,,
1,22049,,0.0,,2.0,,
1,22059,,0.00358422938734293,,1.9928314685821533,,
1,22069,,0.001792114693671465,,1.9964157342910767,,
1,22079,,0.0,,2.0,,
1,22089,,0.005376344081014395,,1.98924720287323,,
1,22099,,0.0,,2.0,,
1,22109,,0.001792114693671465,,1.9964157342910767,,
1,22119,,0.001792114693671465,,1.9964157342910767,,
1,22129,,0.001792114693671465,,1.9964157342910767,,
1,22139,,0.005376344081014395,,1.9892473220825195,,
1,22149,,0.0,,2.0,,
1,22159,,0.005376344081014395,,1.98924720287323,,
1,22169,,0.001792114693671465,,1.9964157342910767,,
1,22179,,0.0,,2.0,,
1,22189,,0.0,,2.0,,
1,22199,,0.00716845877468586,,1.9856630563735962,,
1,22209,,0.005376344081014395,,1.9892473220825195,,
1,22219,,0.001792114693671465,,1.9964157342910767,,
1,22229,,0.00358422938734293,,1.9928314685821533,,
1,22239,,0.0,,2.0,,
1,22249,,0.0,,2.0,,
1,22259,,0.001792114693671465,,1.9964157342910767,,
1,22269,,0.0,,2.0,,
1,22279,,0.001792114693671465,,1.9964157342910767,,
1,22289,,0.001792114693671465,,1.9964157342910767,,
1,22299,,0.005376344081014395,,1.9892473220825195,,
1,22309,,0.00358422938734293,,1.9928314685821533,,
1,22319,,0.0,,2.0,,
1,22329,,0.0,,2.0,,
1,22339,,0.005376344081014395,,1.9892473220825195,,
1,22349,,0.005376344081014395,,1.9892473220825195,,
1,22359,,0.0,,2.0,,
1,22369,,0.001792114693671465,,1.9964157342910767,,
1,22379,,0.001792114693671465,,1.9964157342910767,,
1,22389,,0.0,,2.0,,
1,22399,,0.001792114693671465,,1.9964157342910767,,
1,22409,,0.005376344081014395,,1.9892473220825195,,
1,22419,,0.00358422938734293,,1.9928314685821533,,
1,22429,,0.0,,2.0,,
1,22439,,0.0,,2.0,,
1,22449,,0.001792114693671465,,1.9964157342910767,,
1,22459,,0.0,,2.0,,
1,22469,,0.00358422938734293,,1.9928314685821533,,
1,22479,,0.001792114693671465,,1.9964157342910767,,
1,22489,,0.00358422938734293,,1.9928314685821533,,
1,22499,,0.0,,2.0,,
1,22509,,0.00358422938734293,,1.9928314685821533,,
1,22519,,0.001792114693671465,,1.9964157342910767,,
1,22529,,0.0,,2.0,,
1,22539,,0.001792114693671465,,1.9964157342910767,,
1,22549,,0.0,,2.0,,
1,22559,,0.001792114693671465,,1.9964157342910767,,
1,22569,,0.001792114693671465,,1.9964157342910767,,
1,22579,,0.0,,2.0,,
1,22589,,0.00358422938734293,,1.9928314685821533,,
1,22599,,0.001792114693671465,,1.9964157342910767,,
1,22609,,0.001792114693671465,,1.9964157342910767,,
1,22619,,0.001792114693671465,,1.9964157342910767,,
1,22629,,0.005376344081014395,,1.9892473220825195,,
1,22639,,0.001792114693671465,,1.9964157342910767,,
1,22649,,0.00358422938734293,,1.9928314685821533,,
1,22659,,0.001792114693671465,,1.9964157342910767,,
1,22669,,0.001792114693671465,,1.9964157342910767,,
1,22679,,0.00358422938734293,,1.9928314685821533,,
1,22689,,0.0,,2.0,,
1,22699,,0.001792114693671465,,1.9964157342910767,,
1,22709,,0.0,,2.0,,
1,22719,,0.001792114693671465,,1.9964157342910767,,
1,22729,,0.0,,2.0,,
1,22739,,0.001792114693671465,,1.9964157342910767,,
1,22749,,0.001792114693671465,,1.9964157342910767,,
1,22759,,0.00358422938734293,,1.9928314685821533,,
1,22769,,0.001792114693671465,,1.9964157342910767,,
1,22779,,0.00358422938734293,,1.9928314685821533,,
1,22789,,0.0,,2.0,,
1,22799,,0.0,,2.0,,
1,22809,,0.0,,2.0,,
1,22819,,0.00358422938734293,,1.9928314685821533,,
1,22829,,0.001792114693671465,,1.9964157342910767,,
1,22839,,0.008960573934018612,,1.9820787906646729,,
1,22849,,0.001792114693671465,,1.9964157342910767,,
1,22859,,0.001792114693671465,,1.9964157342910767,,
1,22869,,0.001792114693671465,,1.9964157342910767,,
1,22879,,0.00358422938734293,,1.9928314685821533,,
1,22889,,0.001792114693671465,,1.9964157342910767,,
1,22899,,0.001792114693671465,,1.9964157342910767,,
1,22909,,0.005376344081014395,,1.9892473220825195,,
1,22919,,0.0,,2.0,,
1,22929,,0.001792114693671465,,1.9964157342910767,,
1,22939,,0.0,,2.0,,
1,22949,,0.001792114693671465,,1.9964157342910767,,
1,22959,,0.00358422938734293,,1.9928314685821533,,
1,22969,,0.00358422938734293,,1.9928314685821533,,
1,22979,,0.005376344081014395,,1.9892473220825195,,
1,22989,,0.0,,2.0,,
1,22999,,0.001792114693671465,,1.9964157342910767,,
1,23009,,0.001792114693671465,,1.9964157342910767,,
1,23019,,0.005376344081014395,,1.9892473220825195,,
1,23029,,0.0,,2.0,,
1,23039,,0.0,,2.0,,
1,23049,,0.0,,2.0,,
1,23059,,0.001792114693671465,,1.9964157342910767,,
1,23069,,0.0,,2.0,,
1,23079,,0.001792114693671465,,1.9964157342910767,,
1,23089,,0.0,,2.0,,
1,23099,,0.00358422938734293,,1.9928314685821533,,
1,23109,,0.0,,2.0,,
1,23119,,0.001792114693671465,,1.9964157342910767,,
1,23129,,0.0,,2.0,,
1,23139,,0.0,,2.0,,
1,23149,,0.0,,2.0,,
1,23159,,0.00358422938734293,,1.9928314685821533,,
1,23169,,0.0,,2.0,,
1,23179,,0.001792114693671465,,1.9964157342910767,,
1,23189,,0.001792114693671465,,1.9964157342910767,,
1,23199,,0.001792114693671465,,1.9964157342910767,,
1,23209,,0.0,,2.0,,
1,23219,,0.001792114693671465,,1.9964157342910767,,
1,23229,,0.001792114693671465,,1.9964157342910767,,
1,23239,,0.001792114693671465,,1.9964157342910767,,
1,23249,,0.001792114693671465,,1.9964157342910767,,
1,23259,,0.00358422938734293,,1.9928314685821533,,
1,23269,,0.005376344081014395,,1.98924720287323,,
1,23279,,0.0,,2.0,,
1,23289,,0.001792114693671465,,1.9964157342910767,,
1,23299,,0.001792114693671465,,1.9964157342910767,,
1,23309,,0.001792114693671465,,1.9964157342910767,,
1,23319,,0.0,,2.0,,
1,23329,,0.00358422938734293,,1.9928314685821533,,
1,23339,,0.001792114693671465,,1.9964157342910767,,
1,23349,,0.005376344081014395,,1.9892473220825195,,
1,23359,,0.00358422938734293,,1.9928314685821533,,
1,23369,,0.0,,2.0,,
1,23379,,0.001792114693671465,,1.9964157342910767,,
1,23389,,0.001792114693671465,,1.9964157342910767,,
1,23399,,0.001792114693671465,,1.9964157342910767,,
1,23409,,0.00358422938734293,,1.9928314685821533,,
1,23419,,0.0,,2.0,,
1,23429,,0.001792114693671465,,1.9964157342910767,,
1,23439,,0.0,,2.0,,
1,23449,,0.0,,2.0,,
1,23459,,0.005376344081014395,,1.9892473220825195,,
1,23469,,0.001792114693671465,,1.9964157342910767,,
1,23479,,0.001792114693671465,,1.9964157342910767,,
1,23489,,0.001792114693671465,,1.9964157342910767,,
1,23499,,0.001792114693671465,,1.9964157342910767,,
1,23509,,0.00358422938734293,,1.9928314685821533,,
1,23519,,0.0,,2.0,,
1,23529,,0.00358422938734293,,1.9928314685821533,,
1,23539,,0.00358422938734293,,1.9928314685821533,,
1,23549,,0.0,,2.0,,
1,23559,,0.001792114693671465,,1.9964157342910767,,
1,23569,,0.0,,2.0,,
1,23579,,0.00358422938734293,,1.9928314685821533,,
1,23589,,0.0,,2.0,,
1,23599,,0.001792114693671465,,1.9964157342910767,,
1,23609,,0.001792114693671465,,1.9964157342910767,,
1,23619,,0.0,,2.0,,
1,23629,,0.001792114693671465,,1.9964157342910767,,
1,23639,,0.001792114693671465,,1.9964157342910767,,
1,23649,,0.001792114693671465,,1.9964157342910767,,
1,23659,,0.0,,2.0,,
1,23669,,0.0,,2.0,,
1,23679,,0.0,,2.0,,
1,23689,,0.001792114693671465,,1.9964157342910767,,
1,23699,,0.00358422938734293,,1.9928314685821533,,
1,23709,,0.00358422938734293,,1.9928314685821533,,
1,23719,,0.001792114693671465,,1.9964157342910767,,
1,23729,,0.00358422938734293,,1.9928314685821533,,
1,23739,,0.0,,2.0,,
1,23749,,0.0,,2.0,,
1,23759,,0.00358422938734293,,1.9928314685821533,,
1,23769,,0.001792114693671465,,1.9964157342910767,,
1,23779,,0.0,,2.0,,
1,23789,,0.001792114693671465,,1.9964157342910767,,
1,23799,,0.001792114693671465,,1.9964157342910767,,
1,23809,,0.001792114693671465,,1.9964157342910767,,
1,23819,,0.001792114693671465,,1.9964157342910767,,
1,23829,,0.001792114693671465,,1.9964157342910767,,
1,23839,,0.0,,2.0,,
1,23849,,0.008960573934018612,,1.9820787906646729,,
1,23859,,0.001792114693671465,,1.9964157342910767,,
1,23869,,0.001792114693671465,,1.9964157342910767,,
1,23879,,0.00358422938734293,,1.9928314685821533,,
1,23889,,0.005376344081014395,,1.98924720287323,,
1,23899,,0.001792114693671465,,1.9964157342910767,,
1,23909,,0.0,,2.0,,
1,23919,,0.001792114693671465,,1.9964157342910767,,
1,23929,,0.001792114693671465,,1.9964157342910767,,
1,23939,,0.001792114693671465,,1.9964157342910767,,
1,23949,,0.0,,2.0,,
1,23959,,0.00358422938734293,,1.9928314685821533,,
1,23969,,0.0,,2.0,,
1,23979,,0.00358422938734293,,1.9928314685821533,,
1,23989,,0.005376344081014395,,1.9892473220825195,,
1,23999,,0.0,,2.0,,
1,24009,,0.001792114693671465,,1.9964157342910767,,
1,24019,,0.00358422938734293,,1.9928314685821533,,
1,24029,,0.0,,2.0,,
1,24039,,0.00358422938734293,,1.9928314685821533,,
1,24049,,0.0,,2.0,,
1,24059,,0.0,,2.0,,
1,24069,,0.001792114693671465,,1.9964157342910767,,
1,24079,,0.001792114693671465,,1.9964157342910767,,
1,24089,,0.001792114693671465,,1.9964157342910767,,
1,24099,,0.001792114693671465,,1.9964157342910767,,
1,24109,,0.005376344081014395,,1.9892473220825195,,
1,24119,,0.0,,2.0,,
1,24129,,0.001792114693671465,,1.9964157342910767,,
1,24139,,0.001792114693671465,,1.9964157342910767,,
1,24149,,0.001792114693671465,,1.9964157342910767,,
1,24159,,0.00358422938734293,,1.9928314685821533,,
1,24169,,0.0,,2.0,,
1,24179,,0.001792114693671465,,1.9964157342910767,,
1,24189,,0.001792114693671465,,1.9964157342910767,,
1,24199,,0.0,,2.0,,
1,24209,,0.001792114693671465,,1.9964157342910767,,
1,24219,,0.00358422938734293,,1.9928314685821533,,
1,24229,,0.00358422938734293,,1.9928314685821533,,
1,24239,,0.0,,2.0,,
1,24249,,0.0,,2.0,,
1,24259,,0.0,,2.0,,
1,24269,,0.00358422938734293,,1.9928314685821533,,
1,24279,,0.001792114693671465,,1.9964157342910767,,
1,24289,,0.001792114693671465,,1.9964157342910767,,
1,24299,,0.001792114693671465,,1.9964157342910767,,
1,24309,,0.0,,2.0,,
1,24319,,0.00358422938734293,,1.9928314685821533,,
1,24329,,0.001792114693671465,,1.9964157342910767,,
1,24339,,0.0,,2.0,,
1,24349,,0.001792114693671465,,1.9964157342910767,,
1,24359,,0.001792114693671465,,1.9964157342910767,,
1,24369,,0.001792114693671465,,1.9964157342910767,,
1,24379,,0.00358422938734293,,1.9928314685821533,,
1,24389,,0.0,,2.0,,
1,24399,,0.0,,2.0,,
1,24409,,0.0,,2.0,,
1,24419,,0.008960573934018612,,1.9820787906646729,,
1,24429,,0.0,,2.0,,
1,24439,,0.0,,2.0,,
1,24449,,0.0,,2.0,,
1,24459,,0.0,,2.0,,
1,24469,,0.0,,2.0,,
1,24479,,0.001792114693671465,,1.9964157342910767,,
1,24489,,0.001792114693671465,,1.9964157342910767,,
1,24499,,0.0,,2.0,,
1,24509,,0.00358422938734293,,1.9928314685821533,,
1,24519,,0.00358422938734293,,1.9928314685821533,,
1,24529,,0.001792114693671465,,1.9964157342910767,,
1,24539,,0.001792114693671465,,1.9964157342910767,,
1,24549,,0.00358422938734293,,1.9928314685821533,,
1,24559,,0.001792114693671465,,1.9964157342910767,,
1,24569,,0.00358422938734293,,1.9928314685821533,,
1,24579,,0.00358422938734293,,1.9928314685821533,,
1,24589,,0.0,,2.0,,
1,24599,,0.001792114693671465,,1.9964157342910767,,
1,24609,,0.001792114693671465,,1.9964157342910767,,
1,24619,,0.00358422938734293,,1.9928314685821533,,
1,24629,,0.0,,2.0,,
1,24639,,0.001792114693671465,,1.9964157342910767,,
1,24649,,0.0,,2.0,,
1,24659,,0.00358422938734293,,1.9928314685821533,,
1,24669,,0.001792114693671465,,1.9964157342910767,,
1,24679,,0.001792114693671465,,1.9964157342910767,,
1,24689,,0.00358422938734293,,1.9928314685821533,,
1,24699,,0.00358422938734293,,1.9928314685821533,,
1,24709,,0.0,,2.0,,
1,24719,,0.0,,2.0,,
1,24729,,0.00716845877468586,,1.9856629371643066,,
1,24739,,0.001792114693671465,,1.9964157342910767,,
1,24749,,0.00358422938734293,,1.9928314685821533,,
1,24759,,0.0,,2.0,,
1,24769,,0.0,,2.0,,
1,24779,,0.00358422938734293,,1.9928314685821533,,
1,24789,,0.001792114693671465,,1.9964157342910767,,
1,24799,,0.001792114693671465,,1.9964157342910767,,
1,24809,,0.001792114693671465,,1.9964157342910767,,
1,24819,,0.0,,2.0,,
1,24829,,0.0,,2.0,,
1,24839,,0.0,,2.0,,
1,24849,,0.00358422938734293,,1.9928314685821533,,
1,24859,,0.00358422938734293,,1.9928314685821533,,
1,24869,,0.001792114693671465,,1.9964157342910767,,
1,24879,,0.00358422938734293,,1.9928314685821533,,
1,24889,,0.001792114693671465,,1.9964157342910767,,
1,24899,,0.00358422938734293,,1.9928314685821533,,
1,24909,,0.00358422938734293,,1.9928314685821533,,
1,24919,,0.005376344081014395,,1.9892473220825195,,
1,24929,,0.00358422938734293,,1.9928314685821533,,
1,24939,,0.001792114693671465,,1.9964157342910767,,
1,24949,,0.001792114693671465,,1.9964157342910767,,
1,24959,,0.0,,2.0,,
1,24969,,0.00358422938734293,,1.9928314685821533,,
1,24979,,0.001792114693671465,,1.9964157342910767,,
1,24989,,0.0,,2.0,,
1,24999,,0.001792114693671465,,1.9964157342910767,,
1,25009,,0.001792114693671465,,1.9964157342910767,,
1,25019,,0.0,,2.0,,
1,25029,,0.0,,2.0,,
1,25039,,0.0,,2.0,,
1,25049,,0.005376344081014395,,1.9892473220825195,,
1,25059,,0.001792114693671465,,1.9964157342910767,,
1,25069,,0.001792114693671465,,1.9964157342910767,,
1,25079,,0.001792114693671465,,1.9964157342910767,,
1,25089,,0.0,,2.0,,
1,25099,,0.001792114693671465,,1.9964157342910767,,
1,25109,,0.0,,2.0,,
1,25119,,0.001792114693671465,,1.9964157342910767,,
1,25129,,0.0,,2.0,,
1,25139,,0.0,,2.0,,
1,25149,,0.001792114693671465,,1.9964157342910767,,
1,25159,,0.00358422938734293,,1.9928314685821533,,
1,25169,,0.0,,2.0,,
1,25179,,0.001792114693671465,,1.9964157342910767,,
1,25189,,0.0,,2.0,,
1,25199,,0.0,,2.0,,
1,25209,,0.001792114693671465,,1.9964157342910767,,
1,25219,,0.001792114693671465,,1.9964157342910767,,
1,25229,,0.00358422938734293,,1.9928314685821533,,
1,25239,,0.00716845877468586,,1.9856630563735962,,
1,25249,,0.00358422938734293,,1.9928314685821533,,
1,25259,,0.001792114693671465,,1.9964157342910767,,
1,25269,,0.001792114693671465,,1.9964157342910767,,
1,25279,,0.0,,2.0,,
1,25289,,0.00358422938734293,,1.9928314685821533,,
1,25299,,0.001792114693671465,,1.9964157342910767,,
1,25309,,0.00358422938734293,,1.9928314685821533,,
1,25319,,0.0,,2.0,,
1,25329,,0.001792114693671465,,1.9964157342910767,,
1,25339,,0.0,,2.0,,
1,25349,,0.001792114693671465,,1.9964157342910767,,
1,25359,,0.001792114693671465,,1.9964157342910767,,
1,25369,,0.0,,2.0,,
1,25379,,0.00358422938734293,,1.9928314685821533,,
1,25389,,0.005376344081014395,,1.98924720287323,,
1,25399,,0.00716845877468586,,1.9856630563735962,,
1,25409,,0.00358422938734293,,1.9928314685821533,,
1,25419,,0.001792114693671465,,1.9964157342910767,,
1,25429,,0.001792114693671465,,1.9964157342910767,,
1,25439,,0.0,,2.0,,
1,25449,,0.001792114693671465,,1.9964157342910767,,
1,25459,,0.001792114693671465,,1.9964157342910767,,
1,25469,,0.001792114693671465,,1.9964157342910767,,
1,25479,,0.001792114693671465,,1.9964157342910767,,
1,25489,,0.001792114693671465,,1.9964157342910767,,
1,25499,,0.001792114693671465,,1.9964157342910767,,
1,25509,,0.001792114693671465,,1.9964157342910767,,
1,25519,,0.001792114693671465,,1.9964157342910767,,
1,25529,,0.005376344081014395,,1.9892473220825195,,
1,25539,,0.001792114693671465,,1.9964157342910767,,
1,25549,,0.0,,2.0,,
1,25559,,0.0,,2.0,,
1,25569,,0.0,,2.0,,
1,25579,,0.001792114693671465,,1.9964157342910767,,
1,25589,,0.005376344081014395,,1.9892473220825195,,
1,25599,,0.0,,2.0,,
1,25609,,0.00716845877468586,,1.9856630563735962,,
1,25619,,0.0,,2.0,,
1,25629,,0.00358422938734293,,1.9928314685821533,,
1,25639,,0.00358422938734293,,1.9928314685821533,,
1,25649,,0.0,,2.0,,
1,25659,,0.0,,2.0,,
1,25669,,0.00358422938734293,,1.9928314685821533,,
1,25679,,0.001792114693671465,,1.9964157342910767,,
1,25689,,0.001792114693671465,,1.9964157342910767,,
1,25699,,0.00358422938734293,,1.9928314685821533,,
1,25709,,0.005376344081014395,,1.9892473220825195,,
1,25719,,0.00358422938734293,,1.9928314685821533,,
1,25729,,0.001792114693671465,,1.9964157342910767,,
1,25739,,0.001792114693671465,,1.9964157342910767,,
1,25749,,0.001792114693671465,,1.9964157342910767,,
1,25759,,0.001792114693671465,,1.9964157342910767,,
1,25769,,0.0,,2.0,,
1,25779,,0.00358422938734293,,1.9928314685821533,,
1,25789,,0.001792114693671465,,1.9964157342910767,,
1,25799,,0.005376344081014395,,1.9892473220825195,,
1,25809,,0.0,,2.0,,
1,25819,,0.00358422938734293,,1.9928314685821533,,
1,25829,,0.0,,2.0,,
1,25839,,0.001792114693671465,,1.9964157342910767,,
1,25849,,0.00358422938734293,,1.9928314685821533,,
1,25859,,0.001792114693671465,,1.9964157342910767,,
1,25869,,0.0,,2.0,,
1,25879,,0.00358422938734293,,1.9928314685821533,,
1,25889,,0.0,,2.0,,
1,25899,,0.001792114693671465,,1.9964157342910767,,
1,25909,,0.001792114693671465,,1.9964157342910767,,
1,25919,,0.0,,2.0,,
1,25929,,0.00716845877468586,,1.9856630563735962,,
1,25939,,0.0,,2.0,,
1,25949,,0.0,,2.0,,
1,25959,,0.0,,2.0,,
1,25969,,0.00358422938734293,,1.9928314685821533,,
1,25979,,0.0,,2.0,,
1,25989,,0.001792114693671465,,1.9964157342910767,,
1,25999,,0.0,,2.0,,
1,26009,,0.0,,2.0,,
1,26019,,0.0,,2.0,,
1,26029,,0.00716845877468586,,1.9856630563735962,,
1,26039,,0.0,,2.0,,
1,26049,,0.0,,2.0,,
1,26059,,0.001792114693671465,,1.9964157342910767,,
1,26069,,0.001792114693671465,,1.9964157342910767,,
1,26079,,0.0,,2.0,,
1,26089,,0.001792114693671465,,1.9964157342910767,,
1,26099,,0.001792114693671465,,1.9964157342910767,,
1,26109,,0.001792114693671465,,1.9964157342910767,,
1,26119,,0.001792114693671465,,1.9964157342910767,,
1,26129,,0.001792114693671465,,1.9964157342910767,,
1,26139,,0.0,,2.0,,
1,26149,,0.00358422938734293,,1.9928314685821533,,
1,26159,,0.00358422938734293,,1.9928314685821533,,
1,26169,,0.00358422938734293,,1.9928314685821533,,
1,26179,,0.001792114693671465,,1.9964157342910767,,
1,26189,,0.001792114693671465,,1.9964157342910767,,
1,26199,,0.001792114693671465,,1.9964157342910767,,
1,26209,,0.001792114693671465,,1.9964157342910767,,
1,26219,,0.00358422938734293,,1.9928314685821533,,
1,26229,,0.00358422938734293,,1.9928314685821533,,
1,26239,,0.001792114693671465,,1.9964157342910767,,
1,26249,,0.0,,2.0,,
1,26259,,0.0,,2.0,,
1,26269,,0.001792114693671465,,1.9964157342910767,,
1,26279,,0.0,,2.0,,
1,26289,,0.001792114693671465,,1.9964157342910767,,
1,26299,,0.0,,2.0,,
1,26309,,0.0,,2.0,,
1,26319,,0.00358422938734293,,1.9928314685821533,,
1,26329,,0.0,,2.0,,
1,26339,,0.0,,2.0,,
1,26349,,0.00358422938734293,,1.9928314685821533,,
1,26359,,0.0,,2.0,,
1,26369,,0.005376344081014395,,1.98924720287323,,
1,26379,,0.001792114693671465,,1.9964157342910767,,
1,26389,,0.001792114693671465,,1.9964157342910767,,
1,26399,,0.001792114693671465,,1.9964157342910767,,
1,26409,,0.001792114693671465,,1.9964157342910767,,
1,26419,,0.001792114693671465,,1.9964157342910767,,
1,26429,,0.0,,2.0,,
1,26439,,0.005376344081014395,,1.98924720287323,,
1,26449,,0.005376344081014395,,1.98924720287323,,
1,26459,,0.00358422938734293,,1.9928314685821533,,
1,26469,,0.001792114693671465,,1.9964157342910767,,
1,26479,,0.00358422938734293,,1.9928314685821533,,
1,26489,,0.0,,2.0,,
1,26499,,0.001792114693671465,,1.9964157342910767,,
1,26509,,0.0,,2.0,,
1,26519,,0.001792114693671465,,1.9964157342910767,,
1,26529,,0.0,,2.0,,
1,26539,,0.00358422938734293,,1.9928314685821533,,
1,26549,,0.0,,2.0,,
1,26559,,0.0,,2.0,,
1,26569,,0.001792114693671465,,1.9964157342910767,,
1,26579,,0.0,,2.0,,
1,26589,,0.001792114693671465,,1.9964157342910767,,
1,26599,,0.00358422938734293,,1.9928314685821533,,
1,26609,,0.001792114693671465,,1.9964157342910767,,
1,26619,,0.0,,2.0,,
1,26629,,0.001792114693671465,,1.9964157342910767,,
1,26639,,0.001792114693671465,,1.9964157342910767,,
1,26649,,0.0,,2.0,,
1,26659,,0.00358422938734293,,1.9928314685821533,,
1,26669,,0.00358422938734293,,1.9928314685821533,,
1,26679,,0.00358422938734293,,1.9928314685821533,,
1,26689,,0.001792114693671465,,1.9964157342910767,,
1,26699,,0.00716845877468586,,1.9856630563735962,,
1,26709,,0.001792114693671465,,1.9964157342910767,,
1,26719,,0.001792114693671465,,1.9964157342910767,,
1,26729,,0.001792114693671465,,1.9964157342910767,,
1,26739,,0.0,,2.0,,
1,26749,,0.0,,2.0,,
1,26759,,0.001792114693671465,,1.9964157342910767,,
1,26769,,0.00358422938734293,,1.9928314685821533,,
1,26779,,0.0,,2.0,,
1,26789,,0.0,,2.0,,
1,26799,,0.0,,2.0,,
1,26809,,0.001792114693671465,,1.9964157342910767,,
1,26819,,0.005376344081014395,,1.98924720287323,,
1,26829,,0.001792114693671465,,1.9964157342910767,,
1,26839,,0.00358422938734293,,1.9928314685821533,,
1,26849,,0.001792114693671465,,1.9964157342910767,,
1,26859,,0.0,,2.0,,
1,26869,,0.001792114693671465,,1.9964157342910767,,
1,26879,,0.00358422938734293,,1.9928314685821533,,
1,26889,,0.00358422938734293,,1.9928314685821533,,
1,26899,,0.00358422938734293,,1.9928314685821533,,
1,26909,,0.0,,2.0,,
1,26919,,0.005376344081014395,,1.9892473220825195,,
1,26929,,0.0,,2.0,,
1,26939,,0.0,,2.0,,
1,26949,,0.001792114693671465,,1.9964157342910767,,
1,26959,,0.001792114693671465,,1.9964157342910767,,
1,26969,,0.0,,2.0,,
1,26979,,0.001792114693671465,,1.9964157342910767,,
1,26989,,0.0,,2.0,,
1,26999,,0.001792114693671465,,1.9964157342910767,,
1,27009,,0.005376344081014395,,1.9892473220825195,,
1,27019,,0.00358422938734293,,1.9928314685821533,,
1,27029,,0.0,,2.0,,
1,27039,,0.0,,2.0,,
1,27049,,0.0,,2.0,,
1,27059,,0.00358422938734293,,1.9928314685821533,,
1,27069,,0.001792114693671465,,1.9964157342910767,,
1,27079,,0.00358422938734293,,1.9928314685821533,,
1,27089,,0.0,,2.0,,
1,27099,,0.00358422938734293,,1.9928314685821533,,
1,27109,,0.00358422938734293,,1.9928314685821533,,
1,27119,,0.005376344081014395,,1.98924720287323,,
1,27129,,0.0,,2.0,,
1,27139,,0.00358422938734293,,1.9928314685821533,,
1,27149,,0.005376344081014395,,1.98924720287323,,
1,27159,,0.00358422938734293,,1.9928314685821533,,
1,27169,,0.00358422938734293,,1.9928314685821533,,
1,27179,,0.005376344081014395,,1.9892473220825195,,
1,27189,,0.001792114693671465,,1.9964157342910767,,
1,27199,,0.001792114693671465,,1.9964157342910767,,
1,27209,,0.001792114693671465,,1.9964157342910767,,
1,27219,,0.00358422938734293,,1.9928314685821533,,
1,27229,,0.00358422938734293,,1.9928314685821533,,
1,27239,,0.00716845877468586,,1.9856630563735962,,
1,27249,,0.001792114693671465,,1.9964157342910767,,
1,27259,,0.001792114693671465,,1.9964157342910767,,
1,27269,,0.001792114693671465,,1.9964157342910767,,
1,27279,,0.0,,2.0,,
1,27289,,0.0,,2.0,,
1,27299,,0.00358422938734293,,1.9928314685821533,,
1,27309,,0.001792114693671465,,1.9964157342910767,,
1,27319,,0.001792114693671465,,1.9964157342910767,,
1,27329,,0.001792114693671465,,1.9964157342910767,,
1,27339,,0.001792114693671465,,1.9964157342910767,,
1,27349,,0.00358422938734293,,1.9928314685821533,,
1,27359,,0.001792114693671465,,1.9964157342910767,,
1,27369,,0.0,,2.0,,
1,27379,,0.001792114693671465,,1.9964157342910767,,
1,27389,,0.0,,2.0,,
1,27399,,0.001792114693671465,,1.9964157342910767,,
1,27409,,0.0,,2.0,,
1,27419,,0.005376344081014395,,1.9892473220825195,,
1,27429,,0.005376344081014395,,1.9892473220825195,,
1,27439,,0.001792114693671465,,1.9964157342910767,,
1,27449,,0.00358422938734293,,1.9928314685821533,,
1,27459,,0.0,,2.0,,
1,27469,,0.0,,2.0,,
1,27479,,0.0,,2.0,,
1,27489,,0.001792114693671465,,1.9964157342910767,,
1,27499,,0.001792114693671465,,1.9964157342910767,,
1,27509,,0.001792114693671465,,1.9964157342910767,,
1,27519,,0.001792114693671465,,1.9964157342910767,,
1,27529,,0.001792114693671465,,1.9964157342910767,,
1,27539,,0.00358422938734293,,1.9928314685821533,,
1,27549,,0.00358422938734293,,1.9928314685821533,,
1,27559,,0.001792114693671465,,1.9964157342910767,,
1,27569,,0.001792114693671465,,1.9964157342910767,,
1,27579,,0.0,,2.0,,
1,27589,,0.0,,2.0,,
1,27599,,0.00358422938734293,,1.9928314685821533,,
1,27609,,0.0,,2.0,,
1,27619,,0.001792114693671465,,1.9964157342910767,,
1,27629,,0.001792114693671465,,1.9964157342910767,,
1,27639,,0.005376344081014395,,1.9892473220825195,,
1,27649,,0.0,,2.0,,
1,27659,,0.0,,2.0,,
1,27669,,0.00358422938734293,,1.9928314685821533,,
1,27679,,0.0,,2.0,,
1,27689,,0.00358422938734293,,1.9928314685821533,,
1,27699,,0.0,,2.0,,
1,27709,,0.001792114693671465,,1.9964157342910767,,
1,27719,,0.00358422938734293,,1.9928314685821533,,
1,27729,,0.001792114693671465,,1.9964157342910767,,
1,27739,,0.001792114693671465,,1.9964157342910767,,
1,27749,,0.00358422938734293,,1.9928314685821533,,
1,27759,,0.001792114693671465,,1.9964157342910767,,
1,27769,,0.0,,2.0,,
1,27779,,0.0,,2.0,,
1,27789,,0.00358422938734293,,1.9928314685821533,,
1,27799,,0.001792114693671465,,1.9964157342910767,,
1,27809,,0.0,,2.0,,
1,27819,,0.0,,2.0,,
1,27829,,0.005376344081014395,,1.98924720287323,,
1,27839,,0.00358422938734293,,1.9928314685821533,,
1,27849,,0.001792114693671465,,1.9964157342910767,,
1,27859,,0.001792114693671465,,1.9964157342910767,,
1,27869,,0.001792114693671465,,1.9964157342910767,,
1,27879,,0.0,,2.0,,
1,27889,,0.0,,2.0,,
1,27899,,0.00358422938734293,,1.9928314685821533,,
1,27909,,0.005376344081014395,,1.9892473220825195,,
1,27919,,0.00358422938734293,,1.9928314685821533,,
1,27929,,0.0,,2.0,,
1,27939,,0.00358422938734293,,1.9928314685821533,,
1,27949,,0.001792114693671465,,1.9964157342910767,,
1,27959,,0.0,,2.0,,
1,27969,,0.0,,2.0,,
1,27979,,0.0,,2.0,,
1,27989,,0.00358422938734293,,1.9928314685821533,,
1,27999,,0.001792114693671465,,1.9964157342910767,,
1,28009,,0.0,,2.0,,
1,28019,,0.001792114693671465,,1.9964157342910767,,
1,28029,,0.001792114693671465,,1.9964157342910767,,
1,28039,,0.001792114693671465,,1.9964157342910767,,
1,28049,,0.001792114693671465,,1.9964157342910767,,
1,28059,,0.0,,2.0,,
1,28069,,0.0,,2.0,,
1,28079,,0.001792114693671465,,1.9964157342910767,,
1,28089,,0.001792114693671465,,1.9964157342910767,,
1,28099,,0.001792114693671465,,1.9964157342910767,,
1,28109,,0.00358422938734293,,1.9928314685821533,,
1,28119,,0.0,,2.0,,
1,28129,,0.0,,2.0,,
1,28139,,0.001792114693671465,,1.9964157342910767,,
1,28149,,0.0,,2.0,,
1,28159,,0.001792114693671465,,1.9964157342910767,,
1,28169,,0.0,,2.0,,
1,28179,,0.001792114693671465,,1.9964157342910767,,
1,28189,,0.00358422938734293,,1.9928314685821533,,
1,28199,,0.0,,2.0,,
1,28209,,0.00358422938734293,,1.9928314685821533,,
1,28219,,0.001792114693671465,,1.9964157342910767,,
1,28229,,0.0,,2.0,,
1,28239,,0.0,,2.0,,
1,28249,,0.0,,2.0,,
1,28259,,0.0,,2.0,,
1,28269,,0.0,,2.0,,
1,28279,,0.001792114693671465,,1.9964157342910767,,
1,28289,,0.00358422938734293,,1.9928314685821533,,
1,28299,,0.00358422938734293,,1.9928314685821533,,
1,28309,,0.001792114693671465,,1.9964157342910767,,
1,28319,,0.001792114693671465,,1.9964157342910767,,
1,28329,,0.0,,2.0,,
1,28339,,0.001792114693671465,,1.9964157342910767,,
1,28349,,0.0,,2.0,,
1,28359,,0.00358422938734293,,1.9928314685821533,,
1,28369,,0.001792114693671465,,1.9964157342910767,,
1,28379,,0.001792114693671465,,1.9964157342910767,,
1,28389,,0.0,,2.0,,
1,28399,,0.0,,2.0,,
1,28409,,0.00358422938734293,,1.9928314685821533,,
1,28419,,0.005376344081014395,,1.98924720287323,,
1,28429,,0.001792114693671465,,1.9964157342910767,,
1,28439,,0.005376344081014395,,1.9892473220825195,,
1,28449,,0.001792114693671465,,1.9964157342910767,,
1,28459,,0.001792114693671465,,1.9964157342910767,,
1,28469,,0.0,,2.0,,
1,28479,,0.0,,2.0,,
1,28489,,0.001792114693671465,,1.9964157342910767,,
1,28499,,0.0,,2.0,,
1,28509,,0.00716845877468586,,1.9856630563735962,,
1,28519,,0.0,,2.0,,
1,28529,,0.0,,2.0,,
1,28539,,0.0,,2.0,,
1,28549,,0.0,,2.0,,
1,28559,,0.00358422938734293,,1.9928314685821533,,
1,28569,,0.001792114693671465,,1.9964157342910767,,
1,28579,,0.001792114693671465,,1.9964157342910767,,
1,28589,,0.001792114693671465,,1.9964157342910767,,
1,28599,,0.0,,2.0,,
1,28609,,0.001792114693671465,,1.9964157342910767,,
1,28619,,0.005376344081014395,,1.9892473220825195,,
1,28629,,0.001792114693671465,,1.9964157342910767,,
1,28639,,0.0,,2.0,,
1,28649,,0.001792114693671465,,1.9964157342910767,,
1,28659,,0.005376344081014395,,1.9892473220825195,,
1,28669,,0.0,,2.0,,
1,28679,,0.001792114693671465,,1.9964157342910767,,
1,28689,,0.001792114693671465,,1.9964157342910767,,
1,28699,,0.001792114693671465,,1.9964157342910767,,
1,28709,,0.001792114693671465,,1.9964157342910767,,
1,28719,,0.001792114693671465,,1.9964157342910767,,
1,28729,,0.001792114693671465,,1.9964157342910767,,
1,28739,,0.0,,2.0,,
1,28749,,0.0,,2.0,,
1,28759,,0.001792114693671465,,1.9964157342910767,,
1,28769,,0.0,,2.0,,
1,28779,,0.001792114693671465,,1.9964157342910767,,
1,28789,,0.0,,2.0,,
1,28799,,0.001792114693671465,,1.9964157342910767,,
1,28809,,0.001792114693671465,,1.9964157342910767,,
1,28819,,0.001792114693671465,,1.9964157342910767,,
1,28829,,0.0,,2.0,,
1,28839,,0.00358422938734293,,1.9928314685821533,,
1,28849,,0.00358422938734293,,1.9928314685821533,,
1,28859,,0.001792114693671465,,1.9964157342910767,,
1,28869,,0.0,,2.0,,
1,28879,,0.00358422938734293,,1.9928314685821533,,
1,28889,,0.00358422938734293,,1.9928314685821533,,
1,28899,,0.0,,2.0,,
1,28909,,0.001792114693671465,,1.9964157342910767,,
1,28919,,0.00358422938734293,,1.9928314685821533,,
1,28929,,0.0,,2.0,,
1,28939,,0.001792114693671465,,1.9964157342910767,,
1,28949,,0.001792114693671465,,1.9964157342910767,,
1,28959,,0.001792114693671465,,1.9964157342910767,,
1,28969,,0.00358422938734293,,1.9928314685821533,,
1,28979,,0.00358422938734293,,1.9928314685821533,,
1,28989,,0.0,,2.0,,
1,28999,,0.0,,2.0,,
1,29009,,0.001792114693671465,,1.9964157342910767,,
1,29019,,0.001792114693671465,,1.9964157342910767,,
1,29029,,0.001792114693671465,,1.9964157342910767,,
1,29039,,0.0,,2.0,,
1,29049,,0.0,,2.0,,
1,29059,,0.0,,2.0,,
1,29069,,0.00358422938734293,,1.9928314685821533,,
1,29079,,0.0,,2.0,,
1,29089,,0.00358422938734293,,1.9928314685821533,,
1,29099,,0.00358422938734293,,1.9928314685821533,,
1,29109,,0.001792114693671465,,1.9964157342910767,,
1,29119,,0.00358422938734293,,1.9928314685821533,,
1,29129,,0.001792114693671465,,1.9964157342910767,,
1,29139,,0.001792114693671465,,1.9964157342910767,,
1,29149,,0.0,,2.0,,
1,29159,,0.00358422938734293,,1.9928314685821533,,
1,29169,,0.001792114693671465,,1.9964157342910767,,
1,29179,,0.005376344081014395,,1.9892473220825195,,
1,29189,,0.001792114693671465,,1.9964157342910767,,
1,29199,,0.005376344081014395,,1.9892473220825195,,
1,29209,,0.001792114693671465,,1.9964157342910767,,
1,29219,,0.00358422938734293,,1.9928314685821533,,
1,29229,,0.0,,2.0,,
1,29239,,0.00358422938734293,,1.9928314685821533,,
1,29249,,0.00358422938734293,,1.9928314685821533,,
1,29259,,0.0,,2.0,,
1,29269,,0.001792114693671465,,1.9964157342910767,,
1,29279,,0.001792114693671465,,1.9964157342910767,,
1,29289,,0.001792114693671465,,1.9964157342910767,,
1,29299,,0.00358422938734293,,1.9928314685821533,,
1,29309,,0.001792114693671465,,1.9964157342910767,,
1,29319,,0.001792114693671465,,1.9964157342910767,,
1,29329,,0.001792114693671465,,1.9964157342910767,,
1,29339,,0.00716845877468586,,1.9856630563735962,,
1,29349,,0.001792114693671465,,1.9964157342910767,,
1,29359,,0.0,,2.0,,
1,29369,,0.0,,2.0,,
1,29379,,0.00358422938734293,,1.9928314685821533,,
1,29389,,0.0,,2.0,,
1,29399,,0.00358422938734293,,1.9928314685821533,,
1,29409,,0.0,,2.0,,
1,29419,,0.00358422938734293,,1.9928314685821533,,
1,29429,,0.00358422938734293,,1.9928314685821533,,
1,29439,,0.001792114693671465,,1.9964157342910767,,
1,29449,,0.0,,2.0,,
1,29459,,0.001792114693671465,,1.9964157342910767,,
1,29469,,0.0,,2.0,,
1,29479,,0.005376344081014395,,1.98924720287323,,
1,29489,,0.001792114693671465,,1.9964157342910767,,
1,29499,,0.005376344081014395,,1.9892473220825195,,
1,29509,,0.0,,2.0,,
1,29519,,0.0,,2.0,,
1,29529,,0.001792114693671465,,1.9964157342910767,,
1,29539,,0.0,,2.0,,
1,29549,,0.001792114693671465,,1.9964157342910767,,
1,29559,,0.0,,2.0,,
1,29569,,0.001792114693671465,,1.9964157342910767,,
1,29579,,0.0,,2.0,,
1,29589,,0.005376344081014395,,1.9892473220825195,,
1,29599,,0.005376344081014395,,1.9892473220825195,,
1,29609,,0.0,,2.0,,
1,29619,,0.0,,2.0,,
1,29629,,0.0,,2.0,,
1,29639,,0.0,,2.0,,
1,29649,,0.00358422938734293,,1.9928314685821533,,
1,29659,,0.0,,2.0,,
1,29669,,0.001792114693671465,,1.9964157342910767,,
1,29679,,0.001792114693671465,,1.9964157342910767,,
1,29689,,0.00358422938734293,,1.9928314685821533,,
1,29699,,0.0,,2.0,,
1,29709,,0.00358422938734293,,1.9928314685821533,,
1,29719,,0.00358422938734293,,1.9928314685821533,,
1,29729,,0.001792114693671465,,1.9964157342910767,,
1,29739,,0.005376344081014395,,1.9892473220825195,,
1,29749,,0.0,,2.0,,
1,29759,,0.001792114693671465,,1.9964157342910767,,
1,29769,,0.001792114693671465,,1.9964157342910767,,
1,29779,,0.001792114693671465,,1.9964157342910767,,
1,29789,,0.001792114693671465,,1.9964157342910767,,
1,29799,,0.0,,2.0,,
1,29809,,0.0,,2.0,,
1,29819,,0.005376344081014395,,1.9892473220825195,,
1,29829,,0.001792114693671465,,1.9964157342910767,,
1,29839,,0.001792114693671465,,1.9964157342910767,,
1,29849,,0.00358422938734293,,1.9928314685821533,,
1,29859,,0.0,,2.0,,
1,29869,,0.001792114693671465,,1.9964157342910767,,
1,29879,,0.00358422938734293,,1.9928314685821533,,
1,29889,,0.001792114693671465,,1.9964157342910767,,
1,29899,,0.001792114693671465,,1.9964157342910767,,
1,29909,,0.00358422938734293,,1.9928314685821533,,
1,29919,,0.001792114693671465,,1.9964157342910767,,
1,29929,,0.005376344081014395,,1.98924720287323,,
1,29939,,0.001792114693671465,,1.9964157342910767,,
1,29949,,0.00716845877468586,,1.9856629371643066,,
1,29959,,0.001792114693671465,,1.9964157342910767,,
1,29969,,0.0,,2.0,,
1,29979,,0.0,,2.0,,
1,29989,,0.001792114693671465,,1.9964157342910767,,
1,29999,,0.0,,2.0,,
1,30009,,0.0,,2.0,,
1,30019,,0.0,,2.0,,
1,30029,,0.001792114693671465,,1.9964157342910767,,
1,30039,,0.0,,2.0,,
1,30049,,0.0,,2.0,,
1,30059,,0.001792114693671465,,1.9964157342910767,,
1,30069,,0.00358422938734293,,1.9928314685821533,,
1,30079,,0.001792114693671465,,1.9964157342910767,,
1,30089,,0.005376344081014395,,1.9892473220825195,,
1,30099,,0.001792114693671465,,1.9964157342910767,,
1,30109,,0.0,,2.0,,
1,30119,,0.00358422938734293,,1.9928314685821533,,
1,30129,,0.005376344081014395,,1.9892473220825195,,
1,30139,,0.0,,2.0,,
1,30149,,0.001792114693671465,,1.9964157342910767,,
1,30159,,0.001792114693671465,,1.9964157342910767,,
1,30169,,0.00358422938734293,,1.9928314685821533,,
1,30179,,0.00358422938734293,,1.9928314685821533,,
1,30189,,0.0,,2.0,,
1,30199,,0.0,,2.0,,
1,30209,,0.001792114693671465,,1.9964157342910767,,
1,30219,,0.001792114693671465,,1.9964157342910767,,
1,30229,,0.0,,2.0,,
1,30239,,0.001792114693671465,,1.9964157342910767,,
1,30249,,0.0,,2.0,,
1,30259,,0.0,,2.0,,
1,30269,,0.0,,2.0,,
1,30279,,0.005376344081014395,,1.9892473220825195,,
1,30289,,0.0,,2.0,,
1,30299,,0.0,,2.0,,
1,30309,,0.0,,2.0,,
1,30319,,0.001792114693671465,,1.9964157342910767,,
1,30329,,0.0,,2.0,,
1,30339,,0.0,,2.0,,
1,30349,,0.00358422938734293,,1.9928314685821533,,
1,30359,,0.0,,2.0,,
1,30369,,0.001792114693671465,,1.9964157342910767,,
1,30379,,0.005376344081014395,,1.98924720287323,,
1,30389,,0.00358422938734293,,1.9928314685821533,,
1,30399,,0.001792114693671465,,1.9964157342910767,,
1,30409,,0.001792114693671465,,1.9964157342910767,,
1,30419,,0.0,,2.0,,
1,30429,,0.0,,2.0,,
1,30439,,0.00358422938734293,,1.9928314685821533,,
1,30449,,0.001792114693671465,,1.9964157342910767,,
1,30459,,0.00716845877468586,,1.9856630563735962,,
1,30469,,0.0,,2.0,,
1,30479,,0.0,,2.0,,
1,30489,,0.00358422938734293,,1.9928314685821533,,
1,30499,,0.00358422938734293,,1.9928314685821533,,
1,30509,,0.0,,2.0,,
1,30519,,0.001792114693671465,,1.9964157342910767,,
1,30529,,0.00358422938734293,,1.9928314685821533,,
1,30539,,0.005376344081014395,,1.9892473220825195,,
1,30549,,0.005376344081014395,,1.9892473220825195,,
1,30559,,0.001792114693671465,,1.9964157342910767,,
1,30569,,0.001792114693671465,,1.9964157342910767,,
1,30575,,,,,0.0017686699284240603,1.9964627027511597
1,30575,0.001804423169232905,,1.9963911771774292,,,
2,30579,,0.0,,2.0,,
2,30589,,0.0,,2.0,,
2,30599,,0.0,,2.0,,
2,30609,,0.0,,2.0,,
2,30619,,0.0,,2.0,,
2,30629,,0.001792114693671465,,1.9964157342910767,,
2,30639,,0.001792114693671465,,1.9964157342910767,,
2,30649,,0.00716845877468586,,1.9856630563735962,,
2,30659,,0.001792114693671465,,1.9964157342910767,,
2,30669,,0.001792114693671465,,1.9964157342910767,,
2,30679,,0.001792114693671465,,1.9964157342910767,,
2,30689,,0.00358422938734293,,1.9928314685821533,,
2,30699,,0.001792114693671465,,1.9964157342910767,,
2,30709,,0.0,,2.0,,
2,30719,,0.0,,2.0,,
2,30729,,0.0,,2.0,,
2,30739,,0.001792114693671465,,1.9964157342910767,,
2,30749,,0.001792114693671465,,1.9964157342910767,,
2,30759,,0.00358422938734293,,1.9928314685821533,,
2,30769,,0.001792114693671465,,1.9964157342910767,,
2,30779,,0.0,,2.0,,
2,30789,,0.001792114693671465,,1.9964157342910767,,
2,30799,,0.00358422938734293,,1.9928314685821533,,
2,30809,,0.00358422938734293,,1.9928314685821533,,
2,30819,,0.001792114693671465,,1.9964157342910767,,
2,30829,,0.00716845877468586,,1.9856630563735962,,
2,30839,,0.001792114693671465,,1.9964157342910767,,
2,30849,,0.001792114693671465,,1.9964157342910767,,
2,30859,,0.001792114693671465,,1.9964157342910767,,
2,30869,,0.0,,2.0,,
2,30879,,0.0,,2.0,,
2,30889,,0.0,,2.0,,
2,30899,,0.00358422938734293,,1.9928314685821533,,
2,30909,,0.001792114693671465,,1.9964157342910767,,
2,30919,,0.00358422938734293,,1.9928314685821533,,
2,30929,,0.001792114693671465,,1.9964157342910767,,
2,30939,,0.001792114693671465,,1.9964157342910767,,
2,30949,,0.0,,2.0,,
2,30959,,0.0,,2.0,,
2,30969,,0.001792114693671465,,1.9964157342910767,,
2,30979,,0.0,,2.0,,
2,30989,,0.001792114693671465,,1.9964157342910767,,
2,30999,,0.001792114693671465,,1.9964157342910767,,
2,31009,,0.0,,2.0,,
2,31019,,0.00358422938734293,,1.9928314685821533,,
2,31029,,0.001792114693671465,,1.9964157342910767,,
2,31039,,0.0,,2.0,,
2,31049,,0.001792114693671465,,1.9964157342910767,,
2,31059,,0.0,,2.0,,
2,31069,,0.0,,2.0,,
2,31079,,0.0,,2.0,,
2,31089,,0.0,,2.0,,
2,31099,,0.005376344081014395,,1.9892473220825195,,
2,31109,,0.0,,2.0,,
2,31119,,0.001792114693671465,,1.9964157342910767,,
2,31129,,0.00358422938734293,,1.9928314685821533,,
2,31139,,0.001792114693671465,,1.9964157342910767,,
2,31149,,0.0,,2.0,,
2,31159,,0.0,,2.0,,
2,31169,,0.001792114693671465,,1.9964157342910767,,
2,31179,,0.001792114693671465,,1.9964157342910767,,
2,31189,,0.0,,2.0,,
2,31199,,0.001792114693671465,,1.9964157342910767,,
2,31209,,0.005376344081014395,,1.9892473220825195,,
2,31219,,0.005376344081014395,,1.98924720287323,,
2,31229,,0.00358422938734293,,1.9928314685821533,,
2,31239,,0.00358422938734293,,1.9928314685821533,,
2,31249,,0.005376344081014395,,1.9892473220825195,,
2,31259,,0.001792114693671465,,1.9964157342910767,,
2,31269,,0.00358422938734293,,1.9928314685821533,,
2,31279,,0.00358422938734293,,1.9928314685821533,,
2,31289,,0.001792114693671465,,1.9964157342910767,,
2,31299,,0.00358422938734293,,1.9928314685821533,,
2,31309,,0.001792114693671465,,1.9964157342910767,,
2,31319,,0.00358422938734293,,1.9928314685821533,,
2,31329,,0.0,,2.0,,
2,31339,,0.0,,2.0,,
2,31349,,0.001792114693671465,,1.9964157342910767,,
2,31359,,0.001792114693671465,,1.9964157342910767,,
2,31369,,0.001792114693671465,,1.9964157342910767,,
2,31379,,0.00358422938734293,,1.9928314685821533,,
2,31389,,0.0,,2.0,,
2,31399,,0.00358422938734293,,1.9928314685821533,,
2,31409,,0.001792114693671465,,1.9964157342910767,,
2,31419,,0.0,,2.0,,
2,31429,,0.005376344081014395,,1.9892473220825195,,
2,31439,,0.0,,2.0,,
2,31449,,0.0,,2.0,,
2,31459,,0.00358422938734293,,1.9928314685821533,,
2,31469,,0.00358422938734293,,1.9928314685821533,,
2,31479,,0.001792114693671465,,1.9964157342910767,,
2,31489,,0.00358422938734293,,1.9928314685821533,,
2,31499,,0.00358422938734293,,1.9928314685821533,,
2,31509,,0.001792114693671465,,1.9964157342910767,,
2,31519,,0.0,,2.0,,
2,31529,,0.00358422938734293,,1.9928314685821533,,
2,31539,,0.0,,2.0,,
2,31549,,0.001792114693671465,,1.9964157342910767,,
2,31559,,0.0,,2.0,,
2,31569,,0.00358422938734293,,1.9928314685821533,,
2,31579,,0.005376344081014395,,1.9892473220825195,,
2,31589,,0.00358422938734293,,1.9928314685821533,,
2,31599,,0.001792114693671465,,1.9964157342910767,,
2,31609,,0.0,,2.0,,
2,31619,,0.0,,2.0,,
2,31629,,0.001792114693671465,,1.9964157342910767,,
2,31639,,0.001792114693671465,,1.9964157342910767,,
2,31649,,0.001792114693671465,,1.9964157342910767,,
2,31659,,0.0,,2.0,,
2,31669,,0.0,,2.0,,
2,31679,,0.001792114693671465,,1.9964157342910767,,
2,31689,,0.00358422938734293,,1.9928314685821533,,
2,31699,,0.0,,2.0,,
2,31709,,0.0,,2.0,,
2,31719,,0.00358422938734293,,1.9928314685821533,,
2,31729,,0.001792114693671465,,1.9964157342910767,,
2,31739,,0.001792114693671465,,1.9964157342910767,,
2,31749,,0.001792114693671465,,1.9964157342910767,,
2,31759,,0.01075268816202879,,1.978494644165039,,
2,31769,,0.001792114693671465,,1.9964157342910767,,
2,31779,,0.0,,2.0,,
2,31789,,0.001792114693671465,,1.9964157342910767,,
2,31799,,0.001792114693671465,,1.9964157342910767,,
2,31809,,0.00358422938734293,,1.9928314685821533,,
2,31819,,0.00716845877468586,,1.9856629371643066,,
2,31829,,0.0,,2.0,,
2,31839,,0.001792114693671465,,1.9964157342910767,,
2,31849,,0.001792114693671465,,1.9964157342910767,,
2,31859,,0.00358422938734293,,1.9928314685821533,,
2,31869,,0.0,,2.0,,
2,31879,,0.0,,2.0,,
2,31889,,0.001792114693671465,,1.9964157342910767,,
2,31899,,0.001792114693671465,,1.9964157342910767,,
2,31909,,0.0,,2.0,,
2,31919,,0.001792114693671465,,1.9964157342910767,,
2,31929,,0.00358422938734293,,1.9928314685821533,,
2,31939,,0.001792114693671465,,1.9964157342910767,,
2,31949,,0.0,,2.0,,
2,31959,,0.005376344081014395,,1.9892473220825195,,
2,31969,,0.00358422938734293,,1.9928314685821533,,
2,31979,,0.001792114693671465,,1.9964157342910767,,
2,31989,,0.00358422938734293,,1.9928314685821533,,
2,31999,,0.00358422938734293,,1.9928314685821533,,
2,32009,,0.0,,2.0,,
2,32019,,0.001792114693671465,,1.9964157342910767,,
2,32029,,0.001792114693671465,,1.9964157342910767,,
2,32039,,0.001792114693671465,,1.9964157342910767,,
2,32049,,0.001792114693671465,,1.9964157342910767,,
2,32059,,0.01075268816202879,,1.97849440574646,,
2,32069,,0.0,,2.0,,
2,32079,,0.0,,2.0,,
2,32089,,0.0,,2.0,,
2,32099,,0.0,,2.0,,
2,32109,,0.00358422938734293,,1.9928314685821533,,
2,32119,,0.001792114693671465,,1.9964157342910767,,
2,32129,,0.001792114693671465,,1.9964157342910767,,
2,32139,,0.0,,2.0,,
2,32149,,0.001792114693671465,,1.9964157342910767,,
2,32159,,0.0,,2.0,,
2,32169,,0.0,,2.0,,
2,32179,,0.001792114693671465,,1.9964157342910767,,
2,32189,,0.0,,2.0,,
2,32199,,0.00358422938734293,,1.9928314685821533,,
2,32209,,0.001792114693671465,,1.9964157342910767,,
2,32219,,0.001792114693671465,,1.9964157342910767,,
2,32229,,0.00358422938734293,,1.9928314685821533,,
2,32239,,0.001792114693671465,,1.9964157342910767,,
2,32249,,0.0,,2.0,,
2,32259,,0.0,,2.0,,
2,32269,,0.00358422938734293,,1.9928314685821533,,
2,32279,,0.0,,2.0,,
2,32289,,0.001792114693671465,,1.9964157342910767,,
2,32299,,0.001792114693671465,,1.9964157342910767,,
2,32309,,0.001792114693671465,,1.9964157342910767,,
2,32319,,0.005376344081014395,,1.98924720287323,,
2,32329,,0.0,,2.0,,
2,32339,,0.0,,2.0,,
2,32349,,0.005376344081014395,,1.98924720287323,,
2,32359,,0.0,,2.0,,
2,32369,,0.00358422938734293,,1.9928314685821533,,
2,32379,,0.0,,2.0,,
2,32389,,0.001792114693671465,,1.9964157342910767,,
2,32399,,0.00358422938734293,,1.9928314685821533,,
2,32409,,0.001792114693671465,,1.9964157342910767,,
2,32419,,0.0,,2.0,,
2,32429,,0.0,,2.0,,
2,32439,,0.0,,2.0,,
2,32449,,0.001792114693671465,,1.9964157342910767,,
2,32459,,0.0,,2.0,,
2,32469,,0.00358422938734293,,1.9928314685821533,,
2,32479,,0.0,,2.0,,
2,32489,,0.0,,2.0,,
2,32499,,0.001792114693671465,,1.9964157342910767,,
2,32509,,0.005376344081014395,,1.9892473220825195,,
2,32519,,0.001792114693671465,,1.9964157342910767,,
2,32529,,0.0,,2.0,,
2,32539,,0.00358422938734293,,1.9928314685821533,,
2,32549,,0.0,,2.0,,
2,32559,,0.00358422938734293,,1.9928314685821533,,
2,32569,,0.001792114693671465,,1.9964157342910767,,
2,32579,,0.001792114693671465,,1.9964157342910767,,
2,32589,,0.001792114693671465,,1.9964157342910767,,
2,32599,,0.0,,2.0,,
2,32609,,0.0,,2.0,,
2,32619,,0.0,,2.0,,
2,32629,,0.00358422938734293,,1.9928314685821533,,
2,32639,,0.00358422938734293,,1.9928314685821533,,
2,32649,,0.0,,2.0,,
2,32659,,0.0,,2.0,,
2,32669,,0.0,,2.0,,
2,32679,,0.0,,2.0,,
2,32689,,0.001792114693671465,,1.9964157342910767,,
2,32699,,0.00358422938734293,,1.9928314685821533,,
2,32709,,0.00358422938734293,,1.9928314685821533,,
2,32719,,0.005376344081014395,,1.9892473220825195,,
2,32729,,0.0,,2.0,,
2,32739,,0.001792114693671465,,1.9964157342910767,,
2,32749,,0.0,,2.0,,
2,32759,,0.001792114693671465,,1.9964157342910767,,
2,32769,,0.0,,2.0,,
2,32779,,0.0,,2.0,,
2,32789,,0.001792114693671465,,1.9964157342910767,,
2,32799,,0.0,,2.0,,
2,32809,,0.001792114693671465,,1.9964157342910767,,
2,32819,,0.0,,2.0,,
2,32829,,0.0,,2.0,,
2,32839,,0.0,,2.0,,
2,32849,,0.0,,2.0,,
2,32859,,0.0,,2.0,,
2,32869,,0.0,,2.0,,
2,32879,,0.0,,2.0,,
2,32889,,0.001792114693671465,,1.9964157342910767,,
2,32899,,0.001792114693671465,,1.9964157342910767,,
2,32909,,0.0,,2.0,,
2,32919,,0.00358422938734293,,1.9928314685821533,,
2,32929,,0.001792114693671465,,1.9964157342910767,,
2,32939,,0.005376344081014395,,1.9892473220825195,,
2,32949,,0.00358422938734293,,1.9928314685821533,,
2,32959,,0.0,,2.0,,
2,32969,,0.0,,2.0,,
2,32979,,0.0,,2.0,,
2,32989,,0.005376344081014395,,1.98924720287323,,
2,32999,,0.00358422938734293,,1.9928314685821533,,
2,33009,,0.0,,2.0,,
2,33019,,0.0,,2.0,,
2,33029,,0.001792114693671465,,1.9964157342910767,,
2,33039,,0.001792114693671465,,1.9964157342910767,,
2,33049,,0.001792114693671465,,1.9964157342910767,,
2,33059,,0.005376344081014395,,1.9892473220825195,,
2,33069,,0.00358422938734293,,1.9928314685821533,,
2,33079,,0.00716845877468586,,1.9856630563735962,,
2,33089,,0.00358422938734293,,1.9928314685821533,,
2,33099,,0.0,,2.0,,
2,33109,,0.001792114693671465,,1.9964157342910767,,
2,33119,,0.00358422938734293,,1.9928314685821533,,
2,33129,,0.001792114693671465,,1.9964157342910767,,
2,33139,,0.001792114693671465,,1.9964157342910767,,
2,33149,,0.0,,2.0,,
2,33159,,0.001792114693671465,,1.9964157342910767,,
2,33169,,0.00358422938734293,,1.9928314685821533,,
2,33179,,0.0,,2.0,,
2,33189,,0.001792114693671465,,1.9964157342910767,,
2,33199,,0.001792114693671465,,1.9964157342910767,,
2,33209,,0.0,,2.0,,
2,33219,,0.0,,2.0,,
2,33229,,0.0,,2.0,,
2,33239,,0.001792114693671465,,1.9964157342910767,,
2,33249,,0.0,,2.0,,
2,33259,,0.00358422938734293,,1.9928314685821533,,
2,33269,,0.0,,2.0,,
2,33279,,0.005376344081014395,,1.98924720287323,,
2,33289,,0.00358422938734293,,1.9928314685821533,,
2,33299,,0.0,,2.0,,
2,33309,,0.005376344081014395,,1.98924720287323,,
2,33319,,0.005376344081014395,,1.98924720287323,,
2,33329,,0.005376344081014395,,1.9892473220825195,,
2,33339,,0.00358422938734293,,1.9928314685821533,,
2,33349,,0.001792114693671465,,1.9964157342910767,,
2,33359,,0.0,,2.0,,
2,33369,,0.00358422938734293,,1.9928314685821533,,
2,33379,,0.001792114693671465,,1.9964157342910767,,
2,33389,,0.0,,2.0,,
2,33399,,0.001792114693671465,,1.9964157342910767,,
2,33409,,0.0,,2.0,,
2,33419,,0.00358422938734293,,1.9928314685821533,,
2,33429,,0.0,,2.0,,
2,33439,,0.00358422938734293,,1.9928314685821533,,
2,33449,,0.001792114693671465,,1.9964157342910767,,
2,33459,,0.00358422938734293,,1.9928314685821533,,
2,33469,,0.001792114693671465,,1.9964157342910767,,
2,33479,,0.0,,2.0,,
2,33489,,0.00716845877468586,,1.9856630563735962,,
2,33499,,0.0,,2.0,,
2,33509,,0.001792114693671465,,1.9964157342910767,,
2,33519,,0.00358422938734293,,1.9928314685821533,,
2,33529,,0.001792114693671465,,1.9964157342910767,,
2,33539,,0.0,,2.0,,
2,33549,,0.0,,2.0,,
2,33559,,0.001792114693671465,,1.9964157342910767,,
2,33569,,0.001792114693671465,,1.9964157342910767,,
2,33579,,0.005376344081014395,,1.98924720287323,,
2,33589,,0.0,,2.0,,
2,33599,,0.0,,2.0,,
2,33609,,0.005376344081014395,,1.9892473220825195,,
2,33619,,0.001792114693671465,,1.9964157342910767,,
2,33629,,0.0,,2.0,,
2,33639,,0.001792114693671465,,1.9964157342910767,,
2,33649,,0.0,,2.0,,
2,33659,,0.0,,2.0,,
2,33669,,0.00358422938734293,,1.9928314685821533,,
2,33679,,0.001792114693671465,,1.9964157342910767,,
2,33689,,0.001792114693671465,,1.9964157342910767,,
2,33699,,0.00358422938734293,,1.9928314685821533,,
2,33709,,0.001792114693671465,,1.9964157342910767,,
2,33719,,0.001792114693671465,,1.9964157342910767,,
2,33729,,0.0,,2.0,,
2,33739,,0.001792114693671465,,1.9964157342910767,,
2,33749,,0.001792114693671465,,1.9964157342910767,,
2,33759,,0.005376344081014395,,1.9892473220825195,,
2,33769,,0.001792114693671465,,1.9964157342910767,,
2,33779,,0.0,,2.0,,
2,33789,,0.0,,2.0,,
2,33799,,0.00358422938734293,,1.9928314685821533,,
2,33809,,0.001792114693671465,,1.9964157342910767,,
2,33819,,0.0,,2.0,,
2,33829,,0.00358422938734293,,1.9928314685821533,,
2,33839,,0.00358422938734293,,1.9928314685821533,,
2,33849,,0.00716845877468586,,1.9856629371643066,,
2,33859,,0.0,,2.0,,
2,33869,,0.0,,2.0,,
2,33879,,0.001792114693671465,,1.9964157342910767,,
2,33889,,0.00358422938734293,,1.9928314685821533,,
2,33899,,0.0,,2.0,,
2,33909,,0.001792114693671465,,1.9964157342910767,,
2,33919,,0.0,,2.0,,
2,33929,,0.001792114693671465,,1.9964157342910767,,
2,33939,,0.00358422938734293,,1.9928314685821533,,
2,33949,,0.0,,2.0,,
2,33959,,0.00358422938734293,,1.9928314685821533,,
2,33969,,0.00358422938734293,,1.9928314685821533,,
2,33979,,0.0,,2.0,,
2,33989,,0.00358422938734293,,1.9928314685821533,,
2,33999,,0.001792114693671465,,1.9964157342910767,,
2,34009,,0.0,,2.0,,
2,34019,,0.0,,2.0,,
2,34029,,0.001792114693671465,,1.9964157342910767,,
2,34039,,0.0,,2.0,,
2,34049,,0.0,,2.0,,
2,34059,,0.001792114693671465,,1.9964157342910767,,
2,34069,,0.001792114693671465,,1.9964157342910767,,
2,34079,,0.0,,2.0,,
2,34089,,0.001792114693671465,,1.9964157342910767,,
2,34099,,0.00358422938734293,,1.9928314685821533,,
2,34109,,0.001792114693671465,,1.9964157342910767,,
2,34119,,0.001792114693671465,,1.9964157342910767,,
2,34129,,0.001792114693671465,,1.9964157342910767,,
2,34139,,0.001792114693671465,,1.9964157342910767,,
2,34149,,0.001792114693671465,,1.9964157342910767,,
2,34159,,0.00358422938734293,,1.9928314685821533,,
2,34169,,0.005376344081014395,,1.9892473220825195,,
2,34179,,0.0,,2.0,,
2,34189,,0.0,,2.0,,
2,34199,,0.0,,2.0,,
2,34209,,0.001792114693671465,,1.9964157342910767,,
2,34219,,0.001792114693671465,,1.9964157342910767,,
2,34229,,0.005376344081014395,,1.98924720287323,,
2,34239,,0.001792114693671465,,1.9964157342910767,,
2,34249,,0.008960573934018612,,1.9820787906646729,,
2,34259,,0.0,,2.0,,
2,34269,,0.0,,2.0,,
2,34279,,0.001792114693671465,,1.9964157342910767,,
2,34289,,0.0,,2.0,,
2,34299,,0.0,,2.0,,
2,34309,,0.0,,2.0,,
2,34319,,0.0,,2.0,,
2,34329,,0.00358422938734293,,1.9928314685821533,,
2,34339,,0.00358422938734293,,1.9928314685821533,,
2,34349,,0.00358422938734293,,1.9928314685821533,,
2,34359,,0.005376344081014395,,1.9892473220825195,,
2,34369,,0.001792114693671465,,1.9964157342910767,,
2,34379,,0.0,,2.0,,
2,34389,,0.0,,2.0,,
2,34399,,0.00358422938734293,,1.9928314685821533,,
2,34409,,0.00358422938734293,,1.9928314685821533,,
2,34419,,0.0,,2.0,,
2,34429,,0.001792114693671465,,1.9964157342910767,,
2,34439,,0.0,,2.0,,
2,34449,,0.001792114693671465,,1.9964157342910767,,
2,34459,,0.0,,2.0,,
2,34469,,0.001792114693671465,,1.9964157342910767,,
2,34479,,0.005376344081014395,,1.9892473220825195,,
2,34489,,0.001792114693671465,,1.9964157342910767,,
2,34499,,0.0,,2.0,,
2,34509,,0.0,,2.0,,
2,34519,,0.0,,2.0,,
2,34529,,0.0,,2.0,,
2,34539,,0.0,,2.0,,
2,34549,,0.001792114693671465,,1.9964157342910767,,
2,34559,,0.0,,2.0,,
2,34569,,0.0,,2.0,,
2,34579,,0.0,,2.0,,
2,34589,,0.001792114693671465,,1.9964157342910767,,
2,34599,,0.001792114693671465,,1.9964157342910767,,
2,34609,,0.001792114693671465,,1.9964157342910767,,
2,34619,,0.00358422938734293,,1.9928314685821533,,
2,34629,,0.001792114693671465,,1.9964157342910767,,
2,34639,,0.0,,2.0,,
2,34649,,0.00358422938734293,,1.9928314685821533,,
2,34659,,0.0,,2.0,,
2,34669,,0.0,,2.0,,
2,34679,,0.0,,2.0,,
2,34689,,0.001792114693671465,,1.9964157342910767,,
2,34699,,0.001792114693671465,,1.9964157342910767,,
2,34709,,0.00358422938734293,,1.9928314685821533,,
2,34719,,0.001792114693671465,,1.9964157342910767,,
2,34729,,0.001792114693671465,,1.9964157342910767,,
2,34739,,0.005376344081014395,,1.9892473220825195,,
2,34749,,0.001792114693671465,,1.9964157342910767,,
2,34759,,0.00358422938734293,,1.9928314685821533,,
2,34769,,0.001792114693671465,,1.9964157342910767,,
2,34779,,0.001792114693671465,,1.9964157342910767,,
2,34789,,0.0,,2.0,,
2,34799,,0.005376344081014395,,1.98924720287323,,
2,34809,,0.001792114693671465,,1.9964157342910767,,
2,34819,,0.00358422938734293,,1.9928314685821533,,
2,34829,,0.005376344081014395,,1.9892473220825195,,
2,34839,,0.001792114693671465,,1.9964157342910767,,
2,34849,,0.0,,2.0,,
2,34859,,0.001792114693671465,,1.9964157342910767,,
2,34869,,0.0,,2.0,,
2,34879,,0.001792114693671465,,1.9964157342910767,,
2,34889,,0.001792114693671465,,1.9964157342910767,,
2,34899,,0.001792114693671465,,1.9964157342910767,,
2,34909,,0.001792114693671465,,1.9964157342910767,,
2,34919,,0.001792114693671465,,1.9964157342910767,,
2,34929,,0.00358422938734293,,1.9928314685821533,,
2,34939,,0.0,,2.0,,
2,34949,,0.001792114693671465,,1.9964157342910767,,
2,34959,,0.0,,2.0,,
2,34969,,0.001792114693671465,,1.9964157342910767,,
2,34979,,0.0,,2.0,,
2,34989,,0.001792114693671465,,1.9964157342910767,,
2,34999,,0.0,,2.0,,
2,35009,,0.005376344081014395,,1.98924720287323,,
2,35019,,0.001792114693671465,,1.9964157342910767,,
2,35029,,0.0,,2.0,,
2,35039,,0.001792114693671465,,1.9964157342910767,,
2,35049,,0.00358422938734293,,1.9928314685821533,,
2,35059,,0.001792114693671465,,1.9964157342910767,,
2,35069,,0.00358422938734293,,1.9928314685821533,,
2,35079,,0.0,,2.0,,
2,35089,,0.0,,2.0,,
2,35099,,0.001792114693671465,,1.9964157342910767,,
2,35109,,0.001792114693671465,,1.9964157342910767,,
2,35119,,0.005376344081014395,,1.98924720287323,,
2,35129,,0.0,,2.0,,
2,35139,,0.001792114693671465,,1.9964157342910767,,
2,35149,,0.001792114693671465,,1.9964157342910767,,
2,35159,,0.005376344081014395,,1.98924720287323,,
2,35169,,0.001792114693671465,,1.9964157342910767,,
2,35179,,0.0,,2.0,,
2,35189,,0.0,,2.0,,
2,35199,,0.00358422938734293,,1.9928314685821533,,
2,35209,,0.0,,2.0,,
2,35219,,0.001792114693671465,,1.9964157342910767,,
2,35229,,0.00358422938734293,,1.9928314685821533,,
2,35239,,0.001792114693671465,,1.9964157342910767,,
2,35249,,0.0,,2.0,,
2,35259,,0.0,,2.0,,
2,35269,,0.0,,2.0,,
2,35279,,0.001792114693671465,,1.9964157342910767,,
2,35289,,0.001792114693671465,,1.9964157342910767,,
2,35299,,0.001792114693671465,,1.9964157342910767,,
2,35309,,0.001792114693671465,,1.9964157342910767,,
2,35319,,0.005376344081014395,,1.9892473220825195,,
2,35329,,0.001792114693671465,,1.9964157342910767,,
2,35339,,0.0,,2.0,,
2,35349,,0.001792114693671465,,1.9964157342910767,,
2,35359,,0.001792114693671465,,1.9964157342910767,,
2,35369,,0.001792114693671465,,1.9964157342910767,,
2,35379,,0.001792114693671465,,1.9964157342910767,,
2,35389,,0.0,,2.0,,
2,35399,,0.001792114693671465,,1.9964157342910767,,
2,35409,,0.001792114693671465,,1.9964157342910767,,
2,35419,,0.001792114693671465,,1.9964157342910767,,
2,35429,,0.00358422938734293,,1.9928314685821533,,
2,35439,,0.00358422938734293,,1.9928314685821533,,
2,35449,,0.005376344081014395,,1.9892473220825195,,
2,35459,,0.001792114693671465,,1.9964157342910767,,
2,35469,,0.0,,2.0,,
2,35479,,0.0,,2.0,,
2,35489,,0.0,,2.0,,
2,35499,,0.00358422938734293,,1.9928314685821533,,
2,35509,,0.00358422938734293,,1.9928314685821533,,
2,35519,,0.001792114693671465,,1.9964157342910767,,
2,35529,,0.001792114693671465,,1.9964157342910767,,
2,35539,,0.00716845877468586,,1.9856630563735962,,
2,35549,,0.001792114693671465,,1.9964157342910767,,
2,35559,,0.0,,2.0,,
2,35569,,0.001792114693671465,,1.9964157342910767,,
2,35579,,0.001792114693671465,,1.9964157342910767,,
2,35589,,0.0,,2.0,,
2,35599,,0.0,,2.0,,
2,35609,,0.00358422938734293,,1.9928314685821533,,
2,35619,,0.0,,2.0,,
2,35629,,0.0,,2.0,,
2,35639,,0.0,,2.0,,
2,35649,,0.0,,2.0,,
2,35659,,0.001792114693671465,,1.9964157342910767,,
2,35669,,0.001792114693671465,,1.9964157342910767,,
2,35679,,0.001792114693671465,,1.9964157342910767,,
2,35689,,0.00358422938734293,,1.9928314685821533,,
2,35699,,0.0,,2.0,,
2,35709,,0.0,,2.0,,
2,35719,,0.001792114693671465,,1.9964157342910767,,
2,35729,,0.0,,2.0,,
2,35739,,0.001792114693671465,,1.9964157342910767,,
2,35749,,0.001792114693671465,,1.9964157342910767,,
2,35759,,0.0,,2.0,,
2,35769,,0.001792114693671465,,1.9964157342910767,,
2,35779,,0.001792114693671465,,1.9964157342910767,,
2,35789,,0.00358422938734293,,1.9928314685821533,,
2,35799,,0.0,,2.0,,
2,35809,,0.00358422938734293,,1.9928314685821533,,
2,35819,,0.001792114693671465,,1.9964157342910767,,
2,35829,,0.001792114693671465,,1.9964157342910767,,
2,35839,,0.0,,2.0,,
2,35849,,0.0,,2.0,,
2,35859,,0.005376344081014395,,1.9892473220825195,,
2,35869,,0.00358422938734293,,1.9928314685821533,,
2,35879,,0.001792114693671465,,1.9964157342910767,,
2,35889,,0.0,,2.0,,
2,35899,,0.0,,2.0,,
2,35909,,0.001792114693671465,,1.9964157342910767,,
2,35919,,0.0,,2.0,,
2,35929,,0.001792114693671465,,1.9964157342910767,,
2,35939,,0.001792114693671465,,1.9964157342910767,,
2,35949,,0.00358422938734293,,1.9928314685821533,,
2,35959,,0.001792114693671465,,1.9964157342910767,,
2,35969,,0.001792114693671465,,1.9964157342910767,,
2,35979,,0.001792114693671465,,1.9964157342910767,,
2,35989,,0.00358422938734293,,1.9928314685821533,,
2,35999,,0.001792114693671465,,1.9964157342910767,,
2,36009,,0.00358422938734293,,1.9928314685821533,,
2,36019,,0.001792114693671465,,1.9964157342910767,,
2,36029,,0.00358422938734293,,1.9928314685821533,,
2,36039,,0.0,,2.0,,
2,36049,,0.00358422938734293,,1.9928314685821533,,
2,36059,,0.001792114693671465,,1.9964157342910767,,
2,36069,,0.0,,2.0,,
2,36079,,0.001792114693671465,,1.9964157342910767,,
2,36089,,0.001792114693671465,,1.9964157342910767,,
2,36099,,0.0,,2.0,,
2,36109,,0.0,,2.0,,
2,36119,,0.001792114693671465,,1.9964157342910767,,
2,36129,,0.0,,2.0,,
2,36139,,0.001792114693671465,,1.9964157342910767,,
2,36149,,0.0,,2.0,,
2,36159,,0.0,,2.0,,
2,36169,,0.001792114693671465,,1.9964157342910767,,
2,36179,,0.0,,2.0,,
2,36189,,0.001792114693671465,,1.9964157342910767,,
2,36199,,0.001792114693671465,,1.9964157342910767,,
2,36209,,0.00358422938734293,,1.9928314685821533,,
2,36219,,0.0,,2.0,,
2,36229,,0.001792114693671465,,1.9964157342910767,,
2,36239,,0.0,,2.0,,
2,36249,,0.001792114693671465,,1.9964157342910767,,
2,36259,,0.00358422938734293,,1.9928314685821533,,
2,36269,,0.00358422938734293,,1.9928314685821533,,
2,36279,,0.00358422938734293,,1.9928314685821533,,
2,36289,,0.00358422938734293,,1.9928314685821533,,
2,36299,,0.001792114693671465,,1.9964157342910767,,
2,36309,,0.001792114693671465,,1.9964157342910767,,
2,36319,,0.001792114693671465,,1.9964157342910767,,
2,36329,,0.001792114693671465,,1.9964157342910767,,
2,36339,,0.0,,2.0,,
2,36349,,0.001792114693671465,,1.9964157342910767,,
2,36359,,0.0,,2.0,,
2,36369,,0.0,,2.0,,
2,36379,,0.001792114693671465,,1.9964157342910767,,
2,36389,,0.001792114693671465,,1.9964157342910767,,
2,36399,,0.0,,2.0,,
2,36409,,0.00358422938734293,,1.9928314685821533,,
2,36419,,0.001792114693671465,,1.9964157342910767,,
2,36429,,0.001792114693671465,,1.9964157342910767,,
2,36439,,0.0,,2.0,,
2,36449,,0.00358422938734293,,1.9928314685821533,,
2,36459,,0.0,,2.0,,
2,36469,,0.0,,2.0,,
2,36479,,0.005376344081014395,,1.9892473220825195,,
2,36489,,0.001792114693671465,,1.9964157342910767,,
2,36499,,0.00358422938734293,,1.9928314685821533,,
2,36509,,0.001792114693671465,,1.9964157342910767,,
2,36519,,0.0,,2.0,,
2,36529,,0.0,,2.0,,
2,36539,,0.001792114693671465,,1.9964157342910767,,
2,36549,,0.001792114693671465,,1.9964157342910767,,
2,36559,,0.001792114693671465,,1.9964157342910767,,
2,36569,,0.001792114693671465,,1.9964157342910767,,
2,36579,,0.001792114693671465,,1.9964157342910767,,
2,36589,,0.00358422938734293,,1.9928314685821533,,
2,36599,,0.001792114693671465,,1.9964157342910767,,
2,36609,,0.0,,2.0,,
2,36619,,0.001792114693671465,,1.9964157342910767,,
2,36629,,0.001792114693671465,,1.9964157342910767,,
2,36639,,0.001792114693671465,,1.9964157342910767,,
2,36649,,0.0,,2.0,,
2,36659,,0.0,,2.0,,
2,36669,,0.0,,2.0,,
2,36679,,0.001792114693671465,,1.9964157342910767,,
2,36689,,0.001792114693671465,,1.9964157342910767,,
2,36699,,0.0,,2.0,,
2,36709,,0.001792114693671465,,1.9964157342910767,,
2,36719,,0.00716845877468586,,1.9856630563735962,,
2,36729,,0.00358422938734293,,1.9928314685821533,,
2,36739,,0.0,,2.0,,
2,36749,,0.005376344081014395,,1.98924720287323,,
2,36759,,0.0,,2.0,,
2,36769,,0.0,,2.0,,
2,36779,,0.008960573934018612,,1.9820787906646729,,
2,36789,,0.0,,2.0,,
2,36799,,0.0,,2.0,,
2,36809,,0.0,,2.0,,
2,36819,,0.001792114693671465,,1.9964157342910767,,
2,36829,,0.001792114693671465,,1.9964157342910767,,
2,36839,,0.0,,2.0,,
2,36849,,0.0,,2.0,,
2,36859,,0.0,,2.0,,
2,36869,,0.0,,2.0,,
2,36879,,0.0,,2.0,,
2,36889,,0.001792114693671465,,1.9964157342910767,,
2,36899,,0.001792114693671465,,1.9964157342910767,,
2,36909,,0.0,,2.0,,
2,36919,,0.00358422938734293,,1.9928314685821533,,
2,36929,,0.001792114693671465,,1.9964157342910767,,
2,36939,,0.001792114693671465,,1.9964157342910767,,
2,36949,,0.0,,2.0,,
2,36959,,0.00358422938734293,,1.9928314685821533,,
2,36969,,0.00358422938734293,,1.9928314685821533,,
2,36979,,0.001792114693671465,,1.9964157342910767,,
2,36989,,0.001792114693671465,,1.9964157342910767,,
2,36999,,0.0,,2.0,,
2,37009,,0.001792114693671465,,1.9964157342910767,,
2,37019,,0.00358422938734293,,1.9928314685821533,,
2,37029,,0.001792114693671465,,1.9964157342910767,,
2,37039,,0.0,,2.0,,
2,37049,,0.00358422938734293,,1.9928314685821533,,
2,37059,,0.0,,2.0,,
2,37069,,0.0,,2.0,,
2,37079,,0.00358422938734293,,1.9928314685821533,,
2,37089,,0.00358422938734293,,1.9928314685821533,,
2,37099,,0.0,,2.0,,
2,37109,,0.0,,2.0,,
2,37119,,0.0,,2.0,,
2,37129,,0.0,,2.0,,
2,37139,,0.001792114693671465,,1.9964157342910767,,
2,37149,,0.001792114693671465,,1.9964157342910767,,
2,37159,,0.005376344081014395,,1.9892473220825195,,
2,37169,,0.001792114693671465,,1.9964157342910767,,
2,37179,,0.0,,2.0,,
2,37189,,0.001792114693671465,,1.9964157342910767,,
2,37199,,0.0,,2.0,,
2,37209,,0.0,,2.0,,
2,37219,,0.001792114693671465,,1.9964157342910767,,
2,37229,,0.001792114693671465,,1.9964157342910767,,
2,37239,,0.0,,2.0,,
2,37249,,0.0,,2.0,,
2,37259,,0.0,,2.0,,
2,37269,,0.0,,2.0,,
2,37279,,0.001792114693671465,,1.9964157342910767,,
2,37289,,0.001792114693671465,,1.9964157342910767,,
2,37299,,0.00358422938734293,,1.9928314685821533,,
2,37309,,0.0,,2.0,,
2,37319,,0.0,,2.0,,
2,37329,,0.0,,2.0,,
2,37339,,0.001792114693671465,,1.9964157342910767,,
2,37349,,0.00358422938734293,,1.9928314685821533,,
2,37359,,0.0,,2.0,,
2,37369,,0.001792114693671465,,1.9964157342910767,,
2,37379,,0.00358422938734293,,1.9928314685821533,,
2,37389,,0.001792114693671465,,1.9964157342910767,,
2,37399,,0.0,,2.0,,
2,37409,,0.0,,2.0,,
2,37419,,0.001792114693671465,,1.9964157342910767,,
2,37429,,0.001792114693671465,,1.9964157342910767,,
2,37439,,0.00358422938734293,,1.9928314685821533,,
2,37449,,0.00358422938734293,,1.9928314685821533,,
2,37459,,0.00358422938734293,,1.9928314685821533,,
2,37469,,0.001792114693671465,,1.9964157342910767,,
2,37479,,0.001792114693671465,,1.9964157342910767,,
2,37489,,0.001792114693671465,,1.9964157342910767,,
2,37499,,0.0,,2.0,,
2,37509,,0.00358422938734293,,1.9928314685821533,,
2,37519,,0.0,,2.0,,
2,37529,,0.0,,2.0,,
2,37539,,0.001792114693671465,,1.9964157342910767,,
2,37549,,0.0,,2.0,,
2,37559,,0.0,,2.0,,
2,37569,,0.0,,2.0,,
2,37579,,0.001792114693671465,,1.9964157342910767,,
2,37589,,0.0,,2.0,,
2,37599,,0.0,,2.0,,
2,37609,,0.00358422938734293,,1.9928314685821533,,
2,37619,,0.001792114693671465,,1.9964157342910767,,
2,37629,,0.0,,2.0,,
2,37639,,0.00358422938734293,,1.9928314685821533,,
2,37649,,0.001792114693671465,,1.9964157342910767,,
2,37659,,0.005376344081014395,,1.9892473220825195,,
2,37669,,0.001792114693671465,,1.9964157342910767,,
2,37679,,0.001792114693671465,,1.9964157342910767,,
2,37689,,0.001792114693671465,,1.9964157342910767,,
2,37699,,0.001792114693671465,,1.9964157342910767,,
2,37709,,0.00358422938734293,,1.9928314685821533,,
2,37719,,0.0,,2.0,,
2,37729,,0.001792114693671465,,1.9964157342910767,,
2,37739,,0.001792114693671465,,1.9964157342910767,,
2,37749,,0.001792114693671465,,1.9964157342910767,,
2,37759,,0.00358422938734293,,1.9928314685821533,,
2,37769,,0.00358422938734293,,1.9928314685821533,,
2,37779,,0.00358422938734293,,1.9928314685821533,,
2,37789,,0.0,,2.0,,
2,37799,,0.001792114693671465,,1.9964157342910767,,
2,37809,,0.001792114693671465,,1.9964157342910767,,
2,37819,,0.0,,2.0,,
2,37829,,0.001792114693671465,,1.9964157342910767,,
2,37839,,0.005376344081014395,,1.98924720287323,,
2,37849,,0.00358422938734293,,1.9928314685821533,,
2,37859,,0.0,,2.0,,
2,37869,,0.001792114693671465,,1.9964157342910767,,
2,37879,,0.001792114693671465,,1.9964157342910767,,
2,37889,,0.001792114693671465,,1.9964157342910767,,
2,37899,,0.0,,2.0,,
2,37909,,0.0,,2.0,,
2,37919,,0.001792114693671465,,1.9964157342910767,,
2,37929,,0.001792114693671465,,1.9964157342910767,,
2,37939,,0.0,,2.0,,
2,37949,,0.001792114693671465,,1.9964157342910767,,
2,37959,,0.0,,2.0,,
2,37969,,0.0,,2.0,,
2,37979,,0.0,,2.0,,
2,37989,,0.0,,2.0,,
2,37999,,0.001792114693671465,,1.9964157342910767,,
2,38009,,0.001792114693671465,,1.9964157342910767,,
2,38019,,0.00358422938734293,,1.9928314685821533,,
2,38029,,0.001792114693671465,,1.9964157342910767,,
2,38039,,0.001792114693671465,,1.9964157342910767,,
2,38049,,0.0,,2.0,,
2,38059,,0.001792114693671465,,1.9964157342910767,,
2,38069,,0.001792114693671465,,1.9964157342910767,,
2,38079,,0.0,,2.0,,
2,38089,,0.001792114693671465,,1.9964157342910767,,
2,38099,,0.001792114693671465,,1.9964157342910767,,
2,38109,,0.001792114693671465,,1.9964157342910767,,
2,38119,,0.00358422938734293,,1.9928314685821533,,
2,38129,,0.0,,2.0,,
2,38139,,0.00358422938734293,,1.9928314685821533,,
2,38149,,0.0,,2.0,,
2,38159,,0.0,,2.0,,
2,38169,,0.001792114693671465,,1.9964157342910767,,
2,38179,,0.001792114693671465,,1.9964157342910767,,
2,38189,,0.0,,2.0,,
2,38199,,0.0,,2.0,,
2,38209,,0.0,,2.0,,
2,38219,,0.0,,2.0,,
2,38229,,0.0,,2.0,,
2,38239,,0.0,,2.0,,
2,38249,,0.005376344081014395,,1.98924720287323,,
2,38259,,0.0,,2.0,,
2,38269,,0.00716845877468586,,1.9856629371643066,,
2,38279,,0.00358422938734293,,1.9928314685821533,,
2,38289,,0.0,,2.0,,
2,38299,,0.0,,2.0,,
2,38309,,0.0,,2.0,,
2,38319,,0.001792114693671465,,1.9964157342910767,,
2,38329,,0.0,,2.0,,
2,38339,,0.00358422938734293,,1.9928314685821533,,
2,38349,,0.00358422938734293,,1.9928314685821533,,
2,38359,,0.0,,2.0,,
2,38369,,0.0,,2.0,,
2,38379,,0.0,,2.0,,
2,38389,,0.0,,2.0,,
2,38399,,0.00358422938734293,,1.9928314685821533,,
2,38409,,0.0,,2.0,,
2,38419,,0.00358422938734293,,1.9928314685821533,,
2,38429,,0.00716845877468586,,1.9856629371643066,,
2,38439,,0.001792114693671465,,1.9964157342910767,,
2,38449,,0.00716845877468586,,1.9856629371643066,,
2,38459,,0.001792114693671465,,1.9964157342910767,,
2,38469,,0.001792114693671465,,1.9964157342910767,,
2,38479,,0.001792114693671465,,1.9964157342910767,,
2,38489,,0.0,,2.0,,
2,38499,,0.0,,2.0,,
2,38509,,0.001792114693671465,,1.9964157342910767,,
2,38519,,0.001792114693671465,,1.9964157342910767,,
2,38529,,0.00716845877468586,,1.9856629371643066,,
2,38539,,0.00358422938734293,,1.9928314685821533,,
2,38549,,0.0,,2.0,,
2,38559,,0.0,,2.0,,
2,38569,,0.005376344081014395,,1.9892473220825195,,
2,38579,,0.001792114693671465,,1.9964157342910767,,
2,38589,,0.001792114693671465,,1.9964157342910767,,
2,38599,,0.0,,2.0,,
2,38609,,0.001792114693671465,,1.9964157342910767,,
2,38619,,0.0,,2.0,,
2,38629,,0.0,,2.0,,
2,38639,,0.0,,2.0,,
2,38649,,0.0,,2.0,,
2,38659,,0.00358422938734293,,1.9928314685821533,,
2,38669,,0.001792114693671465,,1.9964157342910767,,
2,38679,,0.0,,2.0,,
2,38689,,0.0,,2.0,,
2,38699,,0.0,,2.0,,
2,38709,,0.00358422938734293,,1.9928314685821533,,
2,38719,,0.001792114693671465,,1.9964157342910767,,
2,38729,,0.0,,2.0,,
2,38739,,0.001792114693671465,,1.9964157342910767,,
2,38749,,0.001792114693671465,,1.9964157342910767,,
2,38759,,0.00358422938734293,,1.9928314685821533,,
2,38769,,0.005376344081014395,,1.98924720287323,,
2,38779,,0.001792114693671465,,1.9964157342910767,,
2,38789,,0.001792114693671465,,1.9964157342910767,,
2,38799,,0.0,,2.0,,
2,38809,,0.0,,2.0,,
2,38819,,0.001792114693671465,,1.9964157342910767,,
2,38829,,0.00358422938734293,,1.9928314685821533,,
2,38839,,0.001792114693671465,,1.9964157342910767,,
2,38849,,0.00358422938734293,,1.9928314685821533,,
2,38859,,0.00358422938734293,,1.9928314685821533,,
2,38869,,0.0,,2.0,,
2,38879,,0.005376344081014395,,1.9892473220825195,,
2,38889,,0.001792114693671465,,1.9964157342910767,,
2,38899,,0.005376344081014395,,1.98924720287323,,
2,38909,,0.0,,2.0,,
2,38919,,0.001792114693671465,,1.9964157342910767,,
2,38929,,0.00358422938734293,,1.9928314685821533,,
2,38939,,0.00358422938734293,,1.9928314685821533,,
2,38949,,0.0,,2.0,,
2,38959,,0.001792114693671465,,1.9964157342910767,,
2,38969,,0.0,,2.0,,
2,38979,,0.005376344081014395,,1.9892473220825195,,
2,38989,,0.001792114693671465,,1.9964157342910767,,
2,38999,,0.001792114693671465,,1.9964157342910767,,
2,39009,,0.00716845877468586,,1.9856630563735962,,
2,39019,,0.001792114693671465,,1.9964157342910767,,
2,39029,,0.001792114693671465,,1.9964157342910767,,
2,39039,,0.0,,2.0,,
2,39049,,0.00358422938734293,,1.9928314685821533,,
2,39059,,0.0,,2.0,,
2,39069,,0.001792114693671465,,1.9964157342910767,,
2,39079,,0.00358422938734293,,1.9928314685821533,,
2,39089,,0.001792114693671465,,1.9964157342910767,,
2,39099,,0.001792114693671465,,1.9964157342910767,,
2,39109,,0.00358422938734293,,1.9928314685821533,,
2,39119,,0.001792114693671465,,1.9964157342910767,,
2,39129,,0.001792114693671465,,1.9964157342910767,,
2,39139,,0.001792114693671465,,1.9964157342910767,,
2,39149,,0.0,,2.0,,
2,39159,,0.00358422938734293,,1.9928314685821533,,
2,39169,,0.001792114693671465,,1.9964157342910767,,
2,39179,,0.0,,2.0,,
2,39189,,0.001792114693671465,,1.9964157342910767,,
2,39199,,0.0,,2.0,,
2,39209,,0.00358422938734293,,1.9928314685821533,,
2,39219,,0.001792114693671465,,1.9964157342910767,,
2,39229,,0.00358422938734293,,1.9928314685821533,,
2,39239,,0.00358422938734293,,1.9928314685821533,,
2,39249,,0.00358422938734293,,1.9928314685821533,,
2,39259,,0.001792114693671465,,1.9964157342910767,,
2,39269,,0.00716845877468586,,1.9856630563735962,,
2,39279,,0.001792114693671465,,1.9964157342910767,,
2,39289,,0.0,,2.0,,
2,39299,,0.001792114693671465,,1.9964157342910767,,
2,39309,,0.0,,2.0,,
2,39319,,0.001792114693671465,,1.9964157342910767,,
2,39329,,0.001792114693671465,,1.9964157342910767,,
2,39339,,0.001792114693671465,,1.9964157342910767,,
2,39349,,0.00358422938734293,,1.9928314685821533,,
2,39359,,0.0,,2.0,,
2,39369,,0.00358422938734293,,1.9928314685821533,,
2,39379,,0.0,,2.0,,
2,39389,,0.0,,2.0,,
2,39399,,0.001792114693671465,,1.9964157342910767,,
2,39409,,0.001792114693671465,,1.9964157342910767,,
2,39419,,0.001792114693671465,,1.9964157342910767,,
2,39429,,0.0,,2.0,,
2,39439,,0.00358422938734293,,1.9928314685821533,,
2,39449,,0.0,,2.0,,
2,39459,,0.00716845877468586,,1.9856630563735962,,
2,39469,,0.0,,2.0,,
2,39479,,0.001792114693671465,,1.9964157342910767,,
2,39489,,0.001792114693671465,,1.9964157342910767,,
2,39499,,0.001792114693671465,,1.9964157342910767,,
2,39509,,0.001792114693671465,,1.9964157342910767,,
2,39519,,0.00358422938734293,,1.9928314685821533,,
2,39529,,0.0,,2.0,,
2,39539,,0.001792114693671465,,1.9964157342910767,,
2,39549,,0.0,,2.0,,
2,39559,,0.001792114693671465,,1.9964157342910767,,
2,39569,,0.0,,2.0,,
2,39579,,0.001792114693671465,,1.9964157342910767,,
2,39589,,0.0,,2.0,,
2,39599,,0.0,,2.0,,
2,39609,,0.001792114693671465,,1.9964157342910767,,
2,39619,,0.00358422938734293,,1.9928314685821533,,
2,39629,,0.0,,2.0,,
2,39639,,0.001792114693671465,,1.9964157342910767,,
2,39649,,0.00358422938734293,,1.9928314685821533,,
2,39659,,0.00358422938734293,,1.9928314685821533,,
2,39669,,0.005376344081014395,,1.98924720287323,,
2,39679,,0.00358422938734293,,1.9928314685821533,,
2,39689,,0.00358422938734293,,1.9928314685821533,,
2,39699,,0.001792114693671465,,1.9964157342910767,,
2,39709,,0.0,,2.0,,
2,39719,,0.001792114693671465,,1.9964157342910767,,
2,39729,,0.00358422938734293,,1.9928314685821533,,
2,39739,,0.001792114693671465,,1.9964157342910767,,
2,39749,,0.001792114693671465,,1.9964157342910767,,
2,39759,,0.001792114693671465,,1.9964157342910767,,
2,39769,,0.0,,2.0,,
2,39779,,0.001792114693671465,,1.9964157342910767,,
2,39789,,0.00358422938734293,,1.9928314685821533,,
2,39799,,0.00358422938734293,,1.9928314685821533,,
2,39809,,0.0,,2.0,,
2,39819,,0.001792114693671465,,1.9964157342910767,,
2,39829,,0.00358422938734293,,1.9928314685821533,,
2,39839,,0.0,,2.0,,
2,39849,,0.001792114693671465,,1.9964157342910767,,
2,39859,,0.00358422938734293,,1.9928314685821533,,
2,39869,,0.001792114693671465,,1.9964157342910767,,
2,39879,,0.00358422938734293,,1.9928314685821533,,
2,39889,,0.0,,2.0,,
2,39899,,0.008960573934018612,,1.9820787906646729,,
2,39909,,0.0,,2.0,,
2,39919,,0.001792114693671465,,1.9964157342910767,,
2,39929,,0.001792114693671465,,1.9964157342910767,,
2,39939,,0.001792114693671465,,1.9964157342910767,,
2,39949,,0.0,,2.0,,
2,39959,,0.001792114693671465,,1.9964157342910767,,
2,39969,,0.001792114693671465,,1.9964157342910767,,
2,39979,,0.00716845877468586,,1.9856629371643066,,
2,39989,,0.001792114693671465,,1.9964157342910767,,
2,39999,,0.00358422938734293,,1.9928314685821533,,
2,40009,,0.0,,2.0,,
2,40019,,0.001792114693671465,,1.9964157342910767,,
2,40029,,0.005376344081014395,,1.9892473220825195,,
2,40039,,0.001792114693671465,,1.9964157342910767,,
2,40049,,0.005376344081014395,,1.9892473220825195,,
2,40059,,0.001792114693671465,,1.9964157342910767,,
2,40069,,0.005376344081014395,,1.9892473220825195,,
2,40079,,0.0,,2.0,,
2,40089,,0.001792114693671465,,1.9964157342910767,,
2,40099,,0.0,,2.0,,
2,40109,,0.001792114693671465,,1.9964157342910767,,
2,40119,,0.00716845877468586,,1.9856629371643066,,
2,40129,,0.0,,2.0,,
2,40139,,0.001792114693671465,,1.9964157342910767,,
2,40149,,0.00358422938734293,,1.9928314685821533,,
2,40159,,0.001792114693671465,,1.9964157342910767,,
2,40169,,0.0,,2.0,,
2,40179,,0.00358422938734293,,1.9928314685821533,,
2,40189,,0.001792114693671465,,1.9964157342910767,,
2,40199,,0.001792114693671465,,1.9964157342910767,,
2,40209,,0.0,,2.0,,
2,40219,,0.001792114693671465,,1.9964157342910767,,
2,40229,,0.001792114693671465,,1.9964157342910767,,
2,40239,,0.00358422938734293,,1.9928314685821533,,
2,40249,,0.001792114693671465,,1.9964157342910767,,
2,40259,,0.0,,2.0,,
2,40269,,0.001792114693671465,,1.9964157342910767,,
2,40279,,0.0,,2.0,,
2,40289,,0.001792114693671465,,1.9964157342910767,,
2,40299,,0.0,,2.0,,
2,40309,,0.0,,2.0,,
2,40319,,0.0,,2.0,,
2,40329,,0.001792114693671465,,1.9964157342910767,,
2,40339,,0.001792114693671465,,1.9964157342910767,,
2,40349,,0.001792114693671465,,1.9964157342910767,,
2,40359,,0.001792114693671465,,1.9964157342910767,,
2,40369,,0.0,,2.0,,
2,40379,,0.00358422938734293,,1.9928314685821533,,
2,40389,,0.001792114693671465,,1.9964157342910767,,
2,40399,,0.005376344081014395,,1.98924720287323,,
2,40409,,0.00358422938734293,,1.9928314685821533,,
2,40419,,0.001792114693671465,,1.9964157342910767,,
2,40429,,0.001792114693671465,,1.9964157342910767,,
2,40439,,0.0,,2.0,,
2,40449,,0.001792114693671465,,1.9964157342910767,,
2,40459,,0.0,,2.0,,
2,40469,,0.0,,2.0,,
2,40479,,0.001792114693671465,,1.9964157342910767,,
2,40489,,0.001792114693671465,,1.9964157342910767,,
2,40499,,0.0,,2.0,,
2,40509,,0.001792114693671465,,1.9964157342910767,,
2,40519,,0.001792114693671465,,1.9964157342910767,,
2,40529,,0.0,,2.0,,
2,40539,,0.0,,2.0,,
2,40549,,0.0,,2.0,,
2,40559,,0.00358422938734293,,1.9928314685821533,,
2,40569,,0.00358422938734293,,1.9928314685821533,,
2,40579,,0.0,,2.0,,
2,40589,,0.005376344081014395,,1.9892473220825195,,
2,40599,,0.00358422938734293,,1.9928314685821533,,
2,40609,,0.0,,2.0,,
2,40619,,0.0,,2.0,,
2,40629,,0.005376344081014395,,1.98924720287323,,
2,40639,,0.00358422938734293,,1.9928314685821533,,
2,40649,,0.0,,2.0,,
2,40659,,0.001792114693671465,,1.9964157342910767,,
2,40669,,0.0,,2.0,,
2,40679,,0.001792114693671465,,1.9964157342910767,,
2,40689,,0.001792114693671465,,1.9964157342910767,,
2,40699,,0.00358422938734293,,1.9928314685821533,,
2,40709,,0.00358422938734293,,1.9928314685821533,,
2,40719,,0.001792114693671465,,1.9964157342910767,,
2,40729,,0.00358422938734293,,1.9928314685821533,,
2,40739,,0.001792114693671465,,1.9964157342910767,,
2,40749,,0.0,,2.0,,
2,40759,,0.0,,2.0,,
2,40769,,0.001792114693671465,,1.9964157342910767,,
2,40779,,0.0,,2.0,,
2,40789,,0.0,,2.0,,
2,40799,,0.001792114693671465,,1.9964157342910767,,
2,40809,,0.001792114693671465,,1.9964157342910767,,
2,40819,,0.0,,2.0,,
2,40829,,0.0,,2.0,,
2,40839,,0.001792114693671465,,1.9964157342910767,,
2,40849,,0.001792114693671465,,1.9964157342910767,,
2,40859,,0.0,,2.0,,
2,40869,,0.001792114693671465,,1.9964157342910767,,
2,40879,,0.001792114693671465,,1.9964157342910767,,
2,40889,,0.001792114693671465,,1.9964157342910767,,
2,40899,,0.005376344081014395,,1.9892473220825195,,
2,40909,,0.00358422938734293,,1.9928314685821533,,
2,40919,,0.0,,2.0,,
2,40929,,0.001792114693671465,,1.9964157342910767,,
2,40939,,0.005376344081014395,,1.98924720287323,,
2,40949,,0.0,,2.0,,
2,40959,,0.0,,2.0,,
2,40969,,0.0,,2.0,,
2,40979,,0.00358422938734293,,1.9928314685821533,,
2,40989,,0.001792114693671465,,1.9964157342910767,,
2,40999,,0.001792114693671465,,1.9964157342910767,,
2,41009,,0.0,,2.0,,
2,41019,,0.001792114693671465,,1.9964157342910767,,
2,41029,,0.0,,2.0,,
2,41039,,0.0,,2.0,,
2,41049,,0.005376344081014395,,1.9892473220825195,,
2,41059,,0.001792114693671465,,1.9964157342910767,,
2,41069,,0.001792114693671465,,1.9964157342910767,,
2,41079,,0.001792114693671465,,1.9964157342910767,,
2,41089,,0.005376344081014395,,1.9892473220825195,,
2,41099,,0.005376344081014395,,1.9892473220825195,,
2,41109,,0.001792114693671465,,1.9964157342910767,,
2,41119,,0.001792114693671465,,1.9964157342910767,,
2,41129,,0.0,,2.0,,
2,41139,,0.0,,2.0,,
2,41149,,0.0,,2.0,,
2,41159,,0.001792114693671465,,1.9964157342910767,,
2,41169,,0.0,,2.0,,
2,41179,,0.0,,2.0,,
2,41189,,0.00358422938734293,,1.9928314685821533,,
2,41199,,0.001792114693671465,,1.9964157342910767,,
2,41209,,0.001792114693671465,,1.9964157342910767,,
2,41219,,0.001792114693671465,,1.9964157342910767,,
2,41229,,0.0,,2.0,,
2,41239,,0.0,,2.0,,
2,41249,,0.001792114693671465,,1.9964157342910767,,
2,41259,,0.00358422938734293,,1.9928314685821533,,
2,41269,,0.0,,2.0,,
2,41279,,0.001792114693671465,,1.9964157342910767,,
2,41289,,0.00358422938734293,,1.9928314685821533,,
2,41299,,0.0,,2.0,,
2,41309,,0.0,,2.0,,
2,41319,,0.0,,2.0,,
2,41329,,0.001792114693671465,,1.9964157342910767,,
2,41339,,0.001792114693671465,,1.9964157342910767,,
2,41349,,0.00358422938734293,,1.9928314685821533,,
2,41359,,0.001792114693671465,,1.9964157342910767,,
2,41369,,0.0,,2.0,,
2,41379,,0.001792114693671465,,1.9964157342910767,,
2,41389,,0.0,,2.0,,
2,41399,,0.00358422938734293,,1.9928314685821533,,
2,41409,,0.001792114693671465,,1.9964157342910767,,
2,41419,,0.001792114693671465,,1.9964157342910767,,
2,41429,,0.001792114693671465,,1.9964157342910767,,
2,41439,,0.001792114693671465,,1.9964157342910767,,
2,41449,,0.00358422938734293,,1.9928314685821533,,
2,41459,,0.00358422938734293,,1.9928314685821533,,
2,41469,,0.0,,2.0,,
2,41479,,0.0,,2.0,,
2,41489,,0.00716845877468586,,1.9856629371643066,,
2,41499,,0.001792114693671465,,1.9964157342910767,,
2,41509,,0.001792114693671465,,1.9964157342910767,,
2,41519,,0.0,,2.0,,
2,41529,,0.0,,2.0,,
2,41539,,0.001792114693671465,,1.9964157342910767,,
2,41549,,0.0,,2.0,,
2,41559,,0.001792114693671465,,1.9964157342910767,,
2,41569,,0.001792114693671465,,1.9964157342910767,,
2,41579,,0.00358422938734293,,1.9928314685821533,,
2,41589,,0.00358422938734293,,1.9928314685821533,,
2,41599,,0.005376344081014395,,1.98924720287323,,
2,41609,,0.00358422938734293,,1.9928314685821533,,
2,41619,,0.0,,2.0,,
2,41629,,0.001792114693671465,,1.9964157342910767,,
2,41639,,0.0,,2.0,,
2,41649,,0.0,,2.0,,
2,41659,,0.0,,2.0,,
2,41669,,0.001792114693671465,,1.9964157342910767,,
2,41679,,0.001792114693671465,,1.9964157342910767,,
2,41689,,0.001792114693671465,,1.9964157342910767,,
2,41699,,0.005376344081014395,,1.98924720287323,,
2,41709,,0.0,,2.0,,
2,41719,,0.00358422938734293,,1.9928314685821533,,
2,41729,,0.0,,2.0,,
2,41739,,0.001792114693671465,,1.9964157342910767,,
2,41749,,0.0,,2.0,,
2,41759,,0.00358422938734293,,1.9928314685821533,,
2,41769,,0.00716845877468586,,1.9856630563735962,,
2,41779,,0.00358422938734293,,1.9928314685821533,,
2,41789,,0.00358422938734293,,1.9928314685821533,,
2,41799,,0.001792114693671465,,1.9964157342910767,,
2,41809,,0.0,,2.0,,
2,41819,,0.001792114693671465,,1.9964157342910767,,
2,41829,,0.001792114693671465,,1.9964157342910767,,
2,41839,,0.001792114693671465,,1.9964157342910767,,
2,41849,,0.00716845877468586,,1.9856630563735962,,
2,41859,,0.005376344081014395,,1.9892473220825195,,
2,41869,,0.001792114693671465,,1.9964157342910767,,
2,41879,,0.0,,2.0,,
2,41889,,0.001792114693671465,,1.9964157342910767,,
2,41899,,0.001792114693671465,,1.9964157342910767,,
2,41909,,0.0,,2.0,,
2,41919,,0.001792114693671465,,1.9964157342910767,,
2,41929,,0.001792114693671465,,1.9964157342910767,,
2,41939,,0.0,,2.0,,
2,41949,,0.001792114693671465,,1.9964157342910767,,
2,41959,,0.0,,2.0,,
2,41969,,0.0,,2.0,,
2,41979,,0.0,,2.0,,
2,41989,,0.0,,2.0,,
2,41999,,0.001792114693671465,,1.9964157342910767,,
2,42009,,0.00358422938734293,,1.9928314685821533,,
2,42019,,0.005376344081014395,,1.98924720287323,,
2,42029,,0.00358422938734293,,1.9928314685821533,,
2,42039,,0.001792114693671465,,1.9964157342910767,,
2,42049,,0.0,,2.0,,
2,42059,,0.005376344081014395,,1.98924720287323,,
2,42069,,0.005376344081014395,,1.9892473220825195,,
2,42079,,0.00358422938734293,,1.9928314685821533,,
2,42089,,0.005376344081014395,,1.98924720287323,,
2,42099,,0.0,,2.0,,
2,42109,,0.001792114693671465,,1.9964157342910767,,
2,42119,,0.0,,2.0,,
2,42129,,0.0,,2.0,,
2,42139,,0.0,,2.0,,
2,42149,,0.001792114693671465,,1.9964157342910767,,
2,42159,,0.0,,2.0,,
2,42169,,0.0,,2.0,,
2,42179,,0.001792114693671465,,1.9964157342910767,,
2,42189,,0.00358422938734293,,1.9928314685821533,,
2,42199,,0.001792114693671465,,1.9964157342910767,,
2,42209,,0.00358422938734293,,1.9928314685821533,,
2,42219,,0.00358422938734293,,1.9928314685821533,,
2,42229,,0.0,,2.0,,
2,42239,,0.001792114693671465,,1.9964157342910767,,
2,42249,,0.0,,2.0,,
2,42259,,0.00358422938734293,,1.9928314685821533,,
2,42269,,0.005376344081014395,,1.98924720287323,,
2,42279,,0.001792114693671465,,1.9964157342910767,,
2,42289,,0.0,,2.0,,
2,42299,,0.001792114693671465,,1.9964157342910767,,
2,42309,,0.00358422938734293,,1.9928314685821533,,
2,42319,,0.001792114693671465,,1.9964157342910767,,
2,42329,,0.005376344081014395,,1.9892473220825195,,
2,42339,,0.001792114693671465,,1.9964157342910767,,
2,42349,,0.0,,2.0,,
2,42359,,0.001792114693671465,,1.9964157342910767,,
2,42369,,0.001792114693671465,,1.9964157342910767,,
2,42379,,0.001792114693671465,,1.9964157342910767,,
2,42389,,0.0,,2.0,,
2,42399,,0.00358422938734293,,1.9928314685821533,,
2,42409,,0.0,,2.0,,
2,42419,,0.00358422938734293,,1.9928314685821533,,
2,42429,,0.001792114693671465,,1.9964157342910767,,
2,42439,,0.00358422938734293,,1.9928314685821533,,
2,42449,,0.001792114693671465,,1.9964157342910767,,
2,42459,,0.0,,2.0,,
2,42469,,0.0,,2.0,,
2,42479,,0.0,,2.0,,
2,42489,,0.001792114693671465,,1.9964157342910767,,
2,42499,,0.0,,2.0,,
2,42509,,0.001792114693671465,,1.9964157342910767,,
2,42519,,0.0,,2.0,,
2,42529,,0.0,,2.0,,
2,42539,,0.0,,2.0,,
2,42549,,0.0,,2.0,,
2,42559,,0.0,,2.0,,
2,42569,,0.001792114693671465,,1.9964157342910767,,
2,42579,,0.001792114693671465,,1.9964157342910767,,
2,42589,,0.001792114693671465,,1.9964157342910767,,
2,42599,,0.001792114693671465,,1.9964157342910767,,
2,42609,,0.0,,2.0,,
2,42619,,0.005376344081014395,,1.9892473220825195,,
2,42629,,0.00358422938734293,,1.9928314685821533,,
2,42639,,0.0,,2.0,,
2,42649,,0.00358422938734293,,1.9928314685821533,,
2,42659,,0.0,,2.0,,
2,42669,,0.001792114693671465,,1.9964157342910767,,
2,42679,,0.0,,2.0,,
2,42689,,0.00358422938734293,,1.9928314685821533,,
2,42699,,0.001792114693671465,,1.9964157342910767,,
2,42709,,0.0,,2.0,,
2,42719,,0.0,,2.0,,
2,42729,,0.001792114693671465,,1.9964157342910767,,
2,42739,,0.005376344081014395,,1.98924720287323,,
2,42749,,0.001792114693671465,,1.9964157342910767,,
2,42759,,0.00358422938734293,,1.9928314685821533,,
2,42769,,0.001792114693671465,,1.9964157342910767,,
2,42779,,0.00716845877468586,,1.9856630563735962,,
2,42789,,0.00358422938734293,,1.9928314685821533,,
2,42799,,0.0,,2.0,,
2,42809,,0.0,,2.0,,
2,42819,,0.005376344081014395,,1.98924720287323,,
2,42829,,0.001792114693671465,,1.9964157342910767,,
2,42839,,0.001792114693671465,,1.9964157342910767,,
2,42849,,0.001792114693671465,,1.9964157342910767,,
2,42859,,0.0,,2.0,,
2,42869,,0.001792114693671465,,1.9964157342910767,,
2,42879,,0.005376344081014395,,1.98924720287323,,
2,42889,,0.00358422938734293,,1.9928314685821533,,
2,42899,,0.00358422938734293,,1.9928314685821533,,
2,42909,,0.001792114693671465,,1.9964157342910767,,
2,42919,,0.0,,2.0,,
2,42929,,0.0,,2.0,,
2,42939,,0.001792114693671465,,1.9964157342910767,,
2,42949,,0.001792114693671465,,1.9964157342910767,,
2,42959,,0.00358422938734293,,1.9928314685821533,,
2,42969,,0.0,,2.0,,
2,42979,,0.005376344081014395,,1.9892473220825195,,
2,42989,,0.00358422938734293,,1.9928314685821533,,
2,42999,,0.0,,2.0,,
2,43009,,0.00358422938734293,,1.9928314685821533,,
2,43019,,0.0,,2.0,,
2,43029,,0.00358422938734293,,1.9928314685821533,,
2,43039,,0.0,,2.0,,
2,43049,,0.0,,2.0,,
2,43059,,0.0,,2.0,,
2,43069,,0.001792114693671465,,1.9964157342910767,,
2,43079,,0.00716845877468586,,1.9856629371643066,,
2,43089,,0.001792114693671465,,1.9964157342910767,,
2,43099,,0.001792114693671465,,1.9964157342910767,,
2,43109,,0.001792114693671465,,1.9964157342910767,,
2,43119,,0.001792114693671465,,1.9964157342910767,,
2,43129,,0.0,,2.0,,
2,43139,,0.001792114693671465,,1.9964157342910767,,
2,43149,,0.005376344081014395,,1.9892473220825195,,
2,43159,,0.0,,2.0,,
2,43169,,0.0,,2.0,,
2,43179,,0.001792114693671465,,1.9964157342910767,,
2,43189,,0.0,,2.0,,
2,43199,,0.0,,2.0,,
2,43209,,0.0,,2.0,,
2,43219,,0.0,,2.0,,
2,43229,,0.0,,2.0,,
2,43239,,0.0,,2.0,,
2,43249,,0.0,,2.0,,
2,43259,,0.001792114693671465,,1.9964157342910767,,
2,43269,,0.0,,2.0,,
2,43279,,0.0,,2.0,,
2,43289,,0.005376344081014395,,1.9892473220825195,,
2,43299,,0.001792114693671465,,1.9964157342910767,,
2,43309,,0.001792114693671465,,1.9964157342910767,,
2,43319,,0.001792114693671465,,1.9964157342910767,,
2,43329,,0.001792114693671465,,1.9964157342910767,,
2,43339,,0.001792114693671465,,1.9964157342910767,,
2,43349,,0.0,,2.0,,
2,43359,,0.001792114693671465,,1.9964157342910767,,
2,43369,,0.00358422938734293,,1.9928314685821533,,
2,43379,,0.001792114693671465,,1.9964157342910767,,
2,43389,,0.00358422938734293,,1.9928314685821533,,
2,43399,,0.001792114693671465,,1.9964157342910767,,
2,43409,,0.0,,2.0,,
2,43419,,0.00358422938734293,,1.9928314685821533,,
2,43429,,0.0,,2.0,,
2,43439,,0.001792114693671465,,1.9964157342910767,,
2,43449,,0.0,,2.0,,
2,43459,,0.008960573934018612,,1.9820787906646729,,
2,43469,,0.001792114693671465,,1.9964157342910767,,
2,43479,,0.001792114693671465,,1.9964157342910767,,
2,43489,,0.001792114693671465,,1.9964157342910767,,
2,43499,,0.0,,2.0,,
2,43509,,0.00358422938734293,,1.9928314685821533,,
2,43519,,0.005376344081014395,,1.98924720287323,,
2,43529,,0.0,,2.0,,
2,43539,,0.0,,2.0,,
2,43549,,0.001792114693671465,,1.9964157342910767,,
2,43559,,0.00358422938734293,,1.9928314685821533,,
2,43569,,0.001792114693671465,,1.9964157342910767,,
2,43579,,0.001792114693671465,,1.9964157342910767,,
2,43589,,0.00358422938734293,,1.9928314685821533,,
2,43599,,0.00716845877468586,,1.9856629371643066,,
2,43609,,0.00358422938734293,,1.9928314685821533,,
2,43619,,0.00358422938734293,,1.9928314685821533,,
2,43629,,0.00358422938734293,,1.9928314685821533,,
2,43639,,0.001792114693671465,,1.9964157342910767,,
2,43649,,0.00358422938734293,,1.9928314685821533,,
2,43659,,0.00358422938734293,,1.9928314685821533,,
2,43669,,0.001792114693671465,,1.9964157342910767,,
2,43679,,0.00358422938734293,,1.9928314685821533,,
2,43689,,0.001792114693671465,,1.9964157342910767,,
2,43699,,0.00358422938734293,,1.9928314685821533,,
2,43709,,0.0,,2.0,,
2,43719,,0.00358422938734293,,1.9928314685821533,,
2,43729,,0.0,,2.0,,
2,43739,,0.0,,2.0,,
2,43749,,0.00358422938734293,,1.9928314685821533,,
2,43759,,0.0,,2.0,,
2,43769,,0.001792114693671465,,1.9964157342910767,,
2,43779,,0.001792114693671465,,1.9964157342910767,,
2,43789,,0.001792114693671465,,1.9964157342910767,,
2,43799,,0.0,,2.0,,
2,43809,,0.00358422938734293,,1.9928314685821533,,
2,43819,,0.0,,2.0,,
2,43829,,0.0,,2.0,,
2,43839,,0.0,,2.0,,
2,43849,,0.0,,2.0,,
2,43859,,0.001792114693671465,,1.9964157342910767,,
2,43869,,0.001792114693671465,,1.9964157342910767,,
2,43879,,0.001792114693671465,,1.9964157342910767,,
2,43889,,0.00358422938734293,,1.9928314685821533,,
2,43899,,0.00358422938734293,,1.9928314685821533,,
2,43909,,0.001792114693671465,,1.9964157342910767,,
2,43919,,0.001792114693671465,,1.9964157342910767,,
2,43929,,0.0,,2.0,,
2,43939,,0.00358422938734293,,1.9928314685821533,,
2,43949,,0.0,,2.0,,
2,43959,,0.0,,2.0,,
2,43969,,0.001792114693671465,,1.9964157342910767,,
2,43979,,0.001792114693671465,,1.9964157342910767,,
2,43989,,0.00358422938734293,,1.9928314685821533,,
2,43999,,0.001792114693671465,,1.9964157342910767,,
2,44009,,0.001792114693671465,,1.9964157342910767,,
2,44019,,0.0,,2.0,,
2,44029,,0.0,,2.0,,
2,44039,,0.001792114693671465,,1.9964157342910767,,
2,44049,,0.001792114693671465,,1.9964157342910767,,
2,44059,,0.0,,2.0,,
2,44069,,0.00358422938734293,,1.9928314685821533,,
2,44079,,0.001792114693671465,,1.9964157342910767,,
2,44089,,0.0,,2.0,,
2,44099,,0.001792114693671465,,1.9964157342910767,,
2,44109,,0.001792114693671465,,1.9964157342910767,,
2,44119,,0.00358422938734293,,1.9928314685821533,,
2,44129,,0.001792114693671465,,1.9964157342910767,,
2,44139,,0.00358422938734293,,1.9928314685821533,,
2,44149,,0.0,,2.0,,
2,44159,,0.0,,2.0,,
2,44169,,0.001792114693671465,,1.9964157342910767,,
2,44179,,0.0,,2.0,,
2,44189,,0.0,,2.0,,
2,44199,,0.0,,2.0,,
2,44209,,0.001792114693671465,,1.9964157342910767,,
2,44219,,0.00358422938734293,,1.9928314685821533,,
2,44229,,0.0,,2.0,,
2,44239,,0.001792114693671465,,1.9964157342910767,,
2,44249,,0.0,,2.0,,
2,44259,,0.00358422938734293,,1.9928314685821533,,
2,44269,,0.0,,2.0,,
2,44279,,0.001792114693671465,,1.9964157342910767,,
2,44289,,0.0,,2.0,,
2,44299,,0.001792114693671465,,1.9964157342910767,,
2,44309,,0.0,,2.0,,
2,44319,,0.001792114693671465,,1.9964157342910767,,
2,44329,,0.00358422938734293,,1.9928314685821533,,
2,44339,,0.0,,2.0,,
2,44349,,0.001792114693671465,,1.9964157342910767,,
2,44359,,0.00358422938734293,,1.9928314685821533,,
2,44369,,0.00358422938734293,,1.9928314685821533,,
2,44379,,0.00358422938734293,,1.9928314685821533,,
2,44389,,0.0,,2.0,,
2,44399,,0.001792114693671465,,1.9964157342910767,,
2,44409,,0.0,,2.0,,
2,44419,,0.001792114693671465,,1.9964157342910767,,
2,44429,,0.001792114693671465,,1.9964157342910767,,
2,44439,,0.0,,2.0,,
2,44449,,0.001792114693671465,,1.9964157342910767,,
2,44459,,0.0,,2.0,,
2,44469,,0.001792114693671465,,1.9964157342910767,,
2,44479,,0.001792114693671465,,1.9964157342910767,,
2,44489,,0.001792114693671465,,1.9964157342910767,,
2,44499,,0.001792114693671465,,1.9964157342910767,,
2,44509,,0.0,,2.0,,
2,44519,,0.0,,2.0,,
2,44529,,0.001792114693671465,,1.9964157342910767,,
2,44539,,0.00358422938734293,,1.9928314685821533,,
2,44549,,0.0,,2.0,,
2,44559,,0.0,,2.0,,
2,44569,,0.001792114693671465,,1.9964157342910767,,
2,44579,,0.001792114693671465,,1.9964157342910767,,
2,44589,,0.0,,2.0,,
2,44599,,0.001792114693671465,,1.9964157342910767,,
2,44609,,0.005376344081014395,,1.98924720287323,,
2,44619,,0.00358422938734293,,1.9928314685821533,,
2,44629,,0.00358422938734293,,1.9928314685821533,,
2,44639,,0.0,,2.0,,
2,44649,,0.0,,2.0,,
2,44659,,0.0,,2.0,,
2,44669,,0.001792114693671465,,1.9964157342910767,,
2,44679,,0.0,,2.0,,
2,44689,,0.00358422938734293,,1.9928314685821533,,
2,44699,,0.001792114693671465,,1.9964157342910767,,
2,44709,,0.00358422938734293,,1.9928314685821533,,
2,44719,,0.00358422938734293,,1.9928314685821533,,
2,44729,,0.005376344081014395,,1.9892473220825195,,
2,44739,,0.0,,2.0,,
2,44749,,0.0,,2.0,,
2,44759,,0.0,,2.0,,
2,44769,,0.0,,2.0,,
2,44779,,0.0,,2.0,,
2,44789,,0.0,,2.0,,
2,44799,,0.001792114693671465,,1.9964157342910767,,
2,44809,,0.005376344081014395,,1.9892473220825195,,
2,44819,,0.00358422938734293,,1.9928314685821533,,
2,44829,,0.0,,2.0,,
2,44839,,0.0,,2.0,,
2,44849,,0.001792114693671465,,1.9964157342910767,,
2,44859,,0.0,,2.0,,
2,44869,,0.001792114693671465,,1.9964157342910767,,
2,44879,,0.0,,2.0,,
2,44889,,0.005376344081014395,,1.9892473220825195,,
2,44899,,0.001792114693671465,,1.9964157342910767,,
2,44909,,0.001792114693671465,,1.9964157342910767,,
2,44919,,0.005376344081014395,,1.98924720287323,,
2,44929,,0.0,,2.0,,
2,44939,,0.0,,2.0,,
2,44949,,0.00358422938734293,,1.9928314685821533,,
2,44959,,0.00358422938734293,,1.9928314685821533,,
2,44969,,0.001792114693671465,,1.9964157342910767,,
2,44979,,0.001792114693671465,,1.9964157342910767,,
2,44989,,0.00358422938734293,,1.9928314685821533,,
2,44999,,0.0,,2.0,,
2,45009,,0.0,,2.0,,
2,45019,,0.00358422938734293,,1.9928314685821533,,
2,45029,,0.001792114693671465,,1.9964157342910767,,
2,45039,,0.0,,2.0,,
2,45049,,0.0,,2.0,,
2,45059,,0.001792114693671465,,1.9964157342910767,,
2,45069,,0.0,,2.0,,
2,45079,,0.00716845877468586,,1.9856630563735962,,
2,45089,,0.0,,2.0,,
2,45099,,0.001792114693671465,,1.9964157342910767,,
2,45109,,0.0,,2.0,,
2,45119,,0.001792114693671465,,1.9964157342910767,,
2,45129,,0.008960573934018612,,1.9820787906646729,,
2,45139,,0.005376344081014395,,1.9892473220825195,,
2,45149,,0.001792114693671465,,1.9964157342910767,,
2,45159,,0.00358422938734293,,1.9928314685821533,,
2,45169,,0.0,,2.0,,
2,45179,,0.001792114693671465,,1.9964157342910767,,
2,45189,,0.0,,2.0,,
2,45199,,0.00358422938734293,,1.9928314685821533,,
2,45209,,0.0,,2.0,,
2,45219,,0.001792114693671465,,1.9964157342910767,,
2,45229,,0.001792114693671465,,1.9964157342910767,,
2,45239,,0.0,,2.0,,
2,45249,,0.001792114693671465,,1.9964157342910767,,
2,45259,,0.0,,2.0,,
2,45269,,0.00358422938734293,,1.9928314685821533,,
2,45279,,0.001792114693671465,,1.9964157342910767,,
2,45289,,0.0,,2.0,,
2,45299,,0.001792114693671465,,1.9964157342910767,,
2,45309,,0.0,,2.0,,
2,45319,,0.001792114693671465,,1.9964157342910767,,
2,45329,,0.0,,2.0,,
2,45339,,0.00358422938734293,,1.9928314685821533,,
2,45349,,0.0,,2.0,,
2,45359,,0.0,,2.0,,
2,45369,,0.005376344081014395,,1.98924720287323,,
2,45379,,0.001792114693671465,,1.9964157342910767,,
2,45389,,0.001792114693671465,,1.9964157342910767,,
2,45399,,0.0,,2.0,,
2,45409,,0.0,,2.0,,
2,45419,,0.001792114693671465,,1.9964157342910767,,
2,45429,,0.0,,2.0,,
2,45439,,0.0,,2.0,,
2,45449,,0.001792114693671465,,1.9964157342910767,,
2,45459,,0.001792114693671465,,1.9964157342910767,,
2,45469,,0.0,,2.0,,
2,45479,,0.00358422938734293,,1.9928314685821533,,
2,45489,,0.005376344081014395,,1.98924720287323,,
2,45499,,0.005376344081014395,,1.9892473220825195,,
2,45509,,0.00358422938734293,,1.9928314685821533,,
2,45519,,0.0,,2.0,,
2,45529,,0.005376344081014395,,1.9892473220825195,,
2,45539,,0.0,,2.0,,
2,45549,,0.001792114693671465,,1.9964157342910767,,
2,45559,,0.001792114693671465,,1.9964157342910767,,
2,45569,,0.0,,2.0,,
2,45579,,0.0,,2.0,,
2,45589,,0.001792114693671465,,1.9964157342910767,,
2,45599,,0.0,,2.0,,
2,45609,,0.001792114693671465,,1.9964157342910767,,
2,45619,,0.001792114693671465,,1.9964157342910767,,
2,45629,,0.00358422938734293,,1.9928314685821533,,
2,45639,,0.001792114693671465,,1.9964157342910767,,
2,45649,,0.00358422938734293,,1.9928314685821533,,
2,45659,,0.001792114693671465,,1.9964157342910767,,
2,45669,,0.001792114693671465,,1.9964157342910767,,
2,45679,,0.00358422938734293,,1.9928314685821533,,
2,45689,,0.001792114693671465,,1.9964157342910767,,
2,45699,,0.00358422938734293,,1.9928314685821533,,
2,45709,,0.001792114693671465,,1.9964157342910767,,
2,45719,,0.0,,2.0,,
2,45729,,0.00358422938734293,,1.9928314685821533,,
2,45739,,0.0,,2.0,,
2,45749,,0.001792114693671465,,1.9964157342910767,,
2,45759,,0.005376344081014395,,1.98924720287323,,
2,45769,,0.001792114693671465,,1.9964157342910767,,
2,45779,,0.0,,2.0,,
2,45789,,0.00358422938734293,,1.9928314685821533,,
2,45799,,0.001792114693671465,,1.9964157342910767,,
2,45809,,0.00358422938734293,,1.9928314685821533,,
2,45819,,0.00358422938734293,,1.9928314685821533,,
2,45829,,0.00358422938734293,,1.9928314685821533,,
2,45839,,0.0,,2.0,,
2,45849,,0.001792114693671465,,1.9964157342910767,,
2,45859,,0.001792114693671465,,1.9964157342910767,,
2,45863,,,,,0.0017686699284240603,1.9964627027511597
2,45863,0.001804423169232905,,1.9963911771774292,,,
3,45869,,0.0,,2.0,,
3,45879,,0.001792114693671465,,1.9964157342910767,,
3,45889,,0.001792114693671465,,1.9964157342910767,,
3,45899,,0.00358422938734293,,1.9928314685821533,,
3,45909,,0.0,,2.0,,
3,45919,,0.0,,2.0,,
3,45929,,0.001792114693671465,,1.9964157342910767,,
3,45939,,0.00358422938734293,,1.9928314685821533,,
3,45949,,0.001792114693671465,,1.9964157342910767,,
3,45959,,0.00358422938734293,,1.9928314685821533,,
3,45969,,0.0,,2.0,,
3,45979,,0.005376344081014395,,1.9892473220825195,,
3,45989,,0.001792114693671465,,1.9964157342910767,,
3,45999,,0.00358422938734293,,1.9928314685821533,,
3,46009,,0.0,,2.0,,
3,46019,,0.0,,2.0,,
3,46029,,0.0,,2.0,,
3,46039,,0.0,,2.0,,
3,46049,,0.00358422938734293,,1.9928314685821533,,
3,46059,,0.0,,2.0,,
3,46069,,0.0,,2.0,,
3,46079,,0.001792114693671465,,1.9964157342910767,,
3,46089,,0.00358422938734293,,1.9928314685821533,,
3,46099,,0.001792114693671465,,1.9964157342910767,,
3,46109,,0.001792114693671465,,1.9964157342910767,,
3,46119,,0.0,,2.0,,
3,46129,,0.0,,2.0,,
3,46139,,0.001792114693671465,,1.9964157342910767,,
3,46149,,0.005376344081014395,,1.9892473220825195,,
3,46159,,0.00358422938734293,,1.9928314685821533,,
3,46169,,0.001792114693671465,,1.9964157342910767,,
3,46179,,0.0,,2.0,,
3,46189,,0.001792114693671465,,1.9964157342910767,,
3,46199,,0.0,,2.0,,
3,46209,,0.0,,2.0,,
3,46219,,0.00358422938734293,,1.9928314685821533,,
3,46229,,0.0,,2.0,,
3,46239,,0.005376344081014395,,1.98924720287323,,
3,46249,,0.00358422938734293,,1.9928314685821533,,
3,46259,,0.001792114693671465,,1.9964157342910767,,
3,46269,,0.0,,2.0,,
3,46279,,0.001792114693671465,,1.9964157342910767,,
3,46289,,0.001792114693671465,,1.9964157342910767,,
3,46299,,0.0,,2.0,,
3,46309,,0.00358422938734293,,1.9928314685821533,,
3,46319,,0.0,,2.0,,
3,46329,,0.001792114693671465,,1.9964157342910767,,
3,46339,,0.00358422938734293,,1.9928314685821533,,
3,46349,,0.00358422938734293,,1.9928314685821533,,
3,46359,,0.00358422938734293,,1.9928314685821533,,
3,46369,,0.00358422938734293,,1.9928314685821533,,
3,46379,,0.001792114693671465,,1.9964157342910767,,
3,46389,,0.0,,2.0,,
3,46399,,0.0,,2.0,,
3,46409,,0.001792114693671465,,1.9964157342910767,,
3,46419,,0.001792114693671465,,1.9964157342910767,,
3,46429,,0.001792114693671465,,1.9964157342910767,,
3,46439,,0.001792114693671465,,1.9964157342910767,,
3,46449,,0.00358422938734293,,1.9928314685821533,,
3,46459,,0.0,,2.0,,
3,46469,,0.001792114693671465,,1.9964157342910767,,
3,46479,,0.0,,2.0,,
3,46489,,0.001792114693671465,,1.9964157342910767,,
3,46499,,0.001792114693671465,,1.9964157342910767,,
3,46509,,0.0,,2.0,,
3,46519,,0.001792114693671465,,1.9964157342910767,,
3,46529,,0.00358422938734293,,1.9928314685821533,,
3,46539,,0.001792114693671465,,1.9964157342910767,,
3,46549,,0.0,,2.0,,
3,46559,,0.001792114693671465,,1.9964157342910767,,
3,46569,,0.0,,2.0,,
3,46579,,0.001792114693671465,,1.9964157342910767,,
3,46589,,0.0,,2.0,,
3,46599,,0.0,,2.0,,
3,46609,,0.001792114693671465,,1.9964157342910767,,
3,46619,,0.0,,2.0,,
3,46629,,0.0,,2.0,,
3,46639,,0.001792114693671465,,1.9964157342910767,,
3,46649,,0.0,,2.0,,
3,46659,,0.0,,2.0,,
3,46669,,0.0,,2.0,,
3,46679,,0.0,,2.0,,
3,46689,,0.0,,2.0,,
3,46699,,0.001792114693671465,,1.9964157342910767,,
3,46709,,0.0,,2.0,,
3,46719,,0.0,,2.0,,
3,46729,,0.001792114693671465,,1.9964157342910767,,
3,46739,,0.001792114693671465,,1.9964157342910767,,
3,46749,,0.005376344081014395,,1.9892473220825195,,
3,46759,,0.001792114693671465,,1.9964157342910767,,
3,46769,,0.0,,2.0,,
3,46779,,0.0,,2.0,,
3,46789,,0.001792114693671465,,1.9964157342910767,,
3,46799,,0.001792114693671465,,1.9964157342910767,,
3,46809,,0.001792114693671465,,1.9964157342910767,,
3,46819,,0.008960573934018612,,1.9820787906646729,,
3,46829,,0.001792114693671465,,1.9964157342910767,,
3,46839,,0.0,,2.0,,
3,46849,,0.0,,2.0,,
3,46859,,0.00358422938734293,,1.9928314685821533,,
3,46869,,0.0,,2.0,,
3,46879,,0.0,,2.0,,
3,46889,,0.005376344081014395,,1.9892473220825195,,
3,46899,,0.001792114693671465,,1.9964157342910767,,
3,46909,,0.0,,2.0,,
3,46919,,0.001792114693671465,,1.9964157342910767,,
3,46929,,0.001792114693671465,,1.9964157342910767,,
3,46939,,0.00358422938734293,,1.9928314685821533,,
3,46949,,0.0,,2.0,,
3,46959,,0.001792114693671465,,1.9964157342910767,,
3,46969,,0.00358422938734293,,1.9928314685821533,,
3,46979,,0.001792114693671465,,1.9964157342910767,,
3,46989,,0.0,,2.0,,
3,46999,,0.0,,2.0,,
3,47009,,0.001792114693671465,,1.9964157342910767,,
3,47019,,0.0,,2.0,,
3,47029,,0.00358422938734293,,1.9928314685821533,,
3,47039,,0.0,,2.0,,
3,47049,,0.00358422938734293,,1.9928314685821533,,
3,47059,,0.0,,2.0,,
3,47069,,0.00358422938734293,,1.9928314685821533,,
3,47079,,0.0,,2.0,,
3,47089,,0.001792114693671465,,1.9964157342910767,,
3,47099,,0.001792114693671465,,1.9964157342910767,,
3,47109,,0.0,,2.0,,
3,47119,,0.001792114693671465,,1.9964157342910767,,
3,47129,,0.00358422938734293,,1.9928314685821533,,
3,47139,,0.0,,2.0,,
3,47149,,0.001792114693671465,,1.9964157342910767,,
3,47159,,0.001792114693671465,,1.9964157342910767,,
3,47169,,0.001792114693671465,,1.9964157342910767,,
3,47179,,0.0,,2.0,,
3,47189,,0.005376344081014395,,1.9892473220825195,,
3,47199,,0.0,,2.0,,
3,47209,,0.001792114693671465,,1.9964157342910767,,
3,47219,,0.001792114693671465,,1.9964157342910767,,
3,47229,,0.001792114693671465,,1.9964157342910767,,
3,47239,,0.001792114693671465,,1.9964157342910767,,
3,47249,,0.0,,2.0,,
3,47259,,0.001792114693671465,,1.9964157342910767,,
3,47269,,0.0,,2.0,,
3,47279,,0.0,,2.0,,
3,47289,,0.001792114693671465,,1.9964157342910767,,
3,47299,,0.001792114693671465,,1.9964157342910767,,
3,47309,,0.001792114693671465,,1.9964157342910767,,
3,47319,,0.0,,2.0,,
3,47329,,0.0,,2.0,,
3,47339,,0.001792114693671465,,1.9964157342910767,,
3,47349,,0.0,,2.0,,
3,47359,,0.00358422938734293,,1.9928314685821533,,
3,47369,,0.0,,2.0,,
3,47379,,0.0,,2.0,,
3,47389,,0.0,,2.0,,
3,47399,,0.00358422938734293,,1.9928314685821533,,
3,47409,,0.0,,2.0,,
3,47419,,0.001792114693671465,,1.9964157342910767,,
3,47429,,0.0,,2.0,,
3,47439,,0.00358422938734293,,1.9928314685821533,,
3,47449,,0.0,,2.0,,
3,47459,,0.0,,2.0,,
3,47469,,0.0,,2.0,,
3,47479,,0.001792114693671465,,1.9964157342910767,,
3,47489,,0.00358422938734293,,1.9928314685821533,,
3,47499,,0.00358422938734293,,1.9928314685821533,,
3,47509,,0.0,,2.0,,
3,47519,,0.0,,2.0,,
3,47529,,0.00358422938734293,,1.9928314685821533,,
3,47539,,0.00716845877468586,,1.9856629371643066,,
3,47549,,0.0,,2.0,,
3,47559,,0.001792114693671465,,1.9964157342910767,,
3,47569,,0.0,,2.0,,
3,47579,,0.005376344081014395,,1.9892473220825195,,
3,47589,,0.001792114693671465,,1.9964157342910767,,
3,47599,,0.001792114693671465,,1.9964157342910767,,
3,47609,,0.001792114693671465,,1.9964157342910767,,
3,47619,,0.00358422938734293,,1.9928314685821533,,
3,47629,,0.001792114693671465,,1.9964157342910767,,
3,47639,,0.00358422938734293,,1.9928314685821533,,
3,47649,,0.0,,2.0,,
3,47659,,0.00358422938734293,,1.9928314685821533,,
3,47669,,0.001792114693671465,,1.9964157342910767,,
3,47679,,0.0,,2.0,,
3,47689,,0.00358422938734293,,1.9928314685821533,,
3,47699,,0.0,,2.0,,
3,47709,,0.0,,2.0,,
3,47719,,0.0,,2.0,,
3,47729,,0.0,,2.0,,
3,47739,,0.0,,2.0,,
3,47749,,0.0,,2.0,,
3,47759,,0.0,,2.0,,
3,47769,,0.005376344081014395,,1.98924720287323,,
3,47779,,0.0,,2.0,,
3,47789,,0.0,,2.0,,
3,47799,,0.00358422938734293,,1.9928314685821533,,
3,47809,,0.0,,2.0,,
3,47819,,0.0,,2.0,,
3,47829,,0.001792114693671465,,1.9964157342910767,,
3,47839,,0.0,,2.0,,
3,47849,,0.0,,2.0,,
3,47859,,0.00358422938734293,,1.9928314685821533,,
3,47869,,0.001792114693671465,,1.9964157342910767,,
3,47879,,0.0,,2.0,,
3,47889,,0.001792114693671465,,1.9964157342910767,,
3,47899,,0.0,,2.0,,
3,47909,,0.00358422938734293,,1.9928314685821533,,
3,47919,,0.0,,2.0,,
3,47929,,0.00358422938734293,,1.9928314685821533,,
3,47939,,0.001792114693671465,,1.9964157342910767,,
3,47949,,0.001792114693671465,,1.9964157342910767,,
3,47959,,0.001792114693671465,,1.9964157342910767,,
3,47969,,0.00358422938734293,,1.9928314685821533,,
3,47979,,0.00358422938734293,,1.9928314685821533,,
3,47989,,0.001792114693671465,,1.9964157342910767,,
3,47999,,0.00716845877468586,,1.9856629371643066,,
3,48009,,0.001792114693671465,,1.9964157342910767,,
3,48019,,0.00358422938734293,,1.9928314685821533,,
3,48029,,0.00358422938734293,,1.9928314685821533,,
3,48039,,0.0,,2.0,,
3,48049,,0.001792114693671465,,1.9964157342910767,,
3,48059,,0.00358422938734293,,1.9928314685821533,,
3,48069,,0.00358422938734293,,1.9928314685821533,,
3,48079,,0.00716845877468586,,1.9856629371643066,,
3,48089,,0.0,,2.0,,
3,48099,,0.0,,2.0,,
3,48109,,0.001792114693671465,,1.9964157342910767,,
3,48119,,0.0,,2.0,,
3,48129,,0.001792114693671465,,1.9964157342910767,,
3,48139,,0.001792114693671465,,1.9964157342910767,,
3,48149,,0.00358422938734293,,1.9928314685821533,,
3,48159,,0.0,,2.0,,
3,48169,,0.001792114693671465,,1.9964157342910767,,
3,48179,,0.0,,2.0,,
3,48189,,0.001792114693671465,,1.9964157342910767,,
3,48199,,0.005376344081014395,,1.98924720287323,,
3,48209,,0.001792114693671465,,1.9964157342910767,,
3,48219,,0.001792114693671465,,1.9964157342910767,,
3,48229,,0.0,,2.0,,
3,48239,,0.0,,2.0,,
3,48249,,0.00358422938734293,,1.9928314685821533,,
3,48259,,0.00358422938734293,,1.9928314685821533,,
3,48269,,0.001792114693671465,,1.9964157342910767,,
3,48279,,0.0,,2.0,,
3,48289,,0.001792114693671465,,1.9964157342910767,,
3,48299,,0.00358422938734293,,1.9928314685821533,,
3,48309,,0.001792114693671465,,1.9964157342910767,,
3,48319,,0.0,,2.0,,
3,48329,,0.0,,2.0,,
3,48339,,0.001792114693671465,,1.9964157342910767,,
3,48349,,0.00358422938734293,,1.9928314685821533,,
3,48359,,0.0,,2.0,,
3,48369,,0.005376344081014395,,1.9892473220825195,,
3,48379,,0.0,,2.0,,
3,48389,,0.00358422938734293,,1.9928314685821533,,
3,48399,,0.00358422938734293,,1.9928314685821533,,
3,48409,,0.0,,2.0,,
3,48419,,0.001792114693671465,,1.9964157342910767,,
3,48429,,0.001792114693671465,,1.9964157342910767,,
3,48439,,0.0,,2.0,,
3,48449,,0.005376344081014395,,1.98924720287323,,
3,48459,,0.005376344081014395,,1.9892473220825195,,
3,48469,,0.001792114693671465,,1.9964157342910767,,
3,48479,,0.0,,2.0,,
3,48489,,0.0,,2.0,,
3,48499,,0.001792114693671465,,1.9964157342910767,,
3,48509,,0.00358422938734293,,1.9928314685821533,,
3,48519,,0.0,,2.0,,
3,48529,,0.0,,2.0,,
3,48539,,0.0,,2.0,,
3,48549,,0.0,,2.0,,
3,48559,,0.00358422938734293,,1.9928314685821533,,
3,48569,,0.0,,2.0,,
3,48579,,0.0,,2.0,,
3,48589,,0.0,,2.0,,
3,48599,,0.001792114693671465,,1.9964157342910767,,
3,48609,,0.0,,2.0,,
3,48619,,0.001792114693671465,,1.9964157342910767,,
3,48629,,0.001792114693671465,,1.9964157342910767,,
3,48639,,0.0,,2.0,,
3,48649,,0.001792114693671465,,1.9964157342910767,,
3,48659,,0.0,,2.0,,
3,48669,,0.0,,2.0,,
3,48679,,0.001792114693671465,,1.9964157342910767,,
3,48689,,0.00358422938734293,,1.9928314685821533,,
3,48699,,0.001792114693671465,,1.9964157342910767,,
3,48709,,0.0,,2.0,,
3,48719,,0.0,,2.0,,
3,48729,,0.001792114693671465,,1.9964157342910767,,
3,48739,,0.0,,2.0,,
3,48749,,0.00358422938734293,,1.9928314685821533,,
3,48759,,0.0,,2.0,,
3,48769,,0.005376344081014395,,1.9892473220825195,,
3,48779,,0.0,,2.0,,
3,48789,,0.00358422938734293,,1.9928314685821533,,
3,48799,,0.005376344081014395,,1.9892473220825195,,
3,48809,,0.001792114693671465,,1.9964157342910767,,
3,48819,,0.005376344081014395,,1.9892473220825195,,
3,48829,,0.0,,2.0,,
3,48839,,0.001792114693671465,,1.9964157342910767,,
3,48849,,0.0,,2.0,,
3,48859,,0.001792114693671465,,1.9964157342910767,,
3,48869,,0.00358422938734293,,1.9928314685821533,,
3,48879,,0.0,,2.0,,
3,48889,,0.0,,2.0,,
3,48899,,0.0,,2.0,,
3,48909,,0.00358422938734293,,1.9928314685821533,,
3,48919,,0.001792114693671465,,1.9964157342910767,,
3,48929,,0.0,,2.0,,
3,48939,,0.008960573934018612,,1.9820787906646729,,
3,48949,,0.0,,2.0,,
3,48959,,0.001792114693671465,,1.9964157342910767,,
3,48969,,0.00358422938734293,,1.9928314685821533,,
3,48979,,0.001792114693671465,,1.9964157342910767,,
3,48989,,0.0,,2.0,,
3,48999,,0.0,,2.0,,
3,49009,,0.0,,2.0,,
3,49019,,0.0,,2.0,,
3,49029,,0.001792114693671465,,1.9964157342910767,,
3,49039,,0.001792114693671465,,1.9964157342910767,,
3,49049,,0.001792114693671465,,1.9964157342910767,,
3,49059,,0.0,,2.0,,
3,49069,,0.00358422938734293,,1.9928314685821533,,
3,49079,,0.00358422938734293,,1.9928314685821533,,
3,49089,,0.0,,2.0,,
3,49099,,0.001792114693671465,,1.9964157342910767,,
3,49109,,0.001792114693671465,,1.9964157342910767,,
3,49119,,0.00358422938734293,,1.9928314685821533,,
3,49129,,0.0,,2.0,,
3,49139,,0.0,,2.0,,
3,49149,,0.0,,2.0,,
3,49159,,0.0,,2.0,,
3,49169,,0.00358422938734293,,1.9928314685821533,,
3,49179,,0.001792114693671465,,1.9964157342910767,,
3,49189,,0.0,,2.0,,
3,49199,,0.0,,2.0,,
3,49209,,0.001792114693671465,,1.9964157342910767,,
3,49219,,0.00358422938734293,,1.9928314685821533,,
3,49229,,0.0,,2.0,,
3,49239,,0.001792114693671465,,1.9964157342910767,,
3,49249,,0.0,,2.0,,
3,49259,,0.001792114693671465,,1.9964157342910767,,
3,49269,,0.0,,2.0,,
3,49279,,0.001792114693671465,,1.9964157342910767,,
3,49289,,0.0,,2.0,,
3,49299,,0.0,,2.0,,
3,49309,,0.001792114693671465,,1.9964157342910767,,
3,49319,,0.0,,2.0,,
3,49329,,0.00358422938734293,,1.9928314685821533,,
3,49339,,0.001792114693671465,,1.9964157342910767,,
3,49349,,0.00358422938734293,,1.9928314685821533,,
3,49359,,0.001792114693671465,,1.9964157342910767,,
3,49369,,0.0,,2.0,,
3,49379,,0.00358422938734293,,1.9928314685821533,,
3,49389,,0.005376344081014395,,1.98924720287323,,
3,49399,,0.0,,2.0,,
3,49409,,0.001792114693671465,,1.9964157342910767,,
3,49419,,0.0,,2.0,,
3,49429,,0.001792114693671465,,1.9964157342910767,,
3,49439,,0.00358422938734293,,1.9928314685821533,,
3,49449,,0.001792114693671465,,1.9964157342910767,,
3,49459,,0.00358422938734293,,1.9928314685821533,,
3,49469,,0.001792114693671465,,1.9964157342910767,,
3,49479,,0.00358422938734293,,1.9928314685821533,,
3,49489,,0.001792114693671465,,1.9964157342910767,,
3,49499,,0.001792114693671465,,1.9964157342910767,,
3,49509,,0.001792114693671465,,1.9964157342910767,,
3,49519,,0.001792114693671465,,1.9964157342910767,,
3,49529,,0.0,,2.0,,
3,49539,,0.001792114693671465,,1.9964157342910767,,
3,49549,,0.0,,2.0,,
3,49559,,0.001792114693671465,,1.9964157342910767,,
3,49569,,0.0,,2.0,,
3,49579,,0.001792114693671465,,1.9964157342910767,,
3,49589,,0.005376344081014395,,1.9892473220825195,,
3,49599,,0.00358422938734293,,1.9928314685821533,,
3,49609,,0.00358422938734293,,1.9928314685821533,,
3,49619,,0.00358422938734293,,1.9928314685821533,,
3,49629,,0.001792114693671465,,1.9964157342910767,,
3,49639,,0.0,,2.0,,
3,49649,,0.001792114693671465,,1.9964157342910767,,
3,49659,,0.0,,2.0,,
3,49669,,0.00716845877468586,,1.9856630563735962,,
3,49679,,0.0,,2.0,,
3,49689,,0.0,,2.0,,
3,49699,,0.0,,2.0,,
3,49709,,0.001792114693671465,,1.9964157342910767,,
3,49719,,0.001792114693671465,,1.9964157342910767,,
3,49729,,0.001792114693671465,,1.9964157342910767,,
3,49739,,0.00358422938734293,,1.9928314685821533,,
3,49749,,0.0,,2.0,,
3,49759,,0.001792114693671465,,1.9964157342910767,,
3,49769,,0.0,,2.0,,
3,49779,,0.0,,2.0,,
3,49789,,0.001792114693671465,,1.9964157342910767,,
3,49799,,0.001792114693671465,,1.9964157342910767,,
3,49809,,0.0,,2.0,,
3,49819,,0.0,,2.0,,
3,49829,,0.001792114693671465,,1.9964157342910767,,
3,49839,,0.001792114693671465,,1.9964157342910767,,
3,49849,,0.0,,2.0,,
3,49859,,0.00358422938734293,,1.9928314685821533,,
3,49869,,0.00358422938734293,,1.9928314685821533,,
3,49879,,0.001792114693671465,,1.9964157342910767,,
3,49889,,0.001792114693671465,,1.9964157342910767,,
3,49899,,0.00358422938734293,,1.9928314685821533,,
3,49909,,0.0,,2.0,,
3,49919,,0.001792114693671465,,1.9964157342910767,,
3,49929,,0.0,,2.0,,
3,49939,,0.001792114693671465,,1.9964157342910767,,
3,49949,,0.00358422938734293,,1.9928314685821533,,
3,49959,,0.005376344081014395,,1.98924720287323,,
3,49969,,0.0,,2.0,,
3,49979,,0.001792114693671465,,1.9964157342910767,,
3,49989,,0.001792114693671465,,1.9964157342910767,,
3,49999,,0.001792114693671465,,1.9964157342910767,,
3,50009,,0.001792114693671465,,1.9964157342910767,,
3,50019,,0.001792114693671465,,1.9964157342910767,,
3,50029,,0.001792114693671465,,1.9964157342910767,,
3,50039,,0.0,,2.0,,
3,50049,,0.001792114693671465,,1.9964157342910767,,
3,50059,,0.00716845877468586,,1.9856629371643066,,
3,50069,,0.001792114693671465,,1.9964157342910767,,
3,50079,,0.001792114693671465,,1.9964157342910767,,
3,50089,,0.00358422938734293,,1.9928314685821533,,
3,50099,,0.0,,2.0,,
3,50109,,0.00358422938734293,,1.9928314685821533,,
3,50119,,0.001792114693671465,,1.9964157342910767,,
3,50129,,0.00358422938734293,,1.9928314685821533,,
3,50139,,0.0,,2.0,,
3,50149,,0.0,,2.0,,
3,50159,,0.0,,2.0,,
3,50169,,0.00358422938734293,,1.9928314685821533,,
3,50179,,0.001792114693671465,,1.9964157342910767,,
3,50189,,0.001792114693671465,,1.9964157342910767,,
3,50199,,0.00358422938734293,,1.9928314685821533,,
3,50209,,0.0,,2.0,,
3,50219,,0.001792114693671465,,1.9964157342910767,,
3,50229,,0.00358422938734293,,1.9928314685821533,,
3,50239,,0.0,,2.0,,
3,50249,,0.0,,2.0,,
3,50259,,0.00358422938734293,,1.9928314685821533,,
3,50269,,0.00358422938734293,,1.9928314685821533,,
3,50279,,0.0,,2.0,,
3,50289,,0.001792114693671465,,1.9964157342910767,,
3,50299,,0.0,,2.0,,
3,50309,,0.0,,2.0,,
3,50319,,0.0,,2.0,,
3,50329,,0.0,,2.0,,
3,50339,,0.00716845877468586,,1.9856629371643066,,
3,50349,,0.0,,2.0,,
3,50359,,0.001792114693671465,,1.9964157342910767,,
3,50369,,0.005376344081014395,,1.9892473220825195,,
3,50379,,0.0,,2.0,,
3,50389,,0.00358422938734293,,1.9928314685821533,,
3,50399,,0.001792114693671465,,1.9964157342910767,,
3,50409,,0.005376344081014395,,1.98924720287323,,
3,50419,,0.001792114693671465,,1.9964157342910767,,
3,50429,,0.00358422938734293,,1.9928314685821533,,
3,50439,,0.001792114693671465,,1.9964157342910767,,
3,50449,,0.001792114693671465,,1.9964157342910767,,
3,50459,,0.0,,2.0,,
3,50469,,0.001792114693671465,,1.9964157342910767,,
3,50479,,0.001792114693671465,,1.9964157342910767,,
3,50489,,0.001792114693671465,,1.9964157342910767,,
3,50499,,0.00358422938734293,,1.9928314685821533,,
3,50509,,0.001792114693671465,,1.9964157342910767,,
3,50519,,0.0,,2.0,,
3,50529,,0.00358422938734293,,1.9928314685821533,,
3,50539,,0.001792114693671465,,1.9964157342910767,,
3,50549,,0.001792114693671465,,1.9964157342910767,,
3,50559,,0.0,,2.0,,
3,50569,,0.001792114693671465,,1.9964157342910767,,
3,50579,,0.00358422938734293,,1.9928314685821533,,
3,50589,,0.0,,2.0,,
3,50599,,0.001792114693671465,,1.9964157342910767,,
3,50609,,0.005376344081014395,,1.9892473220825195,,
3,50619,,0.001792114693671465,,1.9964157342910767,,
3,50629,,0.001792114693671465,,1.9964157342910767,,
3,50639,,0.001792114693671465,,1.9964157342910767,,
3,50649,,0.0,,2.0,,
3,50659,,0.0,,2.0,,
3,50669,,0.005376344081014395,,1.9892473220825195,,
3,50679,,0.00358422938734293,,1.9928314685821533,,
3,50689,,0.0,,2.0,,
3,50699,,0.00358422938734293,,1.9928314685821533,,
3,50709,,0.0,,2.0,,
3,50719,,0.00358422938734293,,1.9928314685821533,,
3,50729,,0.001792114693671465,,1.9964157342910767,,
3,50739,,0.00358422938734293,,1.9928314685821533,,
3,50749,,0.0,,2.0,,
3,50759,,0.001792114693671465,,1.9964157342910767,,
3,50769,,0.001792114693671465,,1.9964157342910767,,
3,50779,,0.001792114693671465,,1.9964157342910767,,
3,50789,,0.00358422938734293,,1.9928314685821533,,
3,50799,,0.0,,2.0,,
3,50809,,0.00358422938734293,,1.9928314685821533,,
3,50819,,0.0,,2.0,,
3,50829,,0.001792114693671465,,1.9964157342910767,,
3,50839,,0.00358422938734293,,1.9928314685821533,,
3,50849,,0.001792114693671465,,1.9964157342910767,,
3,50859,,0.00358422938734293,,1.9928314685821533,,
3,50869,,0.001792114693671465,,1.9964157342910767,,
3,50879,,0.001792114693671465,,1.9964157342910767,,
3,50889,,0.001792114693671465,,1.9964157342910767,,
3,50899,,0.001792114693671465,,1.9964157342910767,,
3,50909,,0.00358422938734293,,1.9928314685821533,,
3,50919,,0.0,,2.0,,
3,50929,,0.0,,2.0,,
3,50939,,0.00716845877468586,,1.9856629371643066,,
3,50949,,0.0,,2.0,,
3,50959,,0.001792114693671465,,1.9964157342910767,,
3,50969,,0.00358422938734293,,1.9928314685821533,,
3,50979,,0.0,,2.0,,
3,50989,,0.00358422938734293,,1.9928314685821533,,
3,50999,,0.001792114693671465,,1.9964157342910767,,
3,51009,,0.0,,2.0,,
3,51019,,0.0,,2.0,,
3,51029,,0.001792114693671465,,1.9964157342910767,,
3,51039,,0.0,,2.0,,
3,51049,,0.00358422938734293,,1.9928314685821533,,
3,51059,,0.001792114693671465,,1.9964157342910767,,
3,51069,,0.001792114693671465,,1.9964157342910767,,
3,51079,,0.01075268816202879,,1.9784945249557495,,
3,51089,,0.0,,2.0,,
3,51099,,0.001792114693671465,,1.9964157342910767,,
3,51109,,0.0,,2.0,,
3,51119,,0.00716845877468586,,1.9856629371643066,,
3,51129,,0.001792114693671465,,1.9964157342910767,,
3,51139,,0.001792114693671465,,1.9964157342910767,,
3,51149,,0.00358422938734293,,1.9928314685821533,,
3,51159,,0.0,,2.0,,
3,51169,,0.0,,2.0,,
3,51179,,0.00358422938734293,,1.9928314685821533,,
3,51189,,0.005376344081014395,,1.9892473220825195,,
3,51199,,0.001792114693671465,,1.9964157342910767,,
3,51209,,0.001792114693671465,,1.9964157342910767,,
3,51219,,0.001792114693671465,,1.9964157342910767,,
3,51229,,0.001792114693671465,,1.9964157342910767,,
3,51239,,0.0,,2.0,,
3,51249,,0.0,,2.0,,
3,51259,,0.001792114693671465,,1.9964157342910767,,
3,51269,,0.001792114693671465,,1.9964157342910767,,
3,51279,,0.0,,2.0,,
3,51289,,0.001792114693671465,,1.9964157342910767,,
3,51299,,0.001792114693671465,,1.9964157342910767,,
3,51309,,0.001792114693671465,,1.9964157342910767,,
3,51319,,0.00358422938734293,,1.9928314685821533,,
3,51329,,0.001792114693671465,,1.9964157342910767,,
3,51339,,0.001792114693671465,,1.9964157342910767,,
3,51349,,0.0,,2.0,,
3,51359,,0.0,,2.0,,
3,51369,,0.00358422938734293,,1.9928314685821533,,
3,51379,,0.0,,2.0,,
3,51389,,0.001792114693671465,,1.9964157342910767,,
3,51399,,0.001792114693671465,,1.9964157342910767,,
3,51409,,0.00358422938734293,,1.9928314685821533,,
3,51419,,0.001792114693671465,,1.9964157342910767,,
3,51429,,0.00358422938734293,,1.9928314685821533,,
3,51439,,0.005376344081014395,,1.9892473220825195,,
3,51449,,0.001792114693671465,,1.9964157342910767,,
3,51459,,0.00358422938734293,,1.9928314685821533,,
3,51469,,0.001792114693671465,,1.9964157342910767,,
3,51479,,0.001792114693671465,,1.9964157342910767,,
3,51489,,0.001792114693671465,,1.9964157342910767,,
3,51499,,0.001792114693671465,,1.9964157342910767,,
3,51509,,0.0,,2.0,,
3,51519,,0.00358422938734293,,1.9928314685821533,,
3,51529,,0.001792114693671465,,1.9964157342910767,,
3,51539,,0.0,,2.0,,
3,51549,,0.00358422938734293,,1.9928314685821533,,
3,51559,,0.00358422938734293,,1.9928314685821533,,
3,51569,,0.00358422938734293,,1.9928314685821533,,
3,51579,,0.0,,2.0,,
3,51589,,0.001792114693671465,,1.9964157342910767,,
3,51599,,0.0,,2.0,,
3,51609,,0.001792114693671465,,1.9964157342910767,,
3,51619,,0.001792114693671465,,1.9964157342910767,,
3,51629,,0.0,,2.0,,
3,51639,,0.001792114693671465,,1.9964157342910767,,
3,51649,,0.005376344081014395,,1.98924720287323,,
3,51659,,0.00358422938734293,,1.9928314685821533,,
3,51669,,0.00358422938734293,,1.9928314685821533,,
3,51679,,0.001792114693671465,,1.9964157342910767,,
3,51689,,0.0,,2.0,,
3,51699,,0.00716845877468586,,1.9856630563735962,,
3,51709,,0.00358422938734293,,1.9928314685821533,,
3,51719,,0.00358422938734293,,1.9928314685821533,,
3,51729,,0.001792114693671465,,1.9964157342910767,,
3,51739,,0.00358422938734293,,1.9928314685821533,,
3,51749,,0.001792114693671465,,1.9964157342910767,,
3,51759,,0.001792114693671465,,1.9964157342910767,,
3,51769,,0.0,,2.0,,
3,51779,,0.0,,2.0,,
3,51789,,0.0,,2.0,,
3,51799,,0.0,,2.0,,
3,51809,,0.001792114693671465,,1.9964157342910767,,
3,51819,,0.00358422938734293,,1.9928314685821533,,
3,51829,,0.0,,2.0,,
3,51839,,0.001792114693671465,,1.9964157342910767,,
3,51849,,0.0,,2.0,,
3,51859,,0.0,,2.0,,
3,51869,,0.0,,2.0,,
3,51879,,0.001792114693671465,,1.9964157342910767,,
3,51889,,0.001792114693671465,,1.9964157342910767,,
3,51899,,0.0,,2.0,,
3,51909,,0.0,,2.0,,
3,51919,,0.001792114693671465,,1.9964157342910767,,
3,51929,,0.00358422938734293,,1.9928314685821533,,
3,51939,,0.0,,2.0,,
3,51949,,0.0,,2.0,,
3,51959,,0.00358422938734293,,1.9928314685821533,,
3,51969,,0.00358422938734293,,1.9928314685821533,,
3,51979,,0.0,,2.0,,
3,51989,,0.0,,2.0,,
3,51999,,0.00716845877468586,,1.9856629371643066,,
3,52009,,0.0,,2.0,,
3,52019,,0.001792114693671465,,1.9964157342910767,,
3,52029,,0.001792114693671465,,1.9964157342910767,,
3,52039,,0.001792114693671465,,1.9964157342910767,,
3,52049,,0.001792114693671465,,1.9964157342910767,,
3,52059,,0.0,,2.0,,
3,52069,,0.001792114693671465,,1.9964157342910767,,
3,52079,,0.00358422938734293,,1.9928314685821533,,
3,52089,,0.005376344081014395,,1.9892473220825195,,
3,52099,,0.001792114693671465,,1.9964157342910767,,
3,52109,,0.001792114693671465,,1.9964157342910767,,
3,52119,,0.001792114693671465,,1.9964157342910767,,
3,52129,,0.00358422938734293,,1.9928314685821533,,
3,52139,,0.0,,2.0,,
3,52149,,0.0,,2.0,,
3,52159,,0.00358422938734293,,1.9928314685821533,,
3,52169,,0.001792114693671465,,1.9964157342910767,,
3,52179,,0.0,,2.0,,
3,52189,,0.0,,2.0,,
3,52199,,0.001792114693671465,,1.9964157342910767,,
3,52209,,0.0,,2.0,,
3,52219,,0.001792114693671465,,1.9964157342910767,,
3,52229,,0.0,,2.0,,
3,52239,,0.001792114693671465,,1.9964157342910767,,
3,52249,,0.0,,2.0,,
3,52259,,0.008960573934018612,,1.9820787906646729,,
3,52269,,0.001792114693671465,,1.9964157342910767,,
3,52279,,0.0,,2.0,,
3,52289,,0.00358422938734293,,1.9928314685821533,,
3,52299,,0.005376344081014395,,1.9892473220825195,,
3,52309,,0.001792114693671465,,1.9964157342910767,,
3,52319,,0.00358422938734293,,1.9928314685821533,,
3,52329,,0.0,,2.0,,
3,52339,,0.001792114693671465,,1.9964157342910767,,
3,52349,,0.001792114693671465,,1.9964157342910767,,
3,52359,,0.0,,2.0,,
3,52369,,0.00358422938734293,,1.9928314685821533,,
3,52379,,0.001792114693671465,,1.9964157342910767,,
3,52389,,0.0,,2.0,,
3,52399,,0.001792114693671465,,1.9964157342910767,,
3,52409,,0.00358422938734293,,1.9928314685821533,,
3,52419,,0.00358422938734293,,1.9928314685821533,,
3,52429,,0.001792114693671465,,1.9964157342910767,,
3,52439,,0.00358422938734293,,1.9928314685821533,,
3,52449,,0.001792114693671465,,1.9964157342910767,,
3,52459,,0.0,,2.0,,
3,52469,,0.0,,2.0,,
3,52479,,0.001792114693671465,,1.9964157342910767,,
3,52489,,0.001792114693671465,,1.9964157342910767,,
3,52499,,0.001792114693671465,,1.9964157342910767,,
3,52509,,0.0,,2.0,,
3,52519,,0.0,,2.0,,
3,52529,,0.0,,2.0,,
3,52539,,0.001792114693671465,,1.9964157342910767,,
3,52549,,0.001792114693671465,,1.9964157342910767,,
3,52559,,0.00358422938734293,,1.9928314685821533,,
3,52569,,0.001792114693671465,,1.9964157342910767,,
3,52579,,0.005376344081014395,,1.98924720287323,,
3,52589,,0.00716845877468586,,1.9856630563735962,,
3,52599,,0.001792114693671465,,1.9964157342910767,,
3,52609,,0.0,,2.0,,
3,52619,,0.00358422938734293,,1.9928314685821533,,
3,52629,,0.005376344081014395,,1.98924720287323,,
3,52639,,0.001792114693671465,,1.9964157342910767,,
3,52649,,0.0,,2.0,,
3,52659,,0.001792114693671465,,1.9964157342910767,,
3,52669,,0.00358422938734293,,1.9928314685821533,,
3,52679,,0.001792114693671465,,1.9964157342910767,,
3,52689,,0.0,,2.0,,
3,52699,,0.001792114693671465,,1.9964157342910767,,
3,52709,,0.0,,2.0,,
3,52719,,0.0,,2.0,,
3,52729,,0.001792114693671465,,1.9964157342910767,,
3,52739,,0.0,,2.0,,
3,52749,,0.001792114693671465,,1.9964157342910767,,
3,52759,,0.001792114693671465,,1.9964157342910767,,
3,52769,,0.00358422938734293,,1.9928314685821533,,
3,52779,,0.00358422938734293,,1.9928314685821533,,
3,52789,,0.001792114693671465,,1.9964157342910767,,
3,52799,,0.00358422938734293,,1.9928314685821533,,
3,52809,,0.00358422938734293,,1.9928314685821533,,
3,52819,,0.0,,2.0,,
3,52829,,0.00358422938734293,,1.9928314685821533,,
3,52839,,0.001792114693671465,,1.9964157342910767,,
3,52849,,0.005376344081014395,,1.9892473220825195,,
3,52859,,0.00358422938734293,,1.9928314685821533,,
3,52869,,0.001792114693671465,,1.9964157342910767,,
3,52879,,0.00358422938734293,,1.9928314685821533,,
3,52889,,0.001792114693671465,,1.9964157342910767,,
3,52899,,0.0,,2.0,,
3,52909,,0.001792114693671465,,1.9964157342910767,,
3,52919,,0.0,,2.0,,
3,52929,,0.001792114693671465,,1.9964157342910767,,
3,52939,,0.0,,2.0,,
3,52949,,0.005376344081014395,,1.98924720287323,,
3,52959,,0.001792114693671465,,1.9964157342910767,,
3,52969,,0.00358422938734293,,1.9928314685821533,,
3,52979,,0.001792114693671465,,1.9964157342910767,,
3,52989,,0.0,,2.0,,
3,52999,,0.00358422938734293,,1.9928314685821533,,
3,53009,,0.00358422938734293,,1.9928314685821533,,
3,53019,,0.0,,2.0,,
3,53029,,0.0,,2.0,,
3,53039,,0.0,,2.0,,
3,53049,,0.005376344081014395,,1.9892473220825195,,
3,53059,,0.001792114693671465,,1.9964157342910767,,
3,53069,,0.005376344081014395,,1.98924720287323,,
3,53079,,0.00358422938734293,,1.9928314685821533,,
3,53089,,0.001792114693671465,,1.9964157342910767,,
3,53099,,0.001792114693671465,,1.9964157342910767,,
3,53109,,0.00716845877468586,,1.9856629371643066,,
3,53119,,0.001792114693671465,,1.9964157342910767,,
3,53129,,0.0,,2.0,,
3,53139,,0.001792114693671465,,1.9964157342910767,,
3,53149,,0.001792114693671465,,1.9964157342910767,,
3,53159,,0.005376344081014395,,1.9892473220825195,,
3,53169,,0.00358422938734293,,1.9928314685821533,,
3,53179,,0.001792114693671465,,1.9964157342910767,,
3,53189,,0.005376344081014395,,1.98924720287323,,
3,53199,,0.00358422938734293,,1.9928314685821533,,
3,53209,,0.001792114693671465,,1.9964157342910767,,
3,53219,,0.0,,2.0,,
3,53229,,0.0,,2.0,,
3,53239,,0.0,,2.0,,
3,53249,,0.005376344081014395,,1.9892473220825195,,
3,53259,,0.001792114693671465,,1.9964157342910767,,
3,53269,,0.0,,2.0,,
3,53279,,0.001792114693671465,,1.9964157342910767,,
3,53289,,0.0,,2.0,,
3,53299,,0.001792114693671465,,1.9964157342910767,,
3,53309,,0.0,,2.0,,
3,53319,,0.005376344081014395,,1.9892473220825195,,
3,53329,,0.0,,2.0,,
3,53339,,0.00358422938734293,,1.9928314685821533,,
3,53349,,0.001792114693671465,,1.9964157342910767,,
3,53359,,0.001792114693671465,,1.9964157342910767,,
3,53369,,0.0,,2.0,,
3,53379,,0.00358422938734293,,1.9928314685821533,,
3,53389,,0.001792114693671465,,1.9964157342910767,,
3,53399,,0.0,,2.0,,
3,53409,,0.0,,2.0,,
3,53419,,0.001792114693671465,,1.9964157342910767,,
3,53429,,0.001792114693671465,,1.9964157342910767,,
3,53439,,0.0,,2.0,,
3,53449,,0.0,,2.0,,
3,53459,,0.001792114693671465,,1.9964157342910767,,
3,53469,,0.005376344081014395,,1.98924720287323,,
3,53479,,0.00358422938734293,,1.9928314685821533,,
3,53489,,0.0,,2.0,,
3,53499,,0.0,,2.0,,
3,53509,,0.0,,2.0,,
3,53519,,0.0,,2.0,,
3,53529,,0.001792114693671465,,1.9964157342910767,,
3,53539,,0.001792114693671465,,1.9964157342910767,,
3,53549,,0.0,,2.0,,
3,53559,,0.00358422938734293,,1.9928314685821533,,
3,53569,,0.0,,2.0,,
3,53579,,0.001792114693671465,,1.9964157342910767,,
3,53589,,0.00358422938734293,,1.9928314685821533,,
3,53599,,0.0,,2.0,,
3,53609,,0.001792114693671465,,1.9964157342910767,,
3,53619,,0.001792114693671465,,1.9964157342910767,,
3,53629,,0.00358422938734293,,1.9928314685821533,,
3,53639,,0.001792114693671465,,1.9964157342910767,,
3,53649,,0.001792114693671465,,1.9964157342910767,,
3,53659,,0.0,,2.0,,
3,53669,,0.0,,2.0,,
3,53679,,0.00358422938734293,,1.9928314685821533,,
3,53689,,0.005376344081014395,,1.9892473220825195,,
3,53699,,0.001792114693671465,,1.9964157342910767,,
3,53709,,0.001792114693671465,,1.9964157342910767,,
3,53719,,0.00358422938734293,,1.9928314685821533,,
3,53729,,0.001792114693671465,,1.9964157342910767,,
3,53739,,0.001792114693671465,,1.9964157342910767,,
3,53749,,0.001792114693671465,,1.9964157342910767,,
3,53759,,0.00358422938734293,,1.9928314685821533,,
3,53769,,0.00358422938734293,,1.9928314685821533,,
3,53779,,0.00358422938734293,,1.9928314685821533,,
3,53789,,0.0,,2.0,,
3,53799,,0.001792114693671465,,1.9964157342910767,,
3,53809,,0.001792114693671465,,1.9964157342910767,,
3,53819,,0.001792114693671465,,1.9964157342910767,,
3,53829,,0.0,,2.0,,
3,53839,,0.001792114693671465,,1.9964157342910767,,
3,53849,,0.005376344081014395,,1.98924720287323,,
3,53859,,0.001792114693671465,,1.9964157342910767,,
3,53869,,0.001792114693671465,,1.9964157342910767,,
3,53879,,0.0,,2.0,,
3,53889,,0.001792114693671465,,1.9964157342910767,,
3,53899,,0.0,,2.0,,
3,53909,,0.001792114693671465,,1.9964157342910767,,
3,53919,,0.0,,2.0,,
3,53929,,0.001792114693671465,,1.9964157342910767,,
3,53939,,0.001792114693671465,,1.9964157342910767,,
3,53949,,0.0,,2.0,,
3,53959,,0.0,,2.0,,
3,53969,,0.00358422938734293,,1.9928314685821533,,
3,53979,,0.00358422938734293,,1.9928314685821533,,
3,53989,,0.001792114693671465,,1.9964157342910767,,
3,53999,,0.0,,2.0,,
3,54009,,0.00358422938734293,,1.9928314685821533,,
3,54019,,0.001792114693671465,,1.9964157342910767,,
3,54029,,0.001792114693671465,,1.9964157342910767,,
3,54039,,0.001792114693671465,,1.9964157342910767,,
3,54049,,0.001792114693671465,,1.9964157342910767,,
3,54059,,0.0,,2.0,,
3,54069,,0.001792114693671465,,1.9964157342910767,,
3,54079,,0.001792114693671465,,1.9964157342910767,,
3,54089,,0.0,,2.0,,
3,54099,,0.005376344081014395,,1.98924720287323,,
3,54109,,0.0,,2.0,,
3,54119,,0.00716845877468586,,1.9856630563735962,,
3,54129,,0.0,,2.0,,
3,54139,,0.0,,2.0,,
3,54149,,0.001792114693671465,,1.9964157342910767,,
3,54159,,0.0,,2.0,,
3,54169,,0.0,,2.0,,
3,54179,,0.0,,2.0,,
3,54189,,0.001792114693671465,,1.9964157342910767,,
3,54199,,0.0,,2.0,,
3,54209,,0.0,,2.0,,
3,54219,,0.001792114693671465,,1.9964157342910767,,
3,54229,,0.001792114693671465,,1.9964157342910767,,
3,54239,,0.005376344081014395,,1.98924720287323,,
3,54249,,0.001792114693671465,,1.9964157342910767,,
3,54259,,0.001792114693671465,,1.9964157342910767,,
3,54269,,0.001792114693671465,,1.9964157342910767,,
3,54279,,0.001792114693671465,,1.9964157342910767,,
3,54289,,0.00358422938734293,,1.9928314685821533,,
3,54299,,0.001792114693671465,,1.9964157342910767,,
3,54309,,0.0,,2.0,,
3,54319,,0.0,,2.0,,
3,54329,,0.0,,2.0,,
3,54339,,0.0,,2.0,,
3,54349,,0.0,,2.0,,
3,54359,,0.0,,2.0,,
3,54369,,0.00358422938734293,,1.9928314685821533,,
3,54379,,0.001792114693671465,,1.9964157342910767,,
3,54389,,0.001792114693671465,,1.9964157342910767,,
3,54399,,0.0,,2.0,,
3,54409,,0.00358422938734293,,1.9928314685821533,,
3,54419,,0.0,,2.0,,
3,54429,,0.0,,2.0,,
3,54439,,0.001792114693671465,,1.9964157342910767,,
3,54449,,0.0,,2.0,,
3,54459,,0.00358422938734293,,1.9928314685821533,,
3,54469,,0.00358422938734293,,1.9928314685821533,,
3,54479,,0.0,,2.0,,
3,54489,,0.00358422938734293,,1.9928314685821533,,
3,54499,,0.0,,2.0,,
3,54509,,0.00358422938734293,,1.9928314685821533,,
3,54519,,0.0,,2.0,,
3,54529,,0.001792114693671465,,1.9964157342910767,,
3,54539,,0.00358422938734293,,1.9928314685821533,,
3,54549,,0.00358422938734293,,1.9928314685821533,,
3,54559,,0.0,,2.0,,
3,54569,,0.005376344081014395,,1.98924720287323,,
3,54579,,0.008960573934018612,,1.9820787906646729,,
3,54589,,0.001792114693671465,,1.9964157342910767,,
3,54599,,0.00358422938734293,,1.9928314685821533,,
3,54609,,0.0,,2.0,,
3,54619,,0.00358422938734293,,1.9928314685821533,,
3,54629,,0.001792114693671465,,1.9964157342910767,,
3,54639,,0.001792114693671465,,1.9964157342910767,,
3,54649,,0.001792114693671465,,1.9964157342910767,,
3,54659,,0.00358422938734293,,1.9928314685821533,,
3,54669,,0.0,,2.0,,
3,54679,,0.001792114693671465,,1.9964157342910767,,
3,54689,,0.0,,2.0,,
3,54699,,0.001792114693671465,,1.9964157342910767,,
3,54709,,0.00358422938734293,,1.9928314685821533,,
3,54719,,0.0,,2.0,,
3,54729,,0.0,,2.0,,
3,54739,,0.00358422938734293,,1.9928314685821533,,
3,54749,,0.001792114693671465,,1.9964157342910767,,
3,54759,,0.00358422938734293,,1.9928314685821533,,
3,54769,,0.0,,2.0,,
3,54779,,0.00716845877468586,,1.9856630563735962,,
3,54789,,0.0,,2.0,,
3,54799,,0.00358422938734293,,1.9928314685821533,,
3,54809,,0.0,,2.0,,
3,54819,,0.001792114693671465,,1.9964157342910767,,
3,54829,,0.001792114693671465,,1.9964157342910767,,
3,54839,,0.001792114693671465,,1.9964157342910767,,
3,54849,,0.001792114693671465,,1.9964157342910767,,
3,54859,,0.001792114693671465,,1.9964157342910767,,
3,54869,,0.001792114693671465,,1.9964157342910767,,
3,54879,,0.0,,2.0,,
3,54889,,0.001792114693671465,,1.9964157342910767,,
3,54899,,0.001792114693671465,,1.9964157342910767,,
3,54909,,0.00358422938734293,,1.9928314685821533,,
3,54919,,0.00358422938734293,,1.9928314685821533,,
3,54929,,0.001792114693671465,,1.9964157342910767,,
3,54939,,0.001792114693671465,,1.9964157342910767,,
3,54949,,0.00358422938734293,,1.9928314685821533,,
3,54959,,0.0,,2.0,,
3,54969,,0.0,,2.0,,
3,54979,,0.00358422938734293,,1.9928314685821533,,
3,54989,,0.0,,2.0,,
3,54999,,0.001792114693671465,,1.9964157342910767,,
3,55009,,0.0,,2.0,,
3,55019,,0.001792114693671465,,1.9964157342910767,,
3,55029,,0.00358422938734293,,1.9928314685821533,,
3,55039,,0.001792114693671465,,1.9964157342910767,,
3,55049,,0.00358422938734293,,1.9928314685821533,,
3,55059,,0.0,,2.0,,
3,55069,,0.0,,2.0,,
3,55079,,0.00358422938734293,,1.9928314685821533,,
3,55089,,0.0,,2.0,,
3,55099,,0.0,,2.0,,
3,55109,,0.001792114693671465,,1.9964157342910767,,
3,55119,,0.001792114693671465,,1.9964157342910767,,
3,55129,,0.00358422938734293,,1.9928314685821533,,
3,55139,,0.001792114693671465,,1.9964157342910767,,
3,55149,,0.00358422938734293,,1.9928314685821533,,
3,55159,,0.0,,2.0,,
3,55169,,0.001792114693671465,,1.9964157342910767,,
3,55179,,0.00358422938734293,,1.9928314685821533,,
3,55189,,0.001792114693671465,,1.9964157342910767,,
3,55199,,0.0,,2.0,,
3,55209,,0.001792114693671465,,1.9964157342910767,,
3,55219,,0.001792114693671465,,1.9964157342910767,,
3,55229,,0.00358422938734293,,1.9928314685821533,,
3,55239,,0.00358422938734293,,1.9928314685821533,,
3,55249,,0.001792114693671465,,1.9964157342910767,,
3,55259,,0.001792114693671465,,1.9964157342910767,,
3,55269,,0.00358422938734293,,1.9928314685821533,,
3,55279,,0.00358422938734293,,1.9928314685821533,,
3,55289,,0.0,,2.0,,
3,55299,,0.0,,2.0,,
3,55309,,0.001792114693671465,,1.9964157342910767,,
3,55319,,0.005376344081014395,,1.9892473220825195,,
3,55329,,0.00358422938734293,,1.9928314685821533,,
3,55339,,0.00358422938734293,,1.9928314685821533,,
3,55349,,0.0,,2.0,,
3,55359,,0.001792114693671465,,1.9964157342910767,,
3,55369,,0.0,,2.0,,
3,55379,,0.001792114693671465,,1.9964157342910767,,
3,55389,,0.001792114693671465,,1.9964157342910767,,
3,55399,,0.0,,2.0,,
3,55409,,0.005376344081014395,,1.98924720287323,,
3,55419,,0.001792114693671465,,1.9964157342910767,,
3,55429,,0.001792114693671465,,1.9964157342910767,,
3,55439,,0.001792114693671465,,1.9964157342910767,,
3,55449,,0.001792114693671465,,1.9964157342910767,,
3,55459,,0.001792114693671465,,1.9964157342910767,,
3,55469,,0.0,,2.0,,
3,55479,,0.00358422938734293,,1.9928314685821533,,
3,55489,,0.0,,2.0,,
3,55499,,0.001792114693671465,,1.9964157342910767,,
3,55509,,0.001792114693671465,,1.9964157342910767,,
3,55519,,0.001792114693671465,,1.9964157342910767,,
3,55529,,0.0,,2.0,,
3,55539,,0.001792114693671465,,1.9964157342910767,,
3,55549,,0.001792114693671465,,1.9964157342910767,,
3,55559,,0.00358422938734293,,1.9928314685821533,,
3,55569,,0.00358422938734293,,1.9928314685821533,,
3,55579,,0.001792114693671465,,1.9964157342910767,,
3,55589,,0.0,,2.0,,
3,55599,,0.001792114693671465,,1.9964157342910767,,
3,55609,,0.0,,2.0,,
3,55619,,0.001792114693671465,,1.9964157342910767,,
3,55629,,0.00358422938734293,,1.9928314685821533,,
3,55639,,0.00358422938734293,,1.9928314685821533,,
3,55649,,0.00358422938734293,,1.9928314685821533,,
3,55659,,0.001792114693671465,,1.9964157342910767,,
3,55669,,0.001792114693671465,,1.9964157342910767,,
3,55679,,0.005376344081014395,,1.98924720287323,,
3,55689,,0.0,,2.0,,
3,55699,,0.0,,2.0,,
3,55709,,0.001792114693671465,,1.9964157342910767,,
3,55719,,0.001792114693671465,,1.9964157342910767,,
3,55729,,0.0,,2.0,,
3,55739,,0.0,,2.0,,
3,55749,,0.001792114693671465,,1.9964157342910767,,
3,55759,,0.001792114693671465,,1.9964157342910767,,
3,55769,,0.001792114693671465,,1.9964157342910767,,
3,55779,,0.00358422938734293,,1.9928314685821533,,
3,55789,,0.00358422938734293,,1.9928314685821533,,
3,55799,,0.001792114693671465,,1.9964157342910767,,
3,55809,,0.0,,2.0,,
3,55819,,0.0,,2.0,,
3,55829,,0.0,,2.0,,
3,55839,,0.005376344081014395,,1.98924720287323,,
3,55849,,0.001792114693671465,,1.9964157342910767,,
3,55859,,0.0,,2.0,,
3,55869,,0.0,,2.0,,
3,55879,,0.001792114693671465,,1.9964157342910767,,
3,55889,,0.0,,2.0,,
3,55899,,0.0,,2.0,,
3,55909,,0.001792114693671465,,1.9964157342910767,,
3,55919,,0.0,,2.0,,
3,55929,,0.00358422938734293,,1.9928314685821533,,
3,55939,,0.001792114693671465,,1.9964157342910767,,
3,55949,,0.001792114693671465,,1.9964157342910767,,
3,55959,,0.00716845877468586,,1.9856630563735962,,
3,55969,,0.001792114693671465,,1.9964157342910767,,
3,55979,,0.005376344081014395,,1.9892473220825195,,
3,55989,,0.00716845877468586,,1.9856629371643066,,
3,55999,,0.001792114693671465,,1.9964157342910767,,
3,56009,,0.0,,2.0,,
3,56019,,0.001792114693671465,,1.9964157342910767,,
3,56029,,0.00358422938734293,,1.9928314685821533,,
3,56039,,0.00358422938734293,,1.9928314685821533,,
3,56049,,0.0,,2.0,,
3,56059,,0.00358422938734293,,1.9928314685821533,,
3,56069,,0.0,,2.0,,
3,56079,,0.001792114693671465,,1.9964157342910767,,
3,56089,,0.0,,2.0,,
3,56099,,0.0,,2.0,,
3,56109,,0.001792114693671465,,1.9964157342910767,,
3,56119,,0.00358422938734293,,1.9928314685821533,,
3,56129,,0.0,,2.0,,
3,56139,,0.001792114693671465,,1.9964157342910767,,
3,56149,,0.00358422938734293,,1.9928314685821533,,
3,56159,,0.0,,2.0,,
3,56169,,0.0,,2.0,,
3,56179,,0.00358422938734293,,1.9928314685821533,,
3,56189,,0.001792114693671465,,1.9964157342910767,,
3,56199,,0.001792114693671465,,1.9964157342910767,,
3,56209,,0.00358422938734293,,1.9928314685821533,,
3,56219,,0.005376344081014395,,1.9892473220825195,,
3,56229,,0.0,,2.0,,
3,56239,,0.001792114693671465,,1.9964157342910767,,
3,56249,,0.0,,2.0,,
3,56259,,0.005376344081014395,,1.9892473220825195,,
3,56269,,0.001792114693671465,,1.9964157342910767,,
3,56279,,0.001792114693671465,,1.9964157342910767,,
3,56289,,0.001792114693671465,,1.9964157342910767,,
3,56299,,0.001792114693671465,,1.9964157342910767,,
3,56309,,0.0,,2.0,,
3,56319,,0.001792114693671465,,1.9964157342910767,,
3,56329,,0.001792114693671465,,1.9964157342910767,,
3,56339,,0.001792114693671465,,1.9964157342910767,,
3,56349,,0.001792114693671465,,1.9964157342910767,,
3,56359,,0.0,,2.0,,
3,56369,,0.0,,2.0,,
3,56379,,0.0,,2.0,,
3,56389,,0.0,,2.0,,
3,56399,,0.005376344081014395,,1.9892473220825195,,
3,56409,,0.005376344081014395,,1.9892473220825195,,
3,56419,,0.00358422938734293,,1.9928314685821533,,
3,56429,,0.00358422938734293,,1.9928314685821533,,
3,56439,,0.001792114693671465,,1.9964157342910767,,
3,56449,,0.001792114693671465,,1.9964157342910767,,
3,56459,,0.0,,2.0,,
3,56469,,0.001792114693671465,,1.9964157342910767,,
3,56479,,0.0,,2.0,,
3,56489,,0.001792114693671465,,1.9964157342910767,,
3,56499,,0.00358422938734293,,1.9928314685821533,,
3,56509,,0.005376344081014395,,1.98924720287323,,
3,56519,,0.001792114693671465,,1.9964157342910767,,
3,56529,,0.0,,2.0,,
3,56539,,0.0,,2.0,,
3,56549,,0.0,,2.0,,
3,56559,,0.001792114693671465,,1.9964157342910767,,
3,56569,,0.0,,2.0,,
3,56579,,0.0,,2.0,,
3,56589,,0.0,,2.0,,
3,56599,,0.001792114693671465,,1.9964157342910767,,
3,56609,,0.0,,2.0,,
3,56619,,0.0,,2.0,,
3,56629,,0.00358422938734293,,1.9928314685821533,,
3,56639,,0.001792114693671465,,1.9964157342910767,,
3,56649,,0.0,,2.0,,
3,56659,,0.0,,2.0,,
3,56669,,0.0,,2.0,,
3,56679,,0.0,,2.0,,
3,56689,,0.001792114693671465,,1.9964157342910767,,
3,56699,,0.0,,2.0,,
3,56709,,0.00358422938734293,,1.9928314685821533,,
3,56719,,0.001792114693671465,,1.9964157342910767,,
3,56729,,0.001792114693671465,,1.9964157342910767,,
3,56739,,0.0,,2.0,,
3,56749,,0.001792114693671465,,1.9964157342910767,,
3,56759,,0.0,,2.0,,
3,56769,,0.00358422938734293,,1.9928314685821533,,
3,56779,,0.0,,2.0,,
3,56789,,0.001792114693671465,,1.9964157342910767,,
3,56799,,0.005376344081014395,,1.98924720287323,,
3,56809,,0.00358422938734293,,1.9928314685821533,,
3,56819,,0.00358422938734293,,1.9928314685821533,,
3,56829,,0.0,,2.0,,
3,56839,,0.0,,2.0,,
3,56849,,0.0,,2.0,,
3,56859,,0.001792114693671465,,1.9964157342910767,,
3,56869,,0.005376344081014395,,1.98924720287323,,
3,56879,,0.0,,2.0,,
3,56889,,0.0,,2.0,,
3,56899,,0.00358422938734293,,1.9928314685821533,,
3,56909,,0.001792114693671465,,1.9964157342910767,,
3,56919,,0.001792114693671465,,1.9964157342910767,,
3,56929,,0.0,,2.0,,
3,56939,,0.001792114693671465,,1.9964157342910767,,
3,56949,,0.001792114693671465,,1.9964157342910767,,
3,56959,,0.0,,2.0,,
3,56969,,0.001792114693671465,,1.9964157342910767,,
3,56979,,0.0,,2.0,,
3,56989,,0.0,,2.0,,
3,56999,,0.0,,2.0,,
3,57009,,0.001792114693671465,,1.9964157342910767,,
3,57019,,0.005376344081014395,,1.9892473220825195,,
3,57029,,0.001792114693671465,,1.9964157342910767,,
3,57039,,0.0,,2.0,,
3,57049,,0.001792114693671465,,1.9964157342910767,,
3,57059,,0.0,,2.0,,
3,57069,,0.005376344081014395,,1.98924720287323,,
3,57079,,0.001792114693671465,,1.9964157342910767,,
3,57089,,0.0,,2.0,,
3,57099,,0.001792114693671465,,1.9964157342910767,,
3,57109,,0.001792114693671465,,1.9964157342910767,,
3,57119,,0.0,,2.0,,
3,57129,,0.0,,2.0,,
3,57139,,0.001792114693671465,,1.9964157342910767,,
3,57149,,0.001792114693671465,,1.9964157342910767,,
3,57159,,0.0,,2.0,,
3,57169,,0.001792114693671465,,1.9964157342910767,,
3,57179,,0.001792114693671465,,1.9964157342910767,,
3,57189,,0.001792114693671465,,1.9964157342910767,,
3,57199,,0.0,,2.0,,
3,57209,,0.00358422938734293,,1.9928314685821533,,
3,57219,,0.001792114693671465,,1.9964157342910767,,
3,57229,,0.001792114693671465,,1.9964157342910767,,
3,57239,,0.0,,2.0,,
3,57249,,0.0,,2.0,,
3,57259,,0.00358422938734293,,1.9928314685821533,,
3,57269,,0.001792114693671465,,1.9964157342910767,,
3,57279,,0.001792114693671465,,1.9964157342910767,,
3,57289,,0.00358422938734293,,1.9928314685821533,,
3,57299,,0.001792114693671465,,1.9964157342910767,,
3,57309,,0.00358422938734293,,1.9928314685821533,,
3,57319,,0.0,,2.0,,
3,57329,,0.0,,2.0,,
3,57339,,0.0,,2.0,,
3,57349,,0.001792114693671465,,1.9964157342910767,,
3,57359,,0.001792114693671465,,1.9964157342910767,,
3,57369,,0.0,,2.0,,
3,57379,,0.00358422938734293,,1.9928314685821533,,
3,57389,,0.001792114693671465,,1.9964157342910767,,
3,57399,,0.00358422938734293,,1.9928314685821533,,
3,57409,,0.00358422938734293,,1.9928314685821533,,
3,57419,,0.001792114693671465,,1.9964157342910767,,
3,57429,,0.0,,2.0,,
3,57439,,0.0,,2.0,,
3,57449,,0.0,,2.0,,
3,57459,,0.00358422938734293,,1.9928314685821533,,
3,57469,,0.001792114693671465,,1.9964157342910767,,
3,57479,,0.00358422938734293,,1.9928314685821533,,
3,57489,,0.001792114693671465,,1.9964157342910767,,
3,57499,,0.001792114693671465,,1.9964157342910767,,
3,57509,,0.00358422938734293,,1.9928314685821533,,
3,57519,,0.001792114693671465,,1.9964157342910767,,
3,57529,,0.001792114693671465,,1.9964157342910767,,
3,57539,,0.001792114693671465,,1.9964157342910767,,
3,57549,,0.0,,2.0,,
3,57559,,0.0,,2.0,,
3,57569,,0.0,,2.0,,
3,57579,,0.0,,2.0,,
3,57589,,0.0,,2.0,,
3,57599,,0.0,,2.0,,
3,57609,,0.001792114693671465,,1.9964157342910767,,
3,57619,,0.001792114693671465,,1.9964157342910767,,
3,57629,,0.00358422938734293,,1.9928314685821533,,
3,57639,,0.001792114693671465,,1.9964157342910767,,
3,57649,,0.0,,2.0,,
3,57659,,0.001792114693671465,,1.9964157342910767,,
3,57669,,0.001792114693671465,,1.9964157342910767,,
3,57679,,0.0,,2.0,,
3,57689,,0.001792114693671465,,1.9964157342910767,,
3,57699,,0.00358422938734293,,1.9928314685821533,,
3,57709,,0.001792114693671465,,1.9964157342910767,,
3,57719,,0.001792114693671465,,1.9964157342910767,,
3,57729,,0.0,,2.0,,
3,57739,,0.005376344081014395,,1.9892473220825195,,
3,57749,,0.001792114693671465,,1.9964157342910767,,
3,57759,,0.001792114693671465,,1.9964157342910767,,
3,57769,,0.00358422938734293,,1.9928314685821533,,
3,57779,,0.00358422938734293,,1.9928314685821533,,
3,57789,,0.00716845877468586,,1.9856630563735962,,
3,57799,,0.0,,2.0,,
3,57809,,0.001792114693671465,,1.9964157342910767,,
3,57819,,0.001792114693671465,,1.9964157342910767,,
3,57829,,0.001792114693671465,,1.9964157342910767,,
3,57839,,0.0,,2.0,,
3,57849,,0.005376344081014395,,1.9892473220825195,,
3,57859,,0.005376344081014395,,1.9892473220825195,,
3,57869,,0.001792114693671465,,1.9964157342910767,,
3,57879,,0.0,,2.0,,
3,57889,,0.005376344081014395,,1.98924720287323,,
3,57899,,0.0,,2.0,,
3,57909,,0.00358422938734293,,1.9928314685821533,,
3,57919,,0.001792114693671465,,1.9964157342910767,,
3,57929,,0.00358422938734293,,1.9928314685821533,,
3,57939,,0.001792114693671465,,1.9964157342910767,,
3,57949,,0.0,,2.0,,
3,57959,,0.00358422938734293,,1.9928314685821533,,
3,57969,,0.0,,2.0,,
3,57979,,0.001792114693671465,,1.9964157342910767,,
3,57989,,0.001792114693671465,,1.9964157342910767,,
3,57999,,0.00358422938734293,,1.9928314685821533,,
3,58009,,0.001792114693671465,,1.9964157342910767,,
3,58019,,0.00358422938734293,,1.9928314685821533,,
3,58029,,0.0,,2.0,,
3,58039,,0.005376344081014395,,1.98924720287323,,
3,58049,,0.00358422938734293,,1.9928314685821533,,
3,58059,,0.001792114693671465,,1.9964157342910767,,
3,58069,,0.00358422938734293,,1.9928314685821533,,
3,58079,,0.001792114693671465,,1.9964157342910767,,
3,58089,,0.001792114693671465,,1.9964157342910767,,
3,58099,,0.001792114693671465,,1.9964157342910767,,
3,58109,,0.001792114693671465,,1.9964157342910767,,
3,58119,,0.0,,2.0,,
3,58129,,0.001792114693671465,,1.9964157342910767,,
3,58139,,0.001792114693671465,,1.9964157342910767,,
3,58149,,0.001792114693671465,,1.9964157342910767,,
3,58159,,0.005376344081014395,,1.9892473220825195,,
3,58169,,0.0,,2.0,,
3,58179,,0.001792114693671465,,1.9964157342910767,,
3,58189,,0.0,,2.0,,
3,58199,,0.00358422938734293,,1.9928314685821533,,
3,58209,,0.001792114693671465,,1.9964157342910767,,
3,58219,,0.00358422938734293,,1.9928314685821533,,
3,58229,,0.00358422938734293,,1.9928314685821533,,
3,58239,,0.0,,2.0,,
3,58249,,0.00358422938734293,,1.9928314685821533,,
3,58259,,0.001792114693671465,,1.9964157342910767,,
3,58269,,0.00358422938734293,,1.9928314685821533,,
3,58279,,0.001792114693671465,,1.9964157342910767,,
3,58289,,0.0,,2.0,,
3,58299,,0.001792114693671465,,1.9964157342910767,,
3,58309,,0.001792114693671465,,1.9964157342910767,,
3,58319,,0.001792114693671465,,1.9964157342910767,,
3,58329,,0.0,,2.0,,
3,58339,,0.001792114693671465,,1.9964157342910767,,
3,58349,,0.001792114693671465,,1.9964157342910767,,
3,58359,,0.001792114693671465,,1.9964157342910767,,
3,58369,,0.00358422938734293,,1.9928314685821533,,
3,58379,,0.00358422938734293,,1.9928314685821533,,
3,58389,,0.001792114693671465,,1.9964157342910767,,
3,58399,,0.001792114693671465,,1.9964157342910767,,
3,58409,,0.001792114693671465,,1.9964157342910767,,
3,58419,,0.001792114693671465,,1.9964157342910767,,
3,58429,,0.0,,2.0,,
3,58439,,0.0,,2.0,,
3,58449,,0.0,,2.0,,
3,58459,,0.001792114693671465,,1.9964157342910767,,
3,58469,,0.001792114693671465,,1.9964157342910767,,
3,58479,,0.0,,2.0,,
3,58489,,0.001792114693671465,,1.9964157342910767,,
3,58499,,0.001792114693671465,,1.9964157342910767,,
3,58509,,0.00358422938734293,,1.9928314685821533,,
3,58519,,0.0,,2.0,,
3,58529,,0.0,,2.0,,
3,58539,,0.001792114693671465,,1.9964157342910767,,
3,58549,,0.0,,2.0,,
3,58559,,0.001792114693671465,,1.9964157342910767,,
3,58569,,0.0,,2.0,,
3,58579,,0.001792114693671465,,1.9964157342910767,,
3,58589,,0.00358422938734293,,1.9928314685821533,,
3,58599,,0.001792114693671465,,1.9964157342910767,,
3,58609,,0.0,,2.0,,
3,58619,,0.001792114693671465,,1.9964157342910767,,
3,58629,,0.00358422938734293,,1.9928314685821533,,
3,58639,,0.001792114693671465,,1.9964157342910767,,
3,58649,,0.001792114693671465,,1.9964157342910767,,
3,58659,,0.00358422938734293,,1.9928314685821533,,
3,58669,,0.001792114693671465,,1.9964157342910767,,
3,58679,,0.001792114693671465,,1.9964157342910767,,
3,58689,,0.001792114693671465,,1.9964157342910767,,
3,58699,,0.001792114693671465,,1.9964157342910767,,
3,58709,,0.001792114693671465,,1.9964157342910767,,
3,58719,,0.001792114693671465,,1.9964157342910767,,
3,58729,,0.0,,2.0,,
3,58739,,0.00716845877468586,,1.9856630563735962,,
3,58749,,0.001792114693671465,,1.9964157342910767,,
3,58759,,0.001792114693671465,,1.9964157342910767,,
3,58769,,0.0,,2.0,,
3,58779,,0.001792114693671465,,1.9964157342910767,,
3,58789,,0.0,,2.0,,
3,58799,,0.0,,2.0,,
3,58809,,0.001792114693671465,,1.9964157342910767,,
3,58819,,0.00358422938734293,,1.9928314685821533,,
3,58829,,0.001792114693671465,,1.9964157342910767,,
3,58839,,0.001792114693671465,,1.9964157342910767,,
3,58849,,0.0,,2.0,,
3,58859,,0.005376344081014395,,1.98924720287323,,
3,58869,,0.001792114693671465,,1.9964157342910767,,
3,58879,,0.005376344081014395,,1.9892473220825195,,
3,58889,,0.0,,2.0,,
3,58899,,0.001792114693671465,,1.9964157342910767,,
3,58909,,0.00358422938734293,,1.9928314685821533,,
3,58919,,0.001792114693671465,,1.9964157342910767,,
3,58929,,0.0,,2.0,,
3,58939,,0.0,,2.0,,
3,58949,,0.0,,2.0,,
3,58959,,0.001792114693671465,,1.9964157342910767,,
3,58969,,0.001792114693671465,,1.9964157342910767,,
3,58979,,0.0,,2.0,,
3,58989,,0.001792114693671465,,1.9964157342910767,,
3,58999,,0.00358422938734293,,1.9928314685821533,,
3,59009,,0.001792114693671465,,1.9964157342910767,,
3,59019,,0.00358422938734293,,1.9928314685821533,,
3,59029,,0.00358422938734293,,1.9928314685821533,,
3,59039,,0.00716845877468586,,1.9856629371643066,,
3,59049,,0.00358422938734293,,1.9928314685821533,,
3,59059,,0.0,,2.0,,
3,59069,,0.0,,2.0,,
3,59079,,0.0,,2.0,,
3,59089,,0.001792114693671465,,1.9964157342910767,,
3,59099,,0.0,,2.0,,
3,59109,,0.00358422938734293,,1.9928314685821533,,
3,59119,,0.001792114693671465,,1.9964157342910767,,
3,59129,,0.0,,2.0,,
3,59139,,0.00358422938734293,,1.9928314685821533,,
3,59149,,0.00358422938734293,,1.9928314685821533,,
3,59159,,0.001792114693671465,,1.9964157342910767,,
3,59169,,0.00358422938734293,,1.9928314685821533,,
3,59179,,0.001792114693671465,,1.9964157342910767,,
3,59189,,0.00358422938734293,,1.9928314685821533,,
3,59199,,0.001792114693671465,,1.9964157342910767,,
3,59209,,0.0,,2.0,,
3,59219,,0.0,,2.0,,
3,59229,,0.00358422938734293,,1.9928314685821533,,
3,59239,,0.001792114693671465,,1.9964157342910767,,
3,59249,,0.00358422938734293,,1.9928314685821533,,
3,59259,,0.0,,2.0,,
3,59269,,0.001792114693671465,,1.9964157342910767,,
3,59279,,0.0,,2.0,,
3,59289,,0.001792114693671465,,1.9964157342910767,,
3,59299,,0.00358422938734293,,1.9928314685821533,,
3,59309,,0.001792114693671465,,1.9964157342910767,,
3,59319,,0.00358422938734293,,1.9928314685821533,,
3,59329,,0.001792114693671465,,1.9964157342910767,,
3,59339,,0.001792114693671465,,1.9964157342910767,,
3,59349,,0.0,,2.0,,
3,59359,,0.001792114693671465,,1.9964157342910767,,
3,59369,,0.0,,2.0,,
3,59379,,0.001792114693671465,,1.9964157342910767,,
3,59389,,0.00358422938734293,,1.9928314685821533,,
3,59399,,0.00358422938734293,,1.9928314685821533,,
3,59409,,0.00358422938734293,,1.9928314685821533,,
3,59419,,0.001792114693671465,,1.9964157342910767,,
3,59429,,0.001792114693671465,,1.9964157342910767,,
3,59439,,0.0,,2.0,,
3,59449,,0.00358422938734293,,1.9928314685821533,,
3,59459,,0.00358422938734293,,1.9928314685821533,,
3,59469,,0.0,,2.0,,
3,59479,,0.00358422938734293,,1.9928314685821533,,
3,59489,,0.001792114693671465,,1.9964157342910767,,
3,59499,,0.001792114693671465,,1.9964157342910767,,
3,59509,,0.001792114693671465,,1.9964157342910767,,
3,59519,,0.001792114693671465,,1.9964157342910767,,
3,59529,,0.0,,2.0,,
3,59539,,0.0,,2.0,,
3,59549,,0.0,,2.0,,
3,59559,,0.001792114693671465,,1.9964157342910767,,
3,59569,,0.0,,2.0,,
3,59579,,0.0,,2.0,,
3,59589,,0.00358422938734293,,1.9928314685821533,,
3,59599,,0.001792114693671465,,1.9964157342910767,,
3,59609,,0.00358422938734293,,1.9928314685821533,,
3,59619,,0.0,,2.0,,
3,59629,,0.00358422938734293,,1.9928314685821533,,
3,59639,,0.001792114693671465,,1.9964157342910767,,
3,59649,,0.0,,2.0,,
3,59659,,0.0,,2.0,,
3,59669,,0.00358422938734293,,1.9928314685821533,,
3,59679,,0.001792114693671465,,1.9964157342910767,,
3,59689,,0.0,,2.0,,
3,59699,,0.005376344081014395,,1.98924720287323,,
3,59709,,0.0,,2.0,,
3,59719,,0.00358422938734293,,1.9928314685821533,,
3,59729,,0.001792114693671465,,1.9964157342910767,,
3,59739,,0.00358422938734293,,1.9928314685821533,,
3,59749,,0.001792114693671465,,1.9964157342910767,,
3,59759,,0.001792114693671465,,1.9964157342910767,,
3,59769,,0.00358422938734293,,1.9928314685821533,,
3,59779,,0.0,,2.0,,
3,59789,,0.0,,2.0,,
3,59799,,0.005376344081014395,,1.98924720287323,,
3,59809,,0.001792114693671465,,1.9964157342910767,,
3,59819,,0.005376344081014395,,1.9892473220825195,,
3,59829,,0.00358422938734293,,1.9928314685821533,,
3,59839,,0.0,,2.0,,
3,59849,,0.0,,2.0,,
3,59859,,0.00358422938734293,,1.9928314685821533,,
3,59869,,0.0,,2.0,,
3,59879,,0.00358422938734293,,1.9928314685821533,,
3,59889,,0.0,,2.0,,
3,59899,,0.001792114693671465,,1.9964157342910767,,
3,59909,,0.001792114693671465,,1.9964157342910767,,
3,59919,,0.001792114693671465,,1.9964157342910767,,
3,59929,,0.0,,2.0,,
3,59939,,0.001792114693671465,,1.9964157342910767,,
3,59949,,0.001792114693671465,,1.9964157342910767,,
3,59959,,0.0,,2.0,,
3,59969,,0.005376344081014395,,1.98924720287323,,
3,59979,,0.0,,2.0,,
3,59989,,0.001792114693671465,,1.9964157342910767,,
3,59999,,0.0,,2.0,,
3,60009,,0.00358422938734293,,1.9928314685821533,,
3,60019,,0.00358422938734293,,1.9928314685821533,,
3,60029,,0.0,,2.0,,
3,60039,,0.0,,2.0,,
3,60049,,0.00358422938734293,,1.9928314685821533,,
3,60059,,0.00358422938734293,,1.9928314685821533,,
3,60069,,0.001792114693671465,,1.9964157342910767,,
3,60079,,0.0,,2.0,,
3,60089,,0.00358422938734293,,1.9928314685821533,,
3,60099,,0.001792114693671465,,1.9964157342910767,,
3,60109,,0.001792114693671465,,1.9964157342910767,,
3,60119,,0.001792114693671465,,1.9964157342910767,,
3,60129,,0.0,,2.0,,
3,60139,,0.0,,2.0,,
3,60149,,0.0,,2.0,,
3,60159,,0.0,,2.0,,
3,60169,,0.001792114693671465,,1.9964157342910767,,
3,60179,,0.0,,2.0,,
3,60189,,0.0,,2.0,,
3,60199,,0.0,,2.0,,
3,60209,,0.001792114693671465,,1.9964157342910767,,
3,60219,,0.00358422938734293,,1.9928314685821533,,
3,60229,,0.0,,2.0,,
3,60239,,0.001792114693671465,,1.9964157342910767,,
3,60249,,0.00358422938734293,,1.9928314685821533,,
3,60259,,0.0,,2.0,,
3,60269,,0.0,,2.0,,
3,60279,,0.001792114693671465,,1.9964157342910767,,
3,60289,,0.001792114693671465,,1.9964157342910767,,
3,60299,,0.0,,2.0,,
3,60309,,0.00358422938734293,,1.9928314685821533,,
3,60319,,0.00358422938734293,,1.9928314685821533,,
3,60329,,0.00358422938734293,,1.9928314685821533,,
3,60339,,0.00358422938734293,,1.9928314685821533,,
3,60349,,0.00716845877468586,,1.9856629371643066,,
3,60359,,0.0,,2.0,,
3,60369,,0.001792114693671465,,1.9964157342910767,,
3,60379,,0.0,,2.0,,
3,60389,,0.001792114693671465,,1.9964157342910767,,
3,60399,,0.005376344081014395,,1.98924720287323,,
3,60409,,0.001792114693671465,,1.9964157342910767,,
3,60419,,0.0,,2.0,,
3,60429,,0.00358422938734293,,1.9928314685821533,,
3,60439,,0.001792114693671465,,1.9964157342910767,,
3,60449,,0.001792114693671465,,1.9964157342910767,,
3,60459,,0.005376344081014395,,1.9892473220825195,,
3,60469,,0.001792114693671465,,1.9964157342910767,,
3,60479,,0.0,,2.0,,
3,60489,,0.005376344081014395,,1.9892473220825195,,
3,60499,,0.00358422938734293,,1.9928314685821533,,
3,60509,,0.001792114693671465,,1.9964157342910767,,
3,60519,,0.001792114693671465,,1.9964157342910767,,
3,60529,,0.00358422938734293,,1.9928314685821533,,
3,60539,,0.0,,2.0,,
3,60549,,0.0,,2.0,,
3,60559,,0.005376344081014395,,1.9892473220825195,,
3,60569,,0.0,,2.0,,
3,60579,,0.0,,2.0,,
3,60589,,0.00358422938734293,,1.9928314685821533,,
3,60599,,0.00358422938734293,,1.9928314685821533,,
3,60609,,0.0,,2.0,,
3,60619,,0.0,,2.0,,
3,60629,,0.0,,2.0,,
3,60639,,0.0,,2.0,,
3,60649,,0.001792114693671465,,1.9964157342910767,,
3,60659,,0.0,,2.0,,
3,60669,,0.0,,2.0,,
3,60679,,0.001792114693671465,,1.9964157342910767,,
3,60689,,0.0,,2.0,,
3,60699,,0.001792114693671465,,1.9964157342910767,,
3,60709,,0.0,,2.0,,
3,60719,,0.00358422938734293,,1.9928314685821533,,
3,60729,,0.001792114693671465,,1.9964157342910767,,
3,60739,,0.001792114693671465,,1.9964157342910767,,
3,60749,,0.001792114693671465,,1.9964157342910767,,
3,60759,,0.001792114693671465,,1.9964157342910767,,
3,60769,,0.00358422938734293,,1.9928314685821533,,
3,60779,,0.0,,2.0,,
3,60789,,0.001792114693671465,,1.9964157342910767,,
3,60799,,0.001792114693671465,,1.9964157342910767,,
3,60809,,0.001792114693671465,,1.9964157342910767,,
3,60819,,0.0,,2.0,,
3,60829,,0.001792114693671465,,1.9964157342910767,,
3,60839,,0.001792114693671465,,1.9964157342910767,,
3,60849,,0.00358422938734293,,1.9928314685821533,,
3,60859,,0.0,,2.0,,
3,60869,,0.001792114693671465,,1.9964157342910767,,
3,60879,,0.0,,2.0,,
3,60889,,0.0,,2.0,,
3,60899,,0.0,,2.0,,
3,60909,,0.0,,2.0,,
3,60919,,0.001792114693671465,,1.9964157342910767,,
3,60929,,0.0,,2.0,,
3,60939,,0.0,,2.0,,
3,60949,,0.001792114693671465,,1.9964157342910767,,
3,60959,,0.0,,2.0,,
3,60969,,0.0,,2.0,,
3,60979,,0.0,,2.0,,
3,60989,,0.001792114693671465,,1.9964157342910767,,
3,60999,,0.00358422938734293,,1.9928314685821533,,
3,61009,,0.005376344081014395,,1.9892473220825195,,
3,61019,,0.001792114693671465,,1.9964157342910767,,
3,61029,,0.001792114693671465,,1.9964157342910767,,
3,61039,,0.0,,2.0,,
3,61049,,0.001792114693671465,,1.9964157342910767,,
3,61059,,0.00358422938734293,,1.9928314685821533,,
3,61069,,0.0,,2.0,,
3,61079,,0.00358422938734293,,1.9928314685821533,,
3,61089,,0.0,,2.0,,
3,61099,,0.0,,2.0,,
3,61109,,0.0,,2.0,,
3,61119,,0.005376344081014395,,1.9892473220825195,,
3,61129,,0.0,,2.0,,
3,61139,,0.0,,2.0,,
3,61149,,0.0,,2.0,,
3,61151,,,,,0.0017686699284240603,1.9964627027511597
3,61151,0.001804423169232905,,1.9963911771774292,,,
4,61159,,0.00358422938734293,,1.9928314685821533,,
4,61169,,0.0,,2.0,,
4,61179,,0.00358422938734293,,1.9928314685821533,,
4,61189,,0.0,,2.0,,
4,61199,,0.00716845877468586,,1.9856629371643066,,
4,61209,,0.0,,2.0,,
4,61219,,0.001792114693671465,,1.9964157342910767,,
4,61229,,0.001792114693671465,,1.9964157342910767,,
4,61239,,0.00358422938734293,,1.9928314685821533,,
4,61249,,0.001792114693671465,,1.9964157342910767,,
4,61259,,0.0,,2.0,,
4,61269,,0.001792114693671465,,1.9964157342910767,,
4,61279,,0.001792114693671465,,1.9964157342910767,,
4,61289,,0.001792114693671465,,1.9964157342910767,,
4,61299,,0.001792114693671465,,1.9964157342910767,,
4,61309,,0.001792114693671465,,1.9964157342910767,,
4,61319,,0.0,,2.0,,
4,61329,,0.0,,2.0,,
4,61339,,0.0,,2.0,,
4,61349,,0.00358422938734293,,1.9928314685821533,,
4,61359,,0.00358422938734293,,1.9928314685821533,,
4,61369,,0.00358422938734293,,1.9928314685821533,,
4,61379,,0.001792114693671465,,1.9964157342910767,,
4,61389,,0.005376344081014395,,1.9892473220825195,,
4,61399,,0.001792114693671465,,1.9964157342910767,,
4,61409,,0.0,,2.0,,
4,61419,,0.001792114693671465,,1.9964157342910767,,
4,61429,,0.0,,2.0,,
4,61439,,0.001792114693671465,,1.9964157342910767,,
4,61449,,0.0,,2.0,,
4,61459,,0.0,,2.0,,
4,61469,,0.0,,2.0,,
4,61479,,0.0,,2.0,,
4,61489,,0.001792114693671465,,1.9964157342910767,,
4,61499,,0.0,,2.0,,
4,61509,,0.0,,2.0,,
4,61519,,0.00358422938734293,,1.9928314685821533,,
4,61529,,0.0,,2.0,,
4,61539,,0.005376344081014395,,1.98924720287323,,
4,61549,,0.005376344081014395,,1.9892473220825195,,
4,61559,,0.0,,2.0,,
4,61569,,0.001792114693671465,,1.9964157342910767,,
4,61579,,0.0,,2.0,,
4,61589,,0.0,,2.0,,
4,61599,,0.001792114693671465,,1.9964157342910767,,
4,61609,,0.00358422938734293,,1.9928314685821533,,
4,61619,,0.001792114693671465,,1.9964157342910767,,
4,61629,,0.001792114693671465,,1.9964157342910767,,
4,61639,,0.0,,2.0,,
4,61649,,0.001792114693671465,,1.9964157342910767,,
4,61659,,0.0,,2.0,,
4,61669,,0.00358422938734293,,1.9928314685821533,,
4,61679,,0.00358422938734293,,1.9928314685821533,,
4,61689,,0.001792114693671465,,1.9964157342910767,,
4,61699,,0.00358422938734293,,1.9928314685821533,,
4,61709,,0.001792114693671465,,1.9964157342910767,,
4,61719,,0.0,,2.0,,
4,61729,,0.00358422938734293,,1.9928314685821533,,
4,61739,,0.0,,2.0,,
4,61749,,0.0,,2.0,,
4,61759,,0.005376344081014395,,1.9892473220825195,,
4,61769,,0.001792114693671465,,1.9964157342910767,,
4,61779,,0.00358422938734293,,1.9928314685821533,,
4,61789,,0.00358422938734293,,1.9928314685821533,,
4,61799,,0.00358422938734293,,1.9928314685821533,,
4,61809,,0.001792114693671465,,1.9964157342910767,,
4,61819,,0.0,,2.0,,
4,61829,,0.001792114693671465,,1.9964157342910767,,
4,61839,,0.0,,2.0,,
4,61849,,0.001792114693671465,,1.9964157342910767,,
4,61859,,0.00358422938734293,,1.9928314685821533,,
4,61869,,0.0,,2.0,,
4,61879,,0.0,,2.0,,
4,61889,,0.001792114693671465,,1.9964157342910767,,
4,61899,,0.001792114693671465,,1.9964157342910767,,
4,61909,,0.001792114693671465,,1.9964157342910767,,
4,61919,,0.0,,2.0,,
4,61929,,0.0,,2.0,,
4,61939,,0.00358422938734293,,1.9928314685821533,,
4,61949,,0.00358422938734293,,1.9928314685821533,,
4,61959,,0.001792114693671465,,1.9964157342910767,,
4,61969,,0.0,,2.0,,
4,61979,,0.00358422938734293,,1.9928314685821533,,
4,61989,,0.00358422938734293,,1.9928314685821533,,
4,61999,,0.001792114693671465,,1.9964157342910767,,
4,62009,,0.001792114693671465,,1.9964157342910767,,
4,62019,,0.001792114693671465,,1.9964157342910767,,
4,62029,,0.001792114693671465,,1.9964157342910767,,
4,62039,,0.001792114693671465,,1.9964157342910767,,
4,62049,,0.00358422938734293,,1.9928314685821533,,
4,62059,,0.0,,2.0,,
4,62069,,0.001792114693671465,,1.9964157342910767,,
4,62079,,0.0,,2.0,,
4,62089,,0.0,,2.0,,
4,62099,,0.001792114693671465,,1.9964157342910767,,
4,62109,,0.0,,2.0,,
4,62119,,0.001792114693671465,,1.9964157342910767,,
4,62129,,0.001792114693671465,,1.9964157342910767,,
4,62139,,0.001792114693671465,,1.9964157342910767,,
4,62149,,0.001792114693671465,,1.9964157342910767,,
4,62159,,0.0,,2.0,,
4,62169,,0.00358422938734293,,1.9928314685821533,,
4,62179,,0.00358422938734293,,1.9928314685821533,,
4,62189,,0.0,,2.0,,
4,62199,,0.0,,2.0,,
4,62209,,0.001792114693671465,,1.9964157342910767,,
4,62219,,0.001792114693671465,,1.9964157342910767,,
4,62229,,0.001792114693671465,,1.9964157342910767,,
4,62239,,0.0,,2.0,,
4,62249,,0.001792114693671465,,1.9964157342910767,,
4,62259,,0.00358422938734293,,1.9928314685821533,,
4,62269,,0.0,,2.0,,
4,62279,,0.00358422938734293,,1.9928314685821533,,
4,62289,,0.001792114693671465,,1.9964157342910767,,
4,62299,,0.001792114693671465,,1.9964157342910767,,
4,62309,,0.005376344081014395,,1.98924720287323,,
4,62319,,0.00358422938734293,,1.9928314685821533,,
4,62329,,0.00358422938734293,,1.9928314685821533,,
4,62339,,0.0,,2.0,,
4,62349,,0.0,,2.0,,
4,62359,,0.001792114693671465,,1.9964157342910767,,
4,62369,,0.00358422938734293,,1.9928314685821533,,
4,62379,,0.001792114693671465,,1.9964157342910767,,
4,62389,,0.0,,2.0,,
4,62399,,0.001792114693671465,,1.9964157342910767,,
4,62409,,0.0,,2.0,,
4,62419,,0.001792114693671465,,1.9964157342910767,,
4,62429,,0.0,,2.0,,
4,62439,,0.001792114693671465,,1.9964157342910767,,
4,62449,,0.0,,2.0,,
4,62459,,0.001792114693671465,,1.9964157342910767,,
4,62469,,0.0,,2.0,,
4,62479,,0.0,,2.0,,
4,62489,,0.00358422938734293,,1.9928314685821533,,
4,62499,,0.00358422938734293,,1.9928314685821533,,
4,62509,,0.001792114693671465,,1.9964157342910767,,
4,62519,,0.00358422938734293,,1.9928314685821533,,
4,62529,,0.0,,2.0,,
4,62539,,0.0,,2.0,,
4,62549,,0.005376344081014395,,1.98924720287323,,
4,62559,,0.00358422938734293,,1.9928314685821533,,
4,62569,,0.005376344081014395,,1.9892473220825195,,
4,62579,,0.001792114693671465,,1.9964157342910767,,
4,62589,,0.001792114693671465,,1.9964157342910767,,
4,62599,,0.005376344081014395,,1.9892473220825195,,
4,62609,,0.001792114693671465,,1.9964157342910767,,
4,62619,,0.001792114693671465,,1.9964157342910767,,
4,62629,,0.001792114693671465,,1.9964157342910767,,
4,62639,,0.00358422938734293,,1.9928314685821533,,
4,62649,,0.0,,2.0,,
4,62659,,0.005376344081014395,,1.9892473220825195,,
4,62669,,0.00358422938734293,,1.9928314685821533,,
4,62679,,0.001792114693671465,,1.9964157342910767,,
4,62689,,0.0,,2.0,,
4,62699,,0.0,,2.0,,
4,62709,,0.001792114693671465,,1.9964157342910767,,
4,62719,,0.00358422938734293,,1.9928314685821533,,
4,62729,,0.001792114693671465,,1.9964157342910767,,
4,62739,,0.001792114693671465,,1.9964157342910767,,
4,62749,,0.0,,2.0,,
4,62759,,0.001792114693671465,,1.9964157342910767,,
4,62769,,0.00358422938734293,,1.9928314685821533,,
4,62779,,0.0,,2.0,,
4,62789,,0.001792114693671465,,1.9964157342910767,,
4,62799,,0.001792114693671465,,1.9964157342910767,,
4,62809,,0.00358422938734293,,1.9928314685821533,,
4,62819,,0.0,,2.0,,
4,62829,,0.0,,2.0,,
4,62839,,0.0,,2.0,,
4,62849,,0.00358422938734293,,1.9928314685821533,,
4,62859,,0.0,,2.0,,
4,62869,,0.0,,2.0,,
4,62879,,0.005376344081014395,,1.9892473220825195,,
4,62889,,0.001792114693671465,,1.9964157342910767,,
4,62899,,0.001792114693671465,,1.9964157342910767,,
4,62909,,0.001792114693671465,,1.9964157342910767,,
4,62919,,0.0,,2.0,,
4,62929,,0.001792114693671465,,1.9964157342910767,,
4,62939,,0.001792114693671465,,1.9964157342910767,,
4,62949,,0.005376344081014395,,1.9892473220825195,,
4,62959,,0.0,,2.0,,
4,62969,,0.00358422938734293,,1.9928314685821533,,
4,62979,,0.00358422938734293,,1.9928314685821533,,
4,62989,,0.0,,2.0,,
4,62999,,0.0,,2.0,,
4,63009,,0.001792114693671465,,1.9964157342910767,,
4,63019,,0.001792114693671465,,1.9964157342910767,,
4,63029,,0.00358422938734293,,1.9928314685821533,,
4,63039,,0.001792114693671465,,1.9964157342910767,,
4,63049,,0.001792114693671465,,1.9964157342910767,,
4,63059,,0.0,,2.0,,
4,63069,,0.00358422938734293,,1.9928314685821533,,
4,63079,,0.001792114693671465,,1.9964157342910767,,
4,63089,,0.001792114693671465,,1.9964157342910767,,
4,63099,,0.001792114693671465,,1.9964157342910767,,
4,63109,,0.001792114693671465,,1.9964157342910767,,
4,63119,,0.0,,2.0,,
4,63129,,0.001792114693671465,,1.9964157342910767,,
4,63139,,0.001792114693671465,,1.9964157342910767,,
4,63149,,0.001792114693671465,,1.9964157342910767,,
4,63159,,0.001792114693671465,,1.9964157342910767,,
4,63169,,0.0,,2.0,,
4,63179,,0.0,,2.0,,
4,63189,,0.001792114693671465,,1.9964157342910767,,
4,63199,,0.005376344081014395,,1.9892473220825195,,
4,63209,,0.0,,2.0,,
4,63219,,0.0,,2.0,,
4,63229,,0.001792114693671465,,1.9964157342910767,,
4,63239,,0.0,,2.0,,
4,63249,,0.0,,2.0,,
4,63259,,0.00358422938734293,,1.9928314685821533,,
4,63269,,0.001792114693671465,,1.9964157342910767,,
4,63279,,0.001792114693671465,,1.9964157342910767,,
4,63289,,0.0,,2.0,,
4,63299,,0.005376344081014395,,1.9892473220825195,,
4,63309,,0.00358422938734293,,1.9928314685821533,,
4,63319,,0.00358422938734293,,1.9928314685821533,,
4,63329,,0.001792114693671465,,1.9964157342910767,,
4,63339,,0.0,,2.0,,
4,63349,,0.001792114693671465,,1.9964157342910767,,
4,63359,,0.00358422938734293,,1.9928314685821533,,
4,63369,,0.0,,2.0,,
4,63379,,0.0,,2.0,,
4,63389,,0.001792114693671465,,1.9964157342910767,,
4,63399,,0.001792114693671465,,1.9964157342910767,,
4,63409,,0.001792114693671465,,1.9964157342910767,,
4,63419,,0.001792114693671465,,1.9964157342910767,,
4,63429,,0.005376344081014395,,1.9892473220825195,,
4,63439,,0.005376344081014395,,1.9892473220825195,,
4,63449,,0.0,,2.0,,
4,63459,,0.0,,2.0,,
4,63469,,0.001792114693671465,,1.9964157342910767,,
4,63479,,0.00358422938734293,,1.9928314685821533,,
4,63489,,0.0,,2.0,,
4,63499,,0.001792114693671465,,1.9964157342910767,,
4,63509,,0.0,,2.0,,
4,63519,,0.001792114693671465,,1.9964157342910767,,
4,63529,,0.001792114693671465,,1.9964157342910767,,
4,63539,,0.001792114693671465,,1.9964157342910767,,
4,63549,,0.0,,2.0,,
4,63559,,0.005376344081014395,,1.9892473220825195,,
4,63569,,0.0,,2.0,,
4,63579,,0.005376344081014395,,1.98924720287323,,
4,63589,,0.001792114693671465,,1.9964157342910767,,
4,63599,,0.001792114693671465,,1.9964157342910767,,
4,63609,,0.005376344081014395,,1.98924720287323,,
4,63619,,0.0,,2.0,,
4,63629,,0.0,,2.0,,
4,63639,,0.0,,2.0,,
4,63649,,0.005376344081014395,,1.98924720287323,,
4,63659,,0.001792114693671465,,1.9964157342910767,,
4,63669,,0.0,,2.0,,
4,63679,,0.005376344081014395,,1.9892473220825195,,
4,63689,,0.0,,2.0,,
4,63699,,0.001792114693671465,,1.9964157342910767,,
4,63709,,0.00358422938734293,,1.9928314685821533,,
4,63719,,0.0,,2.0,,
4,63729,,0.0,,2.0,,
4,63739,,0.001792114693671465,,1.9964157342910767,,
4,63749,,0.001792114693671465,,1.9964157342910767,,
4,63759,,0.001792114693671465,,1.9964157342910767,,
4,63769,,0.001792114693671465,,1.9964157342910767,,
4,63779,,0.001792114693671465,,1.9964157342910767,,
4,63789,,0.0,,2.0,,
4,63799,,0.00358422938734293,,1.9928314685821533,,
4,63809,,0.0,,2.0,,
4,63819,,0.001792114693671465,,1.9964157342910767,,
4,63829,,0.0,,2.0,,
4,63839,,0.0,,2.0,,
4,63849,,0.001792114693671465,,1.9964157342910767,,
4,63859,,0.0,,2.0,,
4,63869,,0.0,,2.0,,
4,63879,,0.0,,2.0,,
4,63889,,0.0,,2.0,,
4,63899,,0.00358422938734293,,1.9928314685821533,,
4,63909,,0.0,,2.0,,
4,63919,,0.00358422938734293,,1.9928314685821533,,
4,63929,,0.001792114693671465,,1.9964157342910767,,
4,63939,,0.0,,2.0,,
4,63949,,0.0,,2.0,,
4,63959,,0.00358422938734293,,1.9928314685821533,,
4,63969,,0.001792114693671465,,1.9964157342910767,,
4,63979,,0.0,,2.0,,
4,63989,,0.0,,2.0,,
4,63999,,0.0,,2.0,,
4,64009,,0.0,,2.0,,
4,64019,,0.00358422938734293,,1.9928314685821533,,
4,64029,,0.00358422938734293,,1.9928314685821533,,
4,64039,,0.0,,2.0,,
4,64049,,0.001792114693671465,,1.9964157342910767,,
4,64059,,0.0,,2.0,,
4,64069,,0.001792114693671465,,1.9964157342910767,,
4,64079,,0.00358422938734293,,1.9928314685821533,,
4,64089,,0.0,,2.0,,
4,64099,,0.0,,2.0,,
4,64109,,0.0,,2.0,,
4,64119,,0.0,,2.0,,
4,64129,,0.0,,2.0,,
4,64139,,0.0,,2.0,,
4,64149,,0.00358422938734293,,1.9928314685821533,,
4,64159,,0.00358422938734293,,1.9928314685821533,,
4,64169,,0.0,,2.0,,
4,64179,,0.001792114693671465,,1.9964157342910767,,
4,64189,,0.0,,2.0,,
4,64199,,0.001792114693671465,,1.9964157342910767,,
4,64209,,0.00358422938734293,,1.9928314685821533,,
4,64219,,0.00358422938734293,,1.9928314685821533,,
4,64229,,0.00358422938734293,,1.9928314685821533,,
4,64239,,0.0,,2.0,,
4,64249,,0.001792114693671465,,1.9964157342910767,,
4,64259,,0.0,,2.0,,
4,64269,,0.001792114693671465,,1.9964157342910767,,
4,64279,,0.0,,2.0,,
4,64289,,0.00358422938734293,,1.9928314685821533,,
4,64299,,0.00358422938734293,,1.9928314685821533,,
4,64309,,0.001792114693671465,,1.9964157342910767,,
4,64319,,0.0,,2.0,,
4,64329,,0.00358422938734293,,1.9928314685821533,,
4,64339,,0.0,,2.0,,
4,64349,,0.0,,2.0,,
4,64359,,0.0,,2.0,,
4,64369,,0.00358422938734293,,1.9928314685821533,,
4,64379,,0.001792114693671465,,1.9964157342910767,,
4,64389,,0.00358422938734293,,1.9928314685821533,,
4,64399,,0.001792114693671465,,1.9964157342910767,,
4,64409,,0.001792114693671465,,1.9964157342910767,,
4,64419,,0.001792114693671465,,1.9964157342910767,,
4,64429,,0.001792114693671465,,1.9964157342910767,,
4,64439,,0.001792114693671465,,1.9964157342910767,,
4,64449,,0.005376344081014395,,1.98924720287323,,
4,64459,,0.001792114693671465,,1.9964157342910767,,
4,64469,,0.0,,2.0,,
4,64479,,0.00358422938734293,,1.9928314685821533,,
4,64489,,0.001792114693671465,,1.9964157342910767,,
4,64499,,0.0,,2.0,,
4,64509,,0.005376344081014395,,1.9892473220825195,,
4,64519,,0.00358422938734293,,1.9928314685821533,,
4,64529,,0.00358422938734293,,1.9928314685821533,,
4,64539,,0.001792114693671465,,1.9964157342910767,,
4,64549,,0.0,,2.0,,
4,64559,,0.0,,2.0,,
4,64569,,0.0,,2.0,,
4,64579,,0.001792114693671465,,1.9964157342910767,,
4,64589,,0.00358422938734293,,1.9928314685821533,,
4,64599,,0.0,,2.0,,
4,64609,,0.005376344081014395,,1.9892473220825195,,
4,64619,,0.005376344081014395,,1.98924720287323,,
4,64629,,0.0,,2.0,,
4,64639,,0.005376344081014395,,1.9892473220825195,,
4,64649,,0.001792114693671465,,1.9964157342910767,,
4,64659,,0.0,,2.0,,
4,64669,,0.0,,2.0,,
4,64679,,0.001792114693671465,,1.9964157342910767,,
4,64689,,0.00358422938734293,,1.9928314685821533,,
4,64699,,0.00358422938734293,,1.9928314685821533,,
4,64709,,0.00358422938734293,,1.9928314685821533,,
4,64719,,0.001792114693671465,,1.9964157342910767,,
4,64729,,0.001792114693671465,,1.9964157342910767,,
4,64739,,0.0,,2.0,,
4,64749,,0.0,,2.0,,
4,64759,,0.001792114693671465,,1.9964157342910767,,
4,64769,,0.0,,2.0,,
4,64779,,0.001792114693671465,,1.9964157342910767,,
4,64789,,0.005376344081014395,,1.9892473220825195,,
4,64799,,0.0,,2.0,,
4,64809,,0.0,,2.0,,
4,64819,,0.0,,2.0,,
4,64829,,0.0,,2.0,,
4,64839,,0.00358422938734293,,1.9928314685821533,,
4,64849,,0.0,,2.0,,
4,64859,,0.001792114693671465,,1.9964157342910767,,
4,64869,,0.0,,2.0,,
4,64879,,0.00358422938734293,,1.9928314685821533,,
4,64889,,0.0,,2.0,,
4,64899,,0.001792114693671465,,1.9964157342910767,,
4,64909,,0.0,,2.0,,
4,64919,,0.00358422938734293,,1.9928314685821533,,
4,64929,,0.00358422938734293,,1.9928314685821533,,
4,64939,,0.005376344081014395,,1.98924720287323,,
4,64949,,0.001792114693671465,,1.9964157342910767,,
4,64959,,0.0,,2.0,,
4,64969,,0.0,,2.0,,
4,64979,,0.001792114693671465,,1.9964157342910767,,
4,64989,,0.0,,2.0,,
4,64999,,0.005376344081014395,,1.9892473220825195,,
4,65009,,0.0,,2.0,,
4,65019,,0.001792114693671465,,1.9964157342910767,,
4,65029,,0.00358422938734293,,1.9928314685821533,,
4,65039,,0.001792114693671465,,1.9964157342910767,,
4,65049,,0.00358422938734293,,1.9928314685821533,,
4,65059,,0.0,,2.0,,
4,65069,,0.0,,2.0,,
4,65079,,0.001792114693671465,,1.9964157342910767,,
4,65089,,0.001792114693671465,,1.9964157342910767,,
4,65099,,0.0,,2.0,,
4,65109,,0.00358422938734293,,1.9928314685821533,,
4,65119,,0.001792114693671465,,1.9964157342910767,,
4,65129,,0.0,,2.0,,
4,65139,,0.001792114693671465,,1.9964157342910767,,
4,65149,,0.001792114693671465,,1.9964157342910767,,
4,65159,,0.001792114693671465,,1.9964157342910767,,
4,65169,,0.001792114693671465,,1.9964157342910767,,
4,65179,,0.0,,2.0,,
4,65189,,0.0,,2.0,,
4,65199,,0.001792114693671465,,1.9964157342910767,,
4,65209,,0.00358422938734293,,1.9928314685821533,,
4,65219,,0.00716845877468586,,1.9856630563735962,,
4,65229,,0.0,,2.0,,
4,65239,,0.0,,2.0,,
4,65249,,0.00358422938734293,,1.9928314685821533,,
4,65259,,0.001792114693671465,,1.9964157342910767,,
4,65269,,0.0,,2.0,,
4,65279,,0.001792114693671465,,1.9964157342910767,,
4,65289,,0.0,,2.0,,
4,65299,,0.0,,2.0,,
4,65309,,0.0,,2.0,,
4,65319,,0.00358422938734293,,1.9928314685821533,,
4,65329,,0.001792114693671465,,1.9964157342910767,,
4,65339,,0.001792114693671465,,1.9964157342910767,,
4,65349,,0.0,,2.0,,
4,65359,,0.005376344081014395,,1.9892473220825195,,
4,65369,,0.005376344081014395,,1.9892473220825195,,
4,65379,,0.001792114693671465,,1.9964157342910767,,
4,65389,,0.0,,2.0,,
4,65399,,0.0,,2.0,,
4,65409,,0.0,,2.0,,
4,65419,,0.001792114693671465,,1.9964157342910767,,
4,65429,,0.00358422938734293,,1.9928314685821533,,
4,65439,,0.001792114693671465,,1.9964157342910767,,
4,65449,,0.001792114693671465,,1.9964157342910767,,
4,65459,,0.0,,2.0,,
4,65469,,0.00358422938734293,,1.9928314685821533,,
4,65479,,0.00716845877468586,,1.9856629371643066,,
4,65489,,0.0,,2.0,,
4,65499,,0.001792114693671465,,1.9964157342910767,,
4,65509,,0.001792114693671465,,1.9964157342910767,,
4,65519,,0.00358422938734293,,1.9928314685821533,,
4,65529,,0.001792114693671465,,1.9964157342910767,,
4,65539,,0.00358422938734293,,1.9928314685821533,,
4,65549,,0.001792114693671465,,1.9964157342910767,,
4,65559,,0.0,,2.0,,
4,65569,,0.00358422938734293,,1.9928314685821533,,
4,65579,,0.001792114693671465,,1.9964157342910767,,
4,65589,,0.00358422938734293,,1.9928314685821533,,
4,65599,,0.0,,2.0,,
4,65609,,0.001792114693671465,,1.9964157342910767,,
4,65619,,0.001792114693671465,,1.9964157342910767,,
4,65629,,0.00358422938734293,,1.9928314685821533,,
4,65639,,0.00358422938734293,,1.9928314685821533,,
4,65649,,0.00358422938734293,,1.9928314685821533,,
4,65659,,0.0,,2.0,,
4,65669,,0.00358422938734293,,1.9928314685821533,,
4,65679,,0.00358422938734293,,1.9928314685821533,,
4,65689,,0.00358422938734293,,1.9928314685821533,,
4,65699,,0.001792114693671465,,1.9964157342910767,,
4,65709,,0.00358422938734293,,1.9928314685821533,,
4,65719,,0.001792114693671465,,1.9964157342910767,,
4,65729,,0.001792114693671465,,1.9964157342910767,,
4,65739,,0.001792114693671465,,1.9964157342910767,,
4,65749,,0.0,,2.0,,
4,65759,,0.0,,2.0,,
4,65769,,0.00358422938734293,,1.9928314685821533,,
4,65779,,0.0,,2.0,,
4,65789,,0.001792114693671465,,1.9964157342910767,,
4,65799,,0.00358422938734293,,1.9928314685821533,,
4,65809,,0.0,,2.0,,
4,65819,,0.001792114693671465,,1.9964157342910767,,
4,65829,,0.001792114693671465,,1.9964157342910767,,
4,65839,,0.001792114693671465,,1.9964157342910767,,
4,65849,,0.0,,2.0,,
4,65859,,0.005376344081014395,,1.9892473220825195,,
4,65869,,0.0,,2.0,,
4,65879,,0.001792114693671465,,1.9964157342910767,,
4,65889,,0.00358422938734293,,1.9928314685821533,,
4,65899,,0.00716845877468586,,1.9856630563735962,,
4,65909,,0.001792114693671465,,1.9964157342910767,,
4,65919,,0.0,,2.0,,
4,65929,,0.00358422938734293,,1.9928314685821533,,
4,65939,,0.001792114693671465,,1.9964157342910767,,
4,65949,,0.00358422938734293,,1.9928314685821533,,
4,65959,,0.001792114693671465,,1.9964157342910767,,
4,65969,,0.0,,2.0,,
4,65979,,0.0,,2.0,,
4,65989,,0.00358422938734293,,1.9928314685821533,,
4,65999,,0.00358422938734293,,1.9928314685821533,,
4,66009,,0.00358422938734293,,1.9928314685821533,,
4,66019,,0.00358422938734293,,1.9928314685821533,,
4,66029,,0.001792114693671465,,1.9964157342910767,,
4,66039,,0.0,,2.0,,
4,66049,,0.0,,2.0,,
4,66059,,0.001792114693671465,,1.9964157342910767,,
4,66069,,0.001792114693671465,,1.9964157342910767,,
4,66079,,0.001792114693671465,,1.9964157342910767,,
4,66089,,0.00358422938734293,,1.9928314685821533,,
4,66099,,0.00358422938734293,,1.9928314685821533,,
4,66109,,0.00358422938734293,,1.9928314685821533,,
4,66119,,0.0,,2.0,,
4,66129,,0.001792114693671465,,1.9964157342910767,,
4,66139,,0.0,,2.0,,
4,66149,,0.001792114693671465,,1.9964157342910767,,
4,66159,,0.0,,2.0,,
4,66169,,0.001792114693671465,,1.9964157342910767,,
4,66179,,0.00358422938734293,,1.9928314685821533,,
4,66189,,0.001792114693671465,,1.9964157342910767,,
4,66199,,0.00358422938734293,,1.9928314685821533,,
4,66209,,0.001792114693671465,,1.9964157342910767,,
4,66219,,0.0,,2.0,,
4,66229,,0.0,,2.0,,
4,66239,,0.001792114693671465,,1.9964157342910767,,
4,66249,,0.00358422938734293,,1.9928314685821533,,
4,66259,,0.0,,2.0,,
4,66269,,0.0,,2.0,,
4,66279,,0.001792114693671465,,1.9964157342910767,,
4,66289,,0.00358422938734293,,1.9928314685821533,,
4,66299,,0.001792114693671465,,1.9964157342910767,,
4,66309,,0.0,,2.0,,
4,66319,,0.001792114693671465,,1.9964157342910767,,
4,66329,,0.0,,2.0,,
4,66339,,0.001792114693671465,,1.9964157342910767,,
4,66349,,0.0,,2.0,,
4,66359,,0.001792114693671465,,1.9964157342910767,,
4,66369,,0.005376344081014395,,1.98924720287323,,
4,66379,,0.001792114693671465,,1.9964157342910767,,
4,66389,,0.001792114693671465,,1.9964157342910767,,
4,66399,,0.001792114693671465,,1.9964157342910767,,
4,66409,,0.0,,2.0,,
4,66419,,0.001792114693671465,,1.9964157342910767,,
4,66429,,0.001792114693671465,,1.9964157342910767,,
4,66439,,0.0,,2.0,,
4,66449,,0.001792114693671465,,1.9964157342910767,,
4,66459,,0.0,,2.0,,
4,66469,,0.001792114693671465,,1.9964157342910767,,
4,66479,,0.001792114693671465,,1.9964157342910767,,
4,66489,,0.001792114693671465,,1.9964157342910767,,
4,66499,,0.001792114693671465,,1.9964157342910767,,
4,66509,,0.00358422938734293,,1.9928314685821533,,
4,66519,,0.001792114693671465,,1.9964157342910767,,
4,66529,,0.0,,2.0,,
4,66539,,0.00358422938734293,,1.9928314685821533,,
4,66549,,0.0,,2.0,,
4,66559,,0.001792114693671465,,1.9964157342910767,,
4,66569,,0.0,,2.0,,
4,66579,,0.001792114693671465,,1.9964157342910767,,
4,66589,,0.001792114693671465,,1.9964157342910767,,
4,66599,,0.00358422938734293,,1.9928314685821533,,
4,66609,,0.0,,2.0,,
4,66619,,0.0,,2.0,,
4,66629,,0.005376344081014395,,1.98924720287323,,
4,66639,,0.005376344081014395,,1.9892473220825195,,
4,66649,,0.001792114693671465,,1.9964157342910767,,
4,66659,,0.001792114693671465,,1.9964157342910767,,
4,66669,,0.0,,2.0,,
4,66679,,0.0,,2.0,,
4,66689,,0.001792114693671465,,1.9964157342910767,,
4,66699,,0.0,,2.0,,
4,66709,,0.0,,2.0,,
4,66719,,0.0,,2.0,,
4,66729,,0.0,,2.0,,
4,66739,,0.00358422938734293,,1.9928314685821533,,
4,66749,,0.00358422938734293,,1.9928314685821533,,
4,66759,,0.001792114693671465,,1.9964157342910767,,
4,66769,,0.0,,2.0,,
4,66779,,0.00358422938734293,,1.9928314685821533,,
4,66789,,0.001792114693671465,,1.9964157342910767,,
4,66799,,0.001792114693671465,,1.9964157342910767,,
4,66809,,0.0,,2.0,,
4,66819,,0.0,,2.0,,
4,66829,,0.001792114693671465,,1.9964157342910767,,
4,66839,,0.0,,2.0,,
4,66849,,0.00358422938734293,,1.9928314685821533,,
4,66859,,0.0,,2.0,,
4,66869,,0.001792114693671465,,1.9964157342910767,,
4,66879,,0.001792114693671465,,1.9964157342910767,,
4,66889,,0.0,,2.0,,
4,66899,,0.0,,2.0,,
4,66909,,0.00358422938734293,,1.9928314685821533,,
4,66919,,0.001792114693671465,,1.9964157342910767,,
4,66929,,0.0,,2.0,,
4,66939,,0.0,,2.0,,
4,66949,,0.0,,2.0,,
4,66959,,0.001792114693671465,,1.9964157342910767,,
4,66969,,0.0,,2.0,,
4,66979,,0.00358422938734293,,1.9928314685821533,,
4,66989,,0.001792114693671465,,1.9964157342910767,,
4,66999,,0.0,,2.0,,
4,67009,,0.001792114693671465,,1.9964157342910767,,
4,67019,,0.001792114693671465,,1.9964157342910767,,
4,67029,,0.0,,2.0,,
4,67039,,0.00358422938734293,,1.9928314685821533,,
4,67049,,0.00716845877468586,,1.9856630563735962,,
4,67059,,0.001792114693671465,,1.9964157342910767,,
4,67069,,0.001792114693671465,,1.9964157342910767,,
4,67079,,0.0,,2.0,,
4,67089,,0.0,,2.0,,
4,67099,,0.001792114693671465,,1.9964157342910767,,
4,67109,,0.001792114693671465,,1.9964157342910767,,
4,67119,,0.001792114693671465,,1.9964157342910767,,
4,67129,,0.001792114693671465,,1.9964157342910767,,
4,67139,,0.001792114693671465,,1.9964157342910767,,
4,67149,,0.001792114693671465,,1.9964157342910767,,
4,67159,,0.001792114693671465,,1.9964157342910767,,
4,67169,,0.001792114693671465,,1.9964157342910767,,
4,67179,,0.001792114693671465,,1.9964157342910767,,
4,67189,,0.001792114693671465,,1.9964157342910767,,
4,67199,,0.00358422938734293,,1.9928314685821533,,
4,67209,,0.0,,2.0,,
4,67219,,0.001792114693671465,,1.9964157342910767,,
4,67229,,0.00358422938734293,,1.9928314685821533,,
4,67239,,0.001792114693671465,,1.9964157342910767,,
4,67249,,0.0,,2.0,,
4,67259,,0.005376344081014395,,1.9892473220825195,,
4,67269,,0.00358422938734293,,1.9928314685821533,,
4,67279,,0.0,,2.0,,
4,67289,,0.0,,2.0,,
4,67299,,0.001792114693671465,,1.9964157342910767,,
4,67309,,0.005376344081014395,,1.9892473220825195,,
4,67319,,0.0,,2.0,,
4,67329,,0.001792114693671465,,1.9964157342910767,,
4,67339,,0.00358422938734293,,1.9928314685821533,,
4,67349,,0.0,,2.0,,
4,67359,,0.001792114693671465,,1.9964157342910767,,
4,67369,,0.0,,2.0,,
4,67379,,0.0,,2.0,,
4,67389,,0.0,,2.0,,
4,67399,,0.001792114693671465,,1.9964157342910767,,
4,67409,,0.00358422938734293,,1.9928314685821533,,
4,67419,,0.001792114693671465,,1.9964157342910767,,
4,67429,,0.001792114693671465,,1.9964157342910767,,
4,67439,,0.005376344081014395,,1.9892473220825195,,
4,67449,,0.005376344081014395,,1.98924720287323,,
4,67459,,0.00358422938734293,,1.9928314685821533,,
4,67469,,0.001792114693671465,,1.9964157342910767,,
4,67479,,0.005376344081014395,,1.98924720287323,,
4,67489,,0.001792114693671465,,1.9964157342910767,,
4,67499,,0.001792114693671465,,1.9964157342910767,,
4,67509,,0.0,,2.0,,
4,67519,,0.00358422938734293,,1.9928314685821533,,
4,67529,,0.0,,2.0,,
4,67539,,0.001792114693671465,,1.9964157342910767,,
4,67549,,0.001792114693671465,,1.9964157342910767,,
4,67559,,0.0,,2.0,,
4,67569,,0.001792114693671465,,1.9964157342910767,,
4,67579,,0.001792114693671465,,1.9964157342910767,,
4,67589,,0.001792114693671465,,1.9964157342910767,,
4,67599,,0.001792114693671465,,1.9964157342910767,,
4,67609,,0.001792114693671465,,1.9964157342910767,,
4,67619,,0.0,,2.0,,
4,67629,,0.001792114693671465,,1.9964157342910767,,
4,67639,,0.001792114693671465,,1.9964157342910767,,
4,67649,,0.001792114693671465,,1.9964157342910767,,
4,67659,,0.001792114693671465,,1.9964157342910767,,
4,67669,,0.001792114693671465,,1.9964157342910767,,
4,67679,,0.001792114693671465,,1.9964157342910767,,
4,67689,,0.001792114693671465,,1.9964157342910767,,
4,67699,,0.001792114693671465,,1.9964157342910767,,
4,67709,,0.0,,2.0,,
4,67719,,0.001792114693671465,,1.9964157342910767,,
4,67729,,0.0,,2.0,,
4,67739,,0.001792114693671465,,1.9964157342910767,,
4,67749,,0.001792114693671465,,1.9964157342910767,,
4,67759,,0.0,,2.0,,
4,67769,,0.0,,2.0,,
4,67779,,0.0,,2.0,,
4,67789,,0.0,,2.0,,
4,67799,,0.0,,2.0,,
4,67809,,0.00358422938734293,,1.9928314685821533,,
4,67819,,0.001792114693671465,,1.9964157342910767,,
4,67829,,0.0,,2.0,,
4,67839,,0.001792114693671465,,1.9964157342910767,,
4,67849,,0.001792114693671465,,1.9964157342910767,,
4,67859,,0.001792114693671465,,1.9964157342910767,,
4,67869,,0.001792114693671465,,1.9964157342910767,,
4,67879,,0.005376344081014395,,1.9892473220825195,,
4,67889,,0.001792114693671465,,1.9964157342910767,,
4,67899,,0.001792114693671465,,1.9964157342910767,,
4,67909,,0.0,,2.0,,
4,67919,,0.00358422938734293,,1.9928314685821533,,
4,67929,,0.0,,2.0,,
4,67939,,0.0,,2.0,,
4,67949,,0.001792114693671465,,1.9964157342910767,,
4,67959,,0.00358422938734293,,1.9928314685821533,,
4,67969,,0.001792114693671465,,1.9964157342910767,,
4,67979,,0.00358422938734293,,1.9928314685821533,,
4,67989,,0.0,,2.0,,
4,67999,,0.0,,2.0,,
4,68009,,0.001792114693671465,,1.9964157342910767,,
4,68019,,0.001792114693671465,,1.9964157342910767,,
4,68029,,0.001792114693671465,,1.9964157342910767,,
4,68039,,0.005376344081014395,,1.9892473220825195,,
4,68049,,0.001792114693671465,,1.9964157342910767,,
4,68059,,0.001792114693671465,,1.9964157342910767,,
4,68069,,0.001792114693671465,,1.9964157342910767,,
4,68079,,0.001792114693671465,,1.9964157342910767,,
4,68089,,0.001792114693671465,,1.9964157342910767,,
4,68099,,0.005376344081014395,,1.9892473220825195,,
4,68109,,0.0,,2.0,,
4,68119,,0.001792114693671465,,1.9964157342910767,,
4,68129,,0.0,,2.0,,
4,68139,,0.001792114693671465,,1.9964157342910767,,
4,68149,,0.001792114693671465,,1.9964157342910767,,
4,68159,,0.0,,2.0,,
4,68169,,0.0,,2.0,,
4,68179,,0.0,,2.0,,
4,68189,,0.001792114693671465,,1.9964157342910767,,
4,68199,,0.00358422938734293,,1.9928314685821533,,
4,68209,,0.00358422938734293,,1.9928314685821533,,
4,68219,,0.00358422938734293,,1.9928314685821533,,
4,68229,,0.00716845877468586,,1.9856630563735962,,
4,68239,,0.001792114693671465,,1.9964157342910767,,
4,68249,,0.0,,2.0,,
4,68259,,0.0,,2.0,,
4,68269,,0.0,,2.0,,
4,68279,,0.001792114693671465,,1.9964157342910767,,
4,68289,,0.0,,2.0,,
4,68299,,0.0,,2.0,,
4,68309,,0.0,,2.0,,
4,68319,,0.00358422938734293,,1.9928314685821533,,
4,68329,,0.0,,2.0,,
4,68339,,0.0,,2.0,,
4,68349,,0.0,,2.0,,
4,68359,,0.001792114693671465,,1.9964157342910767,,
4,68369,,0.001792114693671465,,1.9964157342910767,,
4,68379,,0.005376344081014395,,1.98924720287323,,
4,68389,,0.0,,2.0,,
4,68399,,0.005376344081014395,,1.9892473220825195,,
4,68409,,0.001792114693671465,,1.9964157342910767,,
4,68419,,0.001792114693671465,,1.9964157342910767,,
4,68429,,0.001792114693671465,,1.9964157342910767,,
4,68439,,0.00358422938734293,,1.9928314685821533,,
4,68449,,0.00358422938734293,,1.9928314685821533,,
4,68459,,0.0,,2.0,,
4,68469,,0.00358422938734293,,1.9928314685821533,,
4,68479,,0.00358422938734293,,1.9928314685821533,,
4,68489,,0.0,,2.0,,
4,68499,,0.001792114693671465,,1.9964157342910767,,
4,68509,,0.001792114693671465,,1.9964157342910767,,
4,68519,,0.001792114693671465,,1.9964157342910767,,
4,68529,,0.0,,2.0,,
4,68539,,0.0,,2.0,,
4,68549,,0.00358422938734293,,1.9928314685821533,,
4,68559,,0.001792114693671465,,1.9964157342910767,,
4,68569,,0.0,,2.0,,
4,68579,,0.00358422938734293,,1.9928314685821533,,
4,68589,,0.005376344081014395,,1.9892473220825195,,
4,68599,,0.001792114693671465,,1.9964157342910767,,
4,68609,,0.005376344081014395,,1.9892473220825195,,
4,68619,,0.0,,2.0,,
4,68629,,0.001792114693671465,,1.9964157342910767,,
4,68639,,0.0,,2.0,,
4,68649,,0.001792114693671465,,1.9964157342910767,,
4,68659,,0.005376344081014395,,1.98924720287323,,
4,68669,,0.0,,2.0,,
4,68679,,0.005376344081014395,,1.9892473220825195,,
4,68689,,0.001792114693671465,,1.9964157342910767,,
4,68699,,0.001792114693671465,,1.9964157342910767,,
4,68709,,0.00358422938734293,,1.9928314685821533,,
4,68719,,0.001792114693671465,,1.9964157342910767,,
4,68729,,0.00716845877468586,,1.9856630563735962,,
4,68739,,0.0,,2.0,,
4,68749,,0.001792114693671465,,1.9964157342910767,,
4,68759,,0.00358422938734293,,1.9928314685821533,,
4,68769,,0.00358422938734293,,1.9928314685821533,,
4,68779,,0.0,,2.0,,
4,68789,,0.001792114693671465,,1.9964157342910767,,
4,68799,,0.0,,2.0,,
4,68809,,0.001792114693671465,,1.9964157342910767,,
4,68819,,0.0,,2.0,,
4,68829,,0.0,,2.0,,
4,68839,,0.001792114693671465,,1.9964157342910767,,
4,68849,,0.00358422938734293,,1.9928314685821533,,
4,68859,,0.00358422938734293,,1.9928314685821533,,
4,68869,,0.001792114693671465,,1.9964157342910767,,
4,68879,,0.0,,2.0,,
4,68889,,0.00716845877468586,,1.9856629371643066,,
4,68899,,0.0,,2.0,,
4,68909,,0.001792114693671465,,1.9964157342910767,,
4,68919,,0.005376344081014395,,1.98924720287323,,
4,68929,,0.001792114693671465,,1.9964157342910767,,
4,68939,,0.0,,2.0,,
4,68949,,0.001792114693671465,,1.9964157342910767,,
4,68959,,0.001792114693671465,,1.9964157342910767,,
4,68969,,0.001792114693671465,,1.9964157342910767,,
4,68979,,0.001792114693671465,,1.9964157342910767,,
4,68989,,0.0,,2.0,,
4,68999,,0.00358422938734293,,1.9928314685821533,,
4,69009,,0.001792114693671465,,1.9964157342910767,,
4,69019,,0.00358422938734293,,1.9928314685821533,,
4,69029,,0.001792114693671465,,1.9964157342910767,,
4,69039,,0.00358422938734293,,1.9928314685821533,,
4,69049,,0.0,,2.0,,
4,69059,,0.001792114693671465,,1.9964157342910767,,
4,69069,,0.0,,2.0,,
4,69079,,0.00358422938734293,,1.9928314685821533,,
4,69089,,0.00358422938734293,,1.9928314685821533,,
4,69099,,0.001792114693671465,,1.9964157342910767,,
4,69109,,0.00358422938734293,,1.9928314685821533,,
4,69119,,0.0,,2.0,,
4,69129,,0.00358422938734293,,1.9928314685821533,,
4,69139,,0.0,,2.0,,
4,69149,,0.0,,2.0,,
4,69159,,0.001792114693671465,,1.9964157342910767,,
4,69169,,0.005376344081014395,,1.9892473220825195,,
4,69179,,0.001792114693671465,,1.9964157342910767,,
4,69189,,0.00358422938734293,,1.9928314685821533,,
4,69199,,0.0,,2.0,,
4,69209,,0.00358422938734293,,1.9928314685821533,,
4,69219,,0.005376344081014395,,1.98924720287323,,
4,69229,,0.005376344081014395,,1.98924720287323,,
4,69239,,0.0,,2.0,,
4,69249,,0.001792114693671465,,1.9964157342910767,,
4,69259,,0.0,,2.0,,
4,69269,,0.001792114693671465,,1.9964157342910767,,
4,69279,,0.0,,2.0,,
4,69289,,0.001792114693671465,,1.9964157342910767,,
4,69299,,0.001792114693671465,,1.9964157342910767,,
4,69309,,0.0,,2.0,,
4,69319,,0.001792114693671465,,1.9964157342910767,,
4,69329,,0.001792114693671465,,1.9964157342910767,,
4,69339,,0.001792114693671465,,1.9964157342910767,,
4,69349,,0.001792114693671465,,1.9964157342910767,,
4,69359,,0.001792114693671465,,1.9964157342910767,,
4,69369,,0.00358422938734293,,1.9928314685821533,,
4,69379,,0.00358422938734293,,1.9928314685821533,,
4,69389,,0.001792114693671465,,1.9964157342910767,,
4,69399,,0.0,,2.0,,
4,69409,,0.001792114693671465,,1.9964157342910767,,
4,69419,,0.001792114693671465,,1.9964157342910767,,
4,69429,,0.0,,2.0,,
4,69439,,0.005376344081014395,,1.9892473220825195,,
4,69449,,0.0,,2.0,,
4,69459,,0.00358422938734293,,1.9928314685821533,,
4,69469,,0.001792114693671465,,1.9964157342910767,,
4,69479,,0.001792114693671465,,1.9964157342910767,,
4,69489,,0.0,,2.0,,
4,69499,,0.001792114693671465,,1.9964157342910767,,
4,69509,,0.008960573934018612,,1.9820787906646729,,
4,69519,,0.00358422938734293,,1.9928314685821533,,
4,69529,,0.001792114693671465,,1.9964157342910767,,
4,69539,,0.0,,2.0,,
4,69549,,0.0,,2.0,,
4,69559,,0.001792114693671465,,1.9964157342910767,,
4,69569,,0.0,,2.0,,
4,69579,,0.0,,2.0,,
4,69589,,0.008960573934018612,,1.9820787906646729,,
4,69599,,0.001792114693671465,,1.9964157342910767,,
4,69609,,0.0,,2.0,,
4,69619,,0.0,,2.0,,
4,69629,,0.001792114693671465,,1.9964157342910767,,
4,69639,,0.001792114693671465,,1.9964157342910767,,
4,69649,,0.001792114693671465,,1.9964157342910767,,
4,69659,,0.0,,2.0,,
4,69669,,0.0,,2.0,,
4,69679,,0.0,,2.0,,
4,69689,,0.001792114693671465,,1.9964157342910767,,
4,69699,,0.001792114693671465,,1.9964157342910767,,
4,69709,,0.0,,2.0,,
4,69719,,0.00358422938734293,,1.9928314685821533,,
4,69729,,0.001792114693671465,,1.9964157342910767,,
4,69739,,0.0,,2.0,,
4,69749,,0.0,,2.0,,
4,69759,,0.005376344081014395,,1.9892473220825195,,
4,69769,,0.0,,2.0,,
4,69779,,0.001792114693671465,,1.9964157342910767,,
4,69789,,0.00358422938734293,,1.9928314685821533,,
4,69799,,0.0,,2.0,,
4,69809,,0.001792114693671465,,1.9964157342910767,,
4,69819,,0.0,,2.0,,
4,69829,,0.001792114693671465,,1.9964157342910767,,
4,69839,,0.001792114693671465,,1.9964157342910767,,
4,69849,,0.001792114693671465,,1.9964157342910767,,
4,69859,,0.0,,2.0,,
4,69869,,0.001792114693671465,,1.9964157342910767,,
4,69879,,0.001792114693671465,,1.9964157342910767,,
4,69889,,0.001792114693671465,,1.9964157342910767,,
4,69899,,0.001792114693671465,,1.9964157342910767,,
4,69909,,0.0,,2.0,,
4,69919,,0.00358422938734293,,1.9928314685821533,,
4,69929,,0.0,,2.0,,
4,69939,,0.00358422938734293,,1.9928314685821533,,
4,69949,,0.0,,2.0,,
4,69959,,0.0,,2.0,,
4,69969,,0.00358422938734293,,1.9928314685821533,,
4,69979,,0.0,,2.0,,
4,69989,,0.00358422938734293,,1.9928314685821533,,
4,69999,,0.0,,2.0,,
4,70009,,0.005376344081014395,,1.98924720287323,,
4,70019,,0.001792114693671465,,1.9964157342910767,,
4,70029,,0.0,,2.0,,
4,70039,,0.00358422938734293,,1.9928314685821533,,
4,70049,,0.001792114693671465,,1.9964157342910767,,
4,70059,,0.001792114693671465,,1.9964157342910767,,
4,70069,,0.0,,2.0,,
4,70079,,0.0,,2.0,,
4,70089,,0.001792114693671465,,1.9964157342910767,,
4,70099,,0.001792114693671465,,1.9964157342910767,,
4,70109,,0.001792114693671465,,1.9964157342910767,,
4,70119,,0.0,,2.0,,
4,70129,,0.0,,2.0,,
4,70139,,0.0,,2.0,,
4,70149,,0.001792114693671465,,1.9964157342910767,,
4,70159,,0.001792114693671465,,1.9964157342910767,,
4,70169,,0.0,,2.0,,
4,70179,,0.001792114693671465,,1.9964157342910767,,
4,70189,,0.00358422938734293,,1.9928314685821533,,
4,70199,,0.001792114693671465,,1.9964157342910767,,
4,70209,,0.001792114693671465,,1.9964157342910767,,
4,70219,,0.0,,2.0,,
4,70229,,0.001792114693671465,,1.9964157342910767,,
4,70239,,0.00358422938734293,,1.9928314685821533,,
4,70249,,0.001792114693671465,,1.9964157342910767,,
4,70259,,0.00358422938734293,,1.9928314685821533,,
4,70269,,0.001792114693671465,,1.9964157342910767,,
4,70279,,0.001792114693671465,,1.9964157342910767,,
4,70289,,0.0,,2.0,,
4,70299,,0.001792114693671465,,1.9964157342910767,,
4,70309,,0.0,,2.0,,
4,70319,,0.00358422938734293,,1.9928314685821533,,
4,70329,,0.001792114693671465,,1.9964157342910767,,
4,70339,,0.0,,2.0,,
4,70349,,0.001792114693671465,,1.9964157342910767,,
4,70359,,0.001792114693671465,,1.9964157342910767,,
4,70369,,0.0,,2.0,,
4,70379,,0.0,,2.0,,
4,70389,,0.0,,2.0,,
4,70399,,0.005376344081014395,,1.9892473220825195,,
4,70409,,0.0,,2.0,,
4,70419,,0.001792114693671465,,1.9964157342910767,,
4,70429,,0.0,,2.0,,
4,70439,,0.001792114693671465,,1.9964157342910767,,
4,70449,,0.005376344081014395,,1.9892473220825195,,
4,70459,,0.005376344081014395,,1.9892473220825195,,
4,70469,,0.001792114693671465,,1.9964157342910767,,
4,70479,,0.00358422938734293,,1.9928314685821533,,
4,70489,,0.00358422938734293,,1.9928314685821533,,
4,70499,,0.00358422938734293,,1.9928314685821533,,
4,70509,,0.0,,2.0,,
4,70519,,0.001792114693671465,,1.9964157342910767,,
4,70529,,0.001792114693671465,,1.9964157342910767,,
4,70539,,0.001792114693671465,,1.9964157342910767,,
4,70549,,0.0,,2.0,,
4,70559,,0.001792114693671465,,1.9964157342910767,,
4,70569,,0.005376344081014395,,1.9892473220825195,,
4,70579,,0.0,,2.0,,
4,70589,,0.001792114693671465,,1.9964157342910767,,
4,70599,,0.001792114693671465,,1.9964157342910767,,
4,70609,,0.001792114693671465,,1.9964157342910767,,
4,70619,,0.0,,2.0,,
4,70629,,0.0,,2.0,,
4,70639,,0.00358422938734293,,1.9928314685821533,,
4,70649,,0.001792114693671465,,1.9964157342910767,,
4,70659,,0.001792114693671465,,1.9964157342910767,,
4,70669,,0.0,,2.0,,
4,70679,,0.0,,2.0,,
4,70689,,0.001792114693671465,,1.9964157342910767,,
4,70699,,0.0,,2.0,,
4,70709,,0.0,,2.0,,
4,70719,,0.001792114693671465,,1.9964157342910767,,
4,70729,,0.00358422938734293,,1.9928314685821533,,
4,70739,,0.0,,2.0,,
4,70749,,0.00358422938734293,,1.9928314685821533,,
4,70759,,0.001792114693671465,,1.9964157342910767,,
4,70769,,0.001792114693671465,,1.9964157342910767,,
4,70779,,0.001792114693671465,,1.9964157342910767,,
4,70789,,0.001792114693671465,,1.9964157342910767,,
4,70799,,0.0,,2.0,,
4,70809,,0.001792114693671465,,1.9964157342910767,,
4,70819,,0.001792114693671465,,1.9964157342910767,,
4,70829,,0.001792114693671465,,1.9964157342910767,,
4,70839,,0.0,,2.0,,
4,70849,,0.0,,2.0,,
4,70859,,0.001792114693671465,,1.9964157342910767,,
4,70869,,0.0,,2.0,,
4,70879,,0.0,,2.0,,
4,70889,,0.001792114693671465,,1.9964157342910767,,
4,70899,,0.0,,2.0,,
4,70909,,0.001792114693671465,,1.9964157342910767,,
4,70919,,0.0,,2.0,,
4,70929,,0.0,,2.0,,
4,70939,,0.0,,2.0,,
4,70949,,0.001792114693671465,,1.9964157342910767,,
4,70959,,0.001792114693671465,,1.9964157342910767,,
4,70969,,0.0,,2.0,,
4,70979,,0.001792114693671465,,1.9964157342910767,,
4,70989,,0.001792114693671465,,1.9964157342910767,,
4,70999,,0.001792114693671465,,1.9964157342910767,,
4,71009,,0.001792114693671465,,1.9964157342910767,,
4,71019,,0.00358422938734293,,1.9928314685821533,,
4,71029,,0.001792114693671465,,1.9964157342910767,,
4,71039,,0.00358422938734293,,1.9928314685821533,,
4,71049,,0.001792114693671465,,1.9964157342910767,,
4,71059,,0.0,,2.0,,
4,71069,,0.00358422938734293,,1.9928314685821533,,
4,71079,,0.001792114693671465,,1.9964157342910767,,
4,71089,,0.0,,2.0,,
4,71099,,0.0,,2.0,,
4,71109,,0.001792114693671465,,1.9964157342910767,,
4,71119,,0.005376344081014395,,1.98924720287323,,
4,71129,,0.0,,2.0,,
4,71139,,0.0,,2.0,,
4,71149,,0.001792114693671465,,1.9964157342910767,,
4,71159,,0.001792114693671465,,1.9964157342910767,,
4,71169,,0.0,,2.0,,
4,71179,,0.001792114693671465,,1.9964157342910767,,
4,71189,,0.001792114693671465,,1.9964157342910767,,
4,71199,,0.001792114693671465,,1.9964157342910767,,
4,71209,,0.0,,2.0,,
4,71219,,0.00358422938734293,,1.9928314685821533,,
4,71229,,0.00716845877468586,,1.9856630563735962,,
4,71239,,0.001792114693671465,,1.9964157342910767,,
4,71249,,0.00358422938734293,,1.9928314685821533,,
4,71259,,0.0,,2.0,,
4,71269,,0.0,,2.0,,
4,71279,,0.001792114693671465,,1.9964157342910767,,
4,71289,,0.0,,2.0,,
4,71299,,0.0,,2.0,,
4,71309,,0.00358422938734293,,1.9928314685821533,,
4,71319,,0.0,,2.0,,
4,71329,,0.0,,2.0,,
4,71339,,0.001792114693671465,,1.9964157342910767,,
4,71349,,0.00358422938734293,,1.9928314685821533,,
4,71359,,0.001792114693671465,,1.9964157342910767,,
4,71369,,0.00358422938734293,,1.9928314685821533,,
4,71379,,0.001792114693671465,,1.9964157342910767,,
4,71389,,0.00358422938734293,,1.9928314685821533,,
4,71399,,0.001792114693671465,,1.9964157342910767,,
4,71409,,0.0,,2.0,,
4,71419,,0.0,,2.0,,
4,71429,,0.0,,2.0,,
4,71439,,0.001792114693671465,,1.9964157342910767,,
4,71449,,0.00358422938734293,,1.9928314685821533,,
4,71459,,0.001792114693671465,,1.9964157342910767,,
4,71469,,0.0,,2.0,,
4,71479,,0.0,,2.0,,
4,71489,,0.001792114693671465,,1.9964157342910767,,
4,71499,,0.001792114693671465,,1.9964157342910767,,
4,71509,,0.005376344081014395,,1.9892473220825195,,
4,71519,,0.005376344081014395,,1.9892473220825195,,
4,71529,,0.001792114693671465,,1.9964157342910767,,
4,71539,,0.001792114693671465,,1.9964157342910767,,
4,71549,,0.0,,2.0,,
4,71559,,0.0,,2.0,,
4,71569,,0.001792114693671465,,1.9964157342910767,,
4,71579,,0.0,,2.0,,
4,71589,,0.0,,2.0,,
4,71599,,0.001792114693671465,,1.9964157342910767,,
4,71609,,0.001792114693671465,,1.9964157342910767,,
4,71619,,0.0,,2.0,,
4,71629,,0.0,,2.0,,
4,71639,,0.001792114693671465,,1.9964157342910767,,
4,71649,,0.0,,2.0,,
4,71659,,0.0,,2.0,,
4,71669,,0.0,,2.0,,
4,71679,,0.0,,2.0,,
4,71689,,0.00358422938734293,,1.9928314685821533,,
4,71699,,0.001792114693671465,,1.9964157342910767,,
4,71709,,0.00716845877468586,,1.9856630563735962,,
4,71719,,0.001792114693671465,,1.9964157342910767,,
4,71729,,0.001792114693671465,,1.9964157342910767,,
4,71739,,0.0,,2.0,,
4,71749,,0.0,,2.0,,
4,71759,,0.001792114693671465,,1.9964157342910767,,
4,71769,,0.00358422938734293,,1.9928314685821533,,
4,71779,,0.001792114693671465,,1.9964157342910767,,
4,71789,,0.001792114693671465,,1.9964157342910767,,
4,71799,,0.00358422938734293,,1.9928314685821533,,
4,71809,,0.001792114693671465,,1.9964157342910767,,
4,71819,,0.0,,2.0,,
4,71829,,0.00358422938734293,,1.9928314685821533,,
4,71839,,0.001792114693671465,,1.9964157342910767,,
4,71849,,0.001792114693671465,,1.9964157342910767,,
4,71859,,0.001792114693671465,,1.9964157342910767,,
4,71869,,0.001792114693671465,,1.9964157342910767,,
4,71879,,0.00358422938734293,,1.9928314685821533,,
4,71889,,0.0,,2.0,,
4,71899,,0.0,,2.0,,
4,71909,,0.0,,2.0,,
4,71919,,0.0,,2.0,,
4,71929,,0.0,,2.0,,
4,71939,,0.0,,2.0,,
4,71949,,0.00358422938734293,,1.9928314685821533,,
4,71959,,0.001792114693671465,,1.9964157342910767,,
4,71969,,0.001792114693671465,,1.9964157342910767,,
4,71979,,0.001792114693671465,,1.9964157342910767,,
4,71989,,0.0,,2.0,,
4,71999,,0.0,,2.0,,
4,72009,,0.005376344081014395,,1.9892473220825195,,
4,72019,,0.00358422938734293,,1.9928314685821533,,
4,72029,,0.00358422938734293,,1.9928314685821533,,
4,72039,,0.001792114693671465,,1.9964157342910767,,
4,72049,,0.001792114693671465,,1.9964157342910767,,
4,72059,,0.0,,2.0,,
4,72069,,0.00358422938734293,,1.9928314685821533,,
4,72079,,0.001792114693671465,,1.9964157342910767,,
4,72089,,0.001792114693671465,,1.9964157342910767,,
4,72099,,0.00358422938734293,,1.9928314685821533,,
4,72109,,0.005376344081014395,,1.98924720287323,,
4,72119,,0.0,,2.0,,
4,72129,,0.0,,2.0,,
4,72139,,0.0,,2.0,,
4,72149,,0.0,,2.0,,
4,72159,,0.00358422938734293,,1.9928314685821533,,
4,72169,,0.001792114693671465,,1.9964157342910767,,
4,72179,,0.001792114693671465,,1.9964157342910767,,
4,72189,,0.0,,2.0,,
4,72199,,0.0,,2.0,,
4,72209,,0.00358422938734293,,1.9928314685821533,,
4,72219,,0.001792114693671465,,1.9964157342910767,,
4,72229,,0.00358422938734293,,1.9928314685821533,,
4,72239,,0.0,,2.0,,
4,72249,,0.0,,2.0,,
4,72259,,0.00358422938734293,,1.9928314685821533,,
4,72269,,0.0,,2.0,,
4,72279,,0.001792114693671465,,1.9964157342910767,,
4,72289,,0.0,,2.0,,
4,72299,,0.0,,2.0,,
4,72309,,0.001792114693671465,,1.9964157342910767,,
4,72319,,0.0,,2.0,,
4,72329,,0.0,,2.0,,
4,72339,,0.001792114693671465,,1.9964157342910767,,
4,72349,,0.00358422938734293,,1.9928314685821533,,
4,72359,,0.001792114693671465,,1.9964157342910767,,
4,72369,,0.0,,2.0,,
4,72379,,0.001792114693671465,,1.9964157342910767,,
4,72389,,0.0,,2.0,,
4,72399,,0.0,,2.0,,
4,72409,,0.001792114693671465,,1.9964157342910767,,
4,72419,,0.001792114693671465,,1.9964157342910767,,
4,72429,,0.0,,2.0,,
4,72439,,0.0,,2.0,,
4,72449,,0.001792114693671465,,1.9964157342910767,,
4,72459,,0.00358422938734293,,1.9928314685821533,,
4,72469,,0.0,,2.0,,
4,72479,,0.0,,2.0,,
4,72489,,0.00358422938734293,,1.9928314685821533,,
4,72499,,0.005376344081014395,,1.98924720287323,,
4,72509,,0.001792114693671465,,1.9964157342910767,,
4,72519,,0.001792114693671465,,1.9964157342910767,,
4,72529,,0.001792114693671465,,1.9964157342910767,,
4,72539,,0.00358422938734293,,1.9928314685821533,,
4,72549,,0.001792114693671465,,1.9964157342910767,,
4,72559,,0.001792114693671465,,1.9964157342910767,,
4,72569,,0.0,,2.0,,
4,72579,,0.001792114693671465,,1.9964157342910767,,
4,72589,,0.001792114693671465,,1.9964157342910767,,
4,72599,,0.0,,2.0,,
4,72609,,0.0,,2.0,,
4,72619,,0.0,,2.0,,
4,72629,,0.001792114693671465,,1.9964157342910767,,
4,72639,,0.001792114693671465,,1.9964157342910767,,
4,72649,,0.0,,2.0,,
4,72659,,0.0,,2.0,,
4,72669,,0.0,,2.0,,
4,72679,,0.0,,2.0,,
4,72689,,0.0,,2.0,,
4,72699,,0.001792114693671465,,1.9964157342910767,,
4,72709,,0.001792114693671465,,1.9964157342910767,,
4,72719,,0.0,,2.0,,
4,72729,,0.0,,2.0,,
4,72739,,0.0,,2.0,,
4,72749,,0.0,,2.0,,
4,72759,,0.001792114693671465,,1.9964157342910767,,
4,72769,,0.0,,2.0,,
4,72779,,0.001792114693671465,,1.9964157342910767,,
4,72789,,0.00358422938734293,,1.9928314685821533,,
4,72799,,0.001792114693671465,,1.9964157342910767,,
4,72809,,0.001792114693671465,,1.9964157342910767,,
4,72819,,0.00358422938734293,,1.9928314685821533,,
4,72829,,0.0,,2.0,,
4,72839,,0.0,,2.0,,
4,72849,,0.0,,2.0,,
4,72859,,0.00358422938734293,,1.9928314685821533,,
4,72869,,0.001792114693671465,,1.9964157342910767,,
4,72879,,0.00358422938734293,,1.9928314685821533,,
4,72889,,0.0,,2.0,,
4,72899,,0.0,,2.0,,
4,72909,,0.0,,2.0,,
4,72919,,0.00358422938734293,,1.9928314685821533,,
4,72929,,0.00358422938734293,,1.9928314685821533,,
4,72939,,0.00358422938734293,,1.9928314685821533,,
4,72949,,0.00358422938734293,,1.9928314685821533,,
4,72959,,0.001792114693671465,,1.9964157342910767,,
4,72969,,0.001792114693671465,,1.9964157342910767,,
4,72979,,0.00716845877468586,,1.9856630563735962,,
4,72989,,0.001792114693671465,,1.9964157342910767,,
4,72999,,0.005376344081014395,,1.9892473220825195,,
4,73009,,0.001792114693671465,,1.9964157342910767,,
4,73019,,0.0,,2.0,,
4,73029,,0.0,,2.0,,
4,73039,,0.0,,2.0,,
4,73049,,0.00358422938734293,,1.9928314685821533,,
4,73059,,0.00358422938734293,,1.9928314685821533,,
4,73069,,0.0,,2.0,,
4,73079,,0.0,,2.0,,
4,73089,,0.001792114693671465,,1.9964157342910767,,
4,73099,,0.0,,2.0,,
4,73109,,0.0,,2.0,,
4,73119,,0.00716845877468586,,1.9856630563735962,,
4,73129,,0.005376344081014395,,1.98924720287323,,
4,73139,,0.001792114693671465,,1.9964157342910767,,
4,73149,,0.001792114693671465,,1.9964157342910767,,
4,73159,,0.0,,2.0,,
4,73169,,0.0,,2.0,,
4,73179,,0.00358422938734293,,1.9928314685821533,,
4,73189,,0.005376344081014395,,1.9892473220825195,,
4,73199,,0.001792114693671465,,1.9964157342910767,,
4,73209,,0.001792114693671465,,1.9964157342910767,,
4,73219,,0.0,,2.0,,
4,73229,,0.0,,2.0,,
4,73239,,0.0,,2.0,,
4,73249,,0.00358422938734293,,1.9928314685821533,,
4,73259,,0.00358422938734293,,1.9928314685821533,,
4,73269,,0.005376344081014395,,1.98924720287323,,
4,73279,,0.001792114693671465,,1.9964157342910767,,
4,73289,,0.001792114693671465,,1.9964157342910767,,
4,73299,,0.001792114693671465,,1.9964157342910767,,
4,73309,,0.001792114693671465,,1.9964157342910767,,
4,73319,,0.00358422938734293,,1.9928314685821533,,
4,73329,,0.001792114693671465,,1.9964157342910767,,
4,73339,,0.0,,2.0,,
4,73349,,0.0,,2.0,,
4,73359,,0.005376344081014395,,1.9892473220825195,,
4,73369,,0.0,,2.0,,
4,73379,,0.001792114693671465,,1.9964157342910767,,
4,73389,,0.00358422938734293,,1.9928314685821533,,
4,73399,,0.00358422938734293,,1.9928314685821533,,
4,73409,,0.001792114693671465,,1.9964157342910767,,
4,73419,,0.00358422938734293,,1.9928314685821533,,
4,73429,,0.0,,2.0,,
4,73439,,0.0,,2.0,,
4,73449,,0.0,,2.0,,
4,73459,,0.0,,2.0,,
4,73469,,0.0,,2.0,,
4,73479,,0.001792114693671465,,1.9964157342910767,,
4,73489,,0.00358422938734293,,1.9928314685821533,,
4,73499,,0.0,,2.0,,
4,73509,,0.0,,2.0,,
4,73519,,0.0,,2.0,,
4,73529,,0.001792114693671465,,1.9964157342910767,,
4,73539,,0.0,,2.0,,
4,73549,,0.001792114693671465,,1.9964157342910767,,
4,73559,,0.001792114693671465,,1.9964157342910767,,
4,73569,,0.0,,2.0,,
4,73579,,0.0,,2.0,,
4,73589,,0.0,,2.0,,
4,73599,,0.001792114693671465,,1.9964157342910767,,
4,73609,,0.001792114693671465,,1.9964157342910767,,
4,73619,,0.00716845877468586,,1.9856630563735962,,
4,73629,,0.0,,2.0,,
4,73639,,0.001792114693671465,,1.9964157342910767,,
4,73649,,0.00358422938734293,,1.9928314685821533,,
4,73659,,0.00358422938734293,,1.9928314685821533,,
4,73669,,0.001792114693671465,,1.9964157342910767,,
4,73679,,0.001792114693671465,,1.9964157342910767,,
4,73689,,0.00716845877468586,,1.9856629371643066,,
4,73699,,0.0,,2.0,,
4,73709,,0.005376344081014395,,1.98924720287323,,
4,73719,,0.0,,2.0,,
4,73729,,0.001792114693671465,,1.9964157342910767,,
4,73739,,0.00358422938734293,,1.9928314685821533,,
4,73749,,0.0,,2.0,,
4,73759,,0.005376344081014395,,1.9892473220825195,,
4,73769,,0.0,,2.0,,
4,73779,,0.0,,2.0,,
4,73789,,0.00358422938734293,,1.9928314685821533,,
4,73799,,0.005376344081014395,,1.9892473220825195,,
4,73809,,0.005376344081014395,,1.9892473220825195,,
4,73819,,0.0,,2.0,,
4,73829,,0.008960573934018612,,1.9820787906646729,,
4,73839,,0.0,,2.0,,
4,73849,,0.00358422938734293,,1.9928314685821533,,
4,73859,,0.0,,2.0,,
4,73869,,0.0,,2.0,,
4,73879,,0.0,,2.0,,
4,73889,,0.001792114693671465,,1.9964157342910767,,
4,73899,,0.001792114693671465,,1.9964157342910767,,
4,73909,,0.0,,2.0,,
4,73919,,0.0,,2.0,,
4,73929,,0.0,,2.0,,
4,73939,,0.00358422938734293,,1.9928314685821533,,
4,73949,,0.001792114693671465,,1.9964157342910767,,
4,73959,,0.005376344081014395,,1.9892473220825195,,
4,73969,,0.001792114693671465,,1.9964157342910767,,
4,73979,,0.0,,2.0,,
4,73989,,0.0,,2.0,,
4,73999,,0.0,,2.0,,
4,74009,,0.00358422938734293,,1.9928314685821533,,
4,74019,,0.005376344081014395,,1.9892473220825195,,
4,74029,,0.001792114693671465,,1.9964157342910767,,
4,74039,,0.00358422938734293,,1.9928314685821533,,
4,74049,,0.0,,2.0,,
4,74059,,0.005376344081014395,,1.9892473220825195,,
4,74069,,0.001792114693671465,,1.9964157342910767,,
4,74079,,0.00358422938734293,,1.9928314685821533,,
4,74089,,0.001792114693671465,,1.9964157342910767,,
4,74099,,0.0,,2.0,,
4,74109,,0.001792114693671465,,1.9964157342910767,,
4,74119,,0.0,,2.0,,
4,74129,,0.001792114693671465,,1.9964157342910767,,
4,74139,,0.001792114693671465,,1.9964157342910767,,
4,74149,,0.0,,2.0,,
4,74159,,0.001792114693671465,,1.9964157342910767,,
4,74169,,0.00358422938734293,,1.9928314685821533,,
4,74179,,0.001792114693671465,,1.9964157342910767,,
4,74189,,0.008960573934018612,,1.9820787906646729,,
4,74199,,0.0,,2.0,,
4,74209,,0.00358422938734293,,1.9928314685821533,,
4,74219,,0.005376344081014395,,1.9892473220825195,,
4,74229,,0.001792114693671465,,1.9964157342910767,,
4,74239,,0.005376344081014395,,1.9892473220825195,,
4,74249,,0.00358422938734293,,1.9928314685821533,,
4,74259,,0.00358422938734293,,1.9928314685821533,,
4,74269,,0.0,,2.0,,
4,74279,,0.0,,2.0,,
4,74289,,0.0,,2.0,,
4,74299,,0.001792114693671465,,1.9964157342910767,,
4,74309,,0.00358422938734293,,1.9928314685821533,,
4,74319,,0.0,,2.0,,
4,74329,,0.005376344081014395,,1.9892473220825195,,
4,74339,,0.0,,2.0,,
4,74349,,0.00358422938734293,,1.9928314685821533,,
4,74359,,0.005376344081014395,,1.9892473220825195,,
4,74369,,0.0,,2.0,,
4,74379,,0.005376344081014395,,1.9892473220825195,,
4,74389,,0.0,,2.0,,
4,74399,,0.005376344081014395,,1.9892473220825195,,
4,74409,,0.001792114693671465,,1.9964157342910767,,
4,74419,,0.0,,2.0,,
4,74429,,0.001792114693671465,,1.9964157342910767,,
4,74439,,0.0,,2.0,,
4,74449,,0.0,,2.0,,
4,74459,,0.001792114693671465,,1.9964157342910767,,
4,74469,,0.001792114693671465,,1.9964157342910767,,
4,74479,,0.0,,2.0,,
4,74489,,0.0,,2.0,,
4,74499,,0.0,,2.0,,
4,74509,,0.001792114693671465,,1.9964157342910767,,
4,74519,,0.00358422938734293,,1.9928314685821533,,
4,74529,,0.001792114693671465,,1.9964157342910767,,
4,74539,,0.00358422938734293,,1.9928314685821533,,
4,74549,,0.005376344081014395,,1.98924720287323,,
4,74559,,0.00358422938734293,,1.9928314685821533,,
4,74569,,0.001792114693671465,,1.9964157342910767,,
4,74579,,0.005376344081014395,,1.9892473220825195,,
4,74589,,0.005376344081014395,,1.98924720287323,,
4,74599,,0.001792114693671465,,1.9964157342910767,,
4,74609,,0.001792114693671465,,1.9964157342910767,,
4,74619,,0.005376344081014395,,1.9892473220825195,,
4,74629,,0.001792114693671465,,1.9964157342910767,,
4,74639,,0.001792114693671465,,1.9964157342910767,,
4,74649,,0.001792114693671465,,1.9964157342910767,,
4,74659,,0.00358422938734293,,1.9928314685821533,,
4,74669,,0.0,,2.0,,
4,74679,,0.001792114693671465,,1.9964157342910767,,
4,74689,,0.0,,2.0,,
4,74699,,0.00358422938734293,,1.9928314685821533,,
4,74709,,0.00358422938734293,,1.9928314685821533,,
4,74719,,0.001792114693671465,,1.9964157342910767,,
4,74729,,0.0,,2.0,,
4,74739,,0.0,,2.0,,
4,74749,,0.0,,2.0,,
4,74759,,0.001792114693671465,,1.9964157342910767,,
4,74769,,0.0,,2.0,,
4,74779,,0.001792114693671465,,1.9964157342910767,,
4,74789,,0.001792114693671465,,1.9964157342910767,,
4,74799,,0.001792114693671465,,1.9964157342910767,,
4,74809,,0.001792114693671465,,1.9964157342910767,,
4,74819,,0.00358422938734293,,1.9928314685821533,,
4,74829,,0.001792114693671465,,1.9964157342910767,,
4,74839,,0.0,,2.0,,
4,74849,,0.0,,2.0,,
4,74859,,0.001792114693671465,,1.9964157342910767,,
4,74869,,0.0,,2.0,,
4,74879,,0.0,,2.0,,
4,74889,,0.001792114693671465,,1.9964157342910767,,
4,74899,,0.001792114693671465,,1.9964157342910767,,
4,74909,,0.001792114693671465,,1.9964157342910767,,
4,74919,,0.0,,2.0,,
4,74929,,0.001792114693671465,,1.9964157342910767,,
4,74939,,0.001792114693671465,,1.9964157342910767,,
4,74949,,0.001792114693671465,,1.9964157342910767,,
4,74959,,0.001792114693671465,,1.9964157342910767,,
4,74969,,0.001792114693671465,,1.9964157342910767,,
4,74979,,0.0,,2.0,,
4,74989,,0.001792114693671465,,1.9964157342910767,,
4,74999,,0.0,,2.0,,
4,75009,,0.0,,2.0,,
4,75019,,0.0,,2.0,,
4,75029,,0.0,,2.0,,
4,75039,,0.001792114693671465,,1.9964157342910767,,
4,75049,,0.0,,2.0,,
4,75059,,0.005376344081014395,,1.9892473220825195,,
4,75069,,0.001792114693671465,,1.9964157342910767,,
4,75079,,0.0,,2.0,,
4,75089,,0.0,,2.0,,
4,75099,,0.0,,2.0,,
4,75109,,0.005376344081014395,,1.9892473220825195,,
4,75119,,0.00716845877468586,,1.9856629371643066,,
4,75129,,0.001792114693671465,,1.9964157342910767,,
4,75139,,0.0,,2.0,,
4,75149,,0.001792114693671465,,1.9964157342910767,,
4,75159,,0.00358422938734293,,1.9928314685821533,,
4,75169,,0.001792114693671465,,1.9964157342910767,,
4,75179,,0.005376344081014395,,1.98924720287323,,
4,75189,,0.0,,2.0,,
4,75199,,0.001792114693671465,,1.9964157342910767,,
4,75209,,0.001792114693671465,,1.9964157342910767,,
4,75219,,0.00358422938734293,,1.9928314685821533,,
4,75229,,0.0,,2.0,,
4,75239,,0.001792114693671465,,1.9964157342910767,,
4,75249,,0.001792114693671465,,1.9964157342910767,,
4,75259,,0.0,,2.0,,
4,75269,,0.001792114693671465,,1.9964157342910767,,
4,75279,,0.001792114693671465,,1.9964157342910767,,
4,75289,,0.005376344081014395,,1.98924720287323,,
4,75299,,0.001792114693671465,,1.9964157342910767,,
4,75309,,0.0,,2.0,,
4,75319,,0.005376344081014395,,1.9892473220825195,,
4,75329,,0.0,,2.0,,
4,75339,,0.001792114693671465,,1.9964157342910767,,
4,75349,,0.0,,2.0,,
4,75359,,0.00358422938734293,,1.9928314685821533,,
4,75369,,0.001792114693671465,,1.9964157342910767,,
4,75379,,0.001792114693671465,,1.9964157342910767,,
4,75389,,0.001792114693671465,,1.9964157342910767,,
4,75399,,0.0,,2.0,,
4,75409,,0.001792114693671465,,1.9964157342910767,,
4,75419,,0.001792114693671465,,1.9964157342910767,,
4,75429,,0.0,,2.0,,
4,75439,,0.0,,2.0,,
4,75449,,0.001792114693671465,,1.9964157342910767,,
4,75459,,0.001792114693671465,,1.9964157342910767,,
4,75469,,0.005376344081014395,,1.98924720287323,,
4,75479,,0.00358422938734293,,1.9928314685821533,,
4,75489,,0.001792114693671465,,1.9964157342910767,,
4,75499,,0.00358422938734293,,1.9928314685821533,,
4,75509,,0.00358422938734293,,1.9928314685821533,,
4,75519,,0.001792114693671465,,1.9964157342910767,,
4,75529,,0.001792114693671465,,1.9964157342910767,,
4,75539,,0.0,,2.0,,
4,75549,,0.00358422938734293,,1.9928314685821533,,
4,75559,,0.001792114693671465,,1.9964157342910767,,
4,75569,,0.0,,2.0,,
4,75579,,0.001792114693671465,,1.9964157342910767,,
4,75589,,0.001792114693671465,,1.9964157342910767,,
4,75599,,0.001792114693671465,,1.9964157342910767,,
4,75609,,0.001792114693671465,,1.9964157342910767,,
4,75619,,0.0,,2.0,,
4,75629,,0.00358422938734293,,1.9928314685821533,,
4,75639,,0.001792114693671465,,1.9964157342910767,,
4,75649,,0.0,,2.0,,
4,75659,,0.0,,2.0,,
4,75669,,0.00358422938734293,,1.9928314685821533,,
4,75679,,0.0,,2.0,,
4,75689,,0.001792114693671465,,1.9964157342910767,,
4,75699,,0.0,,2.0,,
4,75709,,0.005376344081014395,,1.9892473220825195,,
4,75719,,0.001792114693671465,,1.9964157342910767,,
4,75729,,0.0,,2.0,,
4,75739,,0.00358422938734293,,1.9928314685821533,,
4,75749,,0.0,,2.0,,
4,75759,,0.005376344081014395,,1.9892473220825195,,
4,75769,,0.0,,2.0,,
4,75779,,0.0,,2.0,,
4,75789,,0.001792114693671465,,1.9964157342910767,,
4,75799,,0.001792114693671465,,1.9964157342910767,,
4,75809,,0.00358422938734293,,1.9928314685821533,,
4,75819,,0.00358422938734293,,1.9928314685821533,,
4,75829,,0.001792114693671465,,1.9964157342910767,,
4,75839,,0.00358422938734293,,1.9928314685821533,,
4,75849,,0.0,,2.0,,
4,75859,,0.001792114693671465,,1.9964157342910767,,
4,75869,,0.0,,2.0,,
4,75879,,0.0,,2.0,,
4,75889,,0.001792114693671465,,1.9964157342910767,,
4,75899,,0.001792114693671465,,1.9964157342910767,,
4,75909,,0.0,,2.0,,
4,75919,,0.001792114693671465,,1.9964157342910767,,
4,75929,,0.0,,2.0,,
4,75939,,0.001792114693671465,,1.9964157342910767,,
4,75949,,0.0,,2.0,,
4,75959,,0.0,,2.0,,
4,75969,,0.001792114693671465,,1.9964157342910767,,
4,75979,,0.00358422938734293,,1.9928314685821533,,
4,75989,,0.0,,2.0,,
4,75999,,0.001792114693671465,,1.9964157342910767,,
4,76009,,0.001792114693671465,,1.9964157342910767,,
4,76019,,0.0,,2.0,,
4,76029,,0.001792114693671465,,1.9964157342910767,,
4,76039,,0.0,,2.0,,
4,76049,,0.00358422938734293,,1.9928314685821533,,
4,76059,,0.00358422938734293,,1.9928314685821533,,
4,76069,,0.001792114693671465,,1.9964157342910767,,
4,76079,,0.0,,2.0,,
4,76089,,0.001792114693671465,,1.9964157342910767,,
4,76099,,0.0,,2.0,,
4,76109,,0.0,,2.0,,
4,76119,,0.0,,2.0,,
4,76129,,0.0,,2.0,,
4,76139,,0.00358422938734293,,1.9928314685821533,,
4,76149,,0.005376344081014395,,1.9892473220825195,,
4,76159,,0.0,,2.0,,
4,76169,,0.00358422938734293,,1.9928314685821533,,
4,76179,,0.00358422938734293,,1.9928314685821533,,
4,76189,,0.0,,2.0,,
4,76199,,0.001792114693671465,,1.9964157342910767,,
4,76209,,0.0,,2.0,,
4,76219,,0.0,,2.0,,
4,76229,,0.001792114693671465,,1.9964157342910767,,
4,76239,,0.001792114693671465,,1.9964157342910767,,
4,76249,,0.00358422938734293,,1.9928314685821533,,
4,76259,,0.0,,2.0,,
4,76269,,0.001792114693671465,,1.9964157342910767,,
4,76279,,0.001792114693671465,,1.9964157342910767,,
4,76289,,0.00358422938734293,,1.9928314685821533,,
4,76299,,0.00358422938734293,,1.9928314685821533,,
4,76309,,0.0,,2.0,,
4,76319,,0.001792114693671465,,1.9964157342910767,,
4,76329,,0.00358422938734293,,1.9928314685821533,,
4,76339,,0.00358422938734293,,1.9928314685821533,,
4,76349,,0.00358422938734293,,1.9928314685821533,,
4,76359,,0.0,,2.0,,
4,76369,,0.001792114693671465,,1.9964157342910767,,
4,76379,,0.001792114693671465,,1.9964157342910767,,
4,76389,,0.001792114693671465,,1.9964157342910767,,
4,76399,,0.00358422938734293,,1.9928314685821533,,
4,76409,,0.00358422938734293,,1.9928314685821533,,
4,76419,,0.00358422938734293,,1.9928314685821533,,
4,76429,,0.005376344081014395,,1.98924720287323,,
4,76439,,0.0,,2.0,,
4,76439,,,,,0.0017686699284240603,1.9964627027511597
4,76439,0.001804423169232905,,1.9963911771774292,,,
5,76449,,0.0,,2.0,,
5,76459,,0.00716845877468586,,1.9856629371643066,,
5,76469,,0.001792114693671465,,1.9964157342910767,,
5,76479,,0.001792114693671465,,1.9964157342910767,,
5,76489,,0.00358422938734293,,1.9928314685821533,,
5,76499,,0.001792114693671465,,1.9964157342910767,,
5,76509,,0.00358422938734293,,1.9928314685821533,,
5,76519,,0.001792114693671465,,1.9964157342910767,,
5,76529,,0.0,,2.0,,
5,76539,,0.005376344081014395,,1.9892473220825195,,
5,76549,,0.001792114693671465,,1.9964157342910767,,
5,76559,,0.001792114693671465,,1.9964157342910767,,
5,76569,,0.001792114693671465,,1.9964157342910767,,
5,76579,,0.001792114693671465,,1.9964157342910767,,
5,76589,,0.005376344081014395,,1.98924720287323,,
5,76599,,0.0,,2.0,,
5,76609,,0.001792114693671465,,1.9964157342910767,,
5,76619,,0.0,,2.0,,
5,76629,,0.0,,2.0,,
5,76639,,0.001792114693671465,,1.9964157342910767,,
5,76649,,0.001792114693671465,,1.9964157342910767,,
5,76659,,0.001792114693671465,,1.9964157342910767,,
5,76669,,0.001792114693671465,,1.9964157342910767,,
5,76679,,0.001792114693671465,,1.9964157342910767,,
5,76689,,0.001792114693671465,,1.9964157342910767,,
5,76699,,0.00358422938734293,,1.9928314685821533,,
5,76709,,0.001792114693671465,,1.9964157342910767,,
5,76719,,0.0,,2.0,,
5,76729,,0.008960573934018612,,1.9820787906646729,,
5,76739,,0.0,,2.0,,
5,76749,,0.001792114693671465,,1.9964157342910767,,
5,76759,,0.0,,2.0,,
5,76769,,0.0,,2.0,,
5,76779,,0.0,,2.0,,
5,76789,,0.0,,2.0,,
5,76799,,0.001792114693671465,,1.9964157342910767,,
5,76809,,0.001792114693671465,,1.9964157342910767,,
5,76819,,0.001792114693671465,,1.9964157342910767,,
5,76829,,0.00358422938734293,,1.9928314685821533,,
5,76839,,0.00358422938734293,,1.9928314685821533,,
5,76849,,0.00358422938734293,,1.9928314685821533,,
5,76859,,0.0,,2.0,,
5,76869,,0.001792114693671465,,1.9964157342910767,,
5,76879,,0.0,,2.0,,
5,76889,,0.0,,2.0,,
5,76899,,0.0,,2.0,,
5,76909,,0.0,,2.0,,
5,76919,,0.0,,2.0,,
5,76929,,0.0,,2.0,,
5,76939,,0.0,,2.0,,
5,76949,,0.005376344081014395,,1.98924720287323,,
5,76959,,0.005376344081014395,,1.98924720287323,,
5,76969,,0.001792114693671465,,1.9964157342910767,,
5,76979,,0.001792114693671465,,1.9964157342910767,,
5,76989,,0.001792114693671465,,1.9964157342910767,,
5,76999,,0.001792114693671465,,1.9964157342910767,,
5,77009,,0.001792114693671465,,1.9964157342910767,,
5,77019,,0.0,,2.0,,
5,77029,,0.001792114693671465,,1.9964157342910767,,
5,77039,,0.001792114693671465,,1.9964157342910767,,
5,77049,,0.0,,2.0,,
5,77059,,0.001792114693671465,,1.9964157342910767,,
5,77069,,0.00358422938734293,,1.9928314685821533,,
5,77079,,0.0,,2.0,,
5,77089,,0.005376344081014395,,1.9892473220825195,,
5,77099,,0.0,,2.0,,
5,77109,,0.005376344081014395,,1.9892473220825195,,
5,77119,,0.0,,2.0,,
5,77129,,0.0,,2.0,,
5,77139,,0.00358422938734293,,1.9928314685821533,,
5,77149,,0.0,,2.0,,
5,77159,,0.0,,2.0,,
5,77169,,0.0,,2.0,,
5,77179,,0.005376344081014395,,1.9892473220825195,,
5,77189,,0.001792114693671465,,1.9964157342910767,,
5,77199,,0.001792114693671465,,1.9964157342910767,,
5,77209,,0.001792114693671465,,1.9964157342910767,,
5,77219,,0.0,,2.0,,
5,77229,,0.0,,2.0,,
5,77239,,0.00358422938734293,,1.9928314685821533,,
5,77249,,0.0,,2.0,,
5,77259,,0.00358422938734293,,1.9928314685821533,,
5,77269,,0.00358422938734293,,1.9928314685821533,,
5,77279,,0.001792114693671465,,1.9964157342910767,,
5,77289,,0.0,,2.0,,
5,77299,,0.001792114693671465,,1.9964157342910767,,
5,77309,,0.005376344081014395,,1.9892473220825195,,
5,77319,,0.00358422938734293,,1.9928314685821533,,
5,77329,,0.00358422938734293,,1.9928314685821533,,
5,77339,,0.0,,2.0,,
5,77349,,0.001792114693671465,,1.9964157342910767,,
5,77359,,0.0,,2.0,,
5,77369,,0.0,,2.0,,
5,77379,,0.00716845877468586,,1.9856630563735962,,
5,77389,,0.00358422938734293,,1.9928314685821533,,
5,77399,,0.001792114693671465,,1.9964157342910767,,
5,77409,,0.0,,2.0,,
5,77419,,0.00358422938734293,,1.9928314685821533,,
5,77429,,0.001792114693671465,,1.9964157342910767,,
5,77439,,0.0,,2.0,,
5,77449,,0.001792114693671465,,1.9964157342910767,,
5,77459,,0.001792114693671465,,1.9964157342910767,,
5,77469,,0.005376344081014395,,1.9892473220825195,,
5,77479,,0.00358422938734293,,1.9928314685821533,,
5,77489,,0.001792114693671465,,1.9964157342910767,,
5,77499,,0.001792114693671465,,1.9964157342910767,,
5,77509,,0.0,,2.0,,
5,77519,,0.001792114693671465,,1.9964157342910767,,
5,77529,,0.0,,2.0,,
5,77539,,0.00358422938734293,,1.9928314685821533,,
5,77549,,0.0,,2.0,,
5,77559,,0.001792114693671465,,1.9964157342910767,,
5,77569,,0.00358422938734293,,1.9928314685821533,,
5,77579,,0.001792114693671465,,1.9964157342910767,,
5,77589,,0.001792114693671465,,1.9964157342910767,,
5,77599,,0.001792114693671465,,1.9964157342910767,,
5,77609,,0.00358422938734293,,1.9928314685821533,,
5,77619,,0.0,,2.0,,
5,77629,,0.005376344081014395,,1.9892473220825195,,
5,77639,,0.00358422938734293,,1.9928314685821533,,
5,77649,,0.0,,2.0,,
5,77659,,0.0,,2.0,,
5,77669,,0.005376344081014395,,1.9892473220825195,,
5,77679,,0.00358422938734293,,1.9928314685821533,,
5,77689,,0.0,,2.0,,
5,77699,,0.001792114693671465,,1.9964157342910767,,
5,77709,,0.00716845877468586,,1.9856630563735962,,
5,77719,,0.001792114693671465,,1.9964157342910767,,
5,77729,,0.0,,2.0,,
5,77739,,0.001792114693671465,,1.9964157342910767,,
5,77749,,0.0,,2.0,,
5,77759,,0.001792114693671465,,1.9964157342910767,,
5,77769,,0.0,,2.0,,
5,77779,,0.001792114693671465,,1.9964157342910767,,
5,77789,,0.001792114693671465,,1.9964157342910767,,
5,77799,,0.0,,2.0,,
5,77809,,0.001792114693671465,,1.9964157342910767,,
5,77819,,0.0,,2.0,,
5,77829,,0.0,,2.0,,
5,77839,,0.001792114693671465,,1.9964157342910767,,
5,77849,,0.001792114693671465,,1.9964157342910767,,
5,77859,,0.0,,2.0,,
5,77869,,0.00358422938734293,,1.9928314685821533,,
5,77879,,0.001792114693671465,,1.9964157342910767,,
5,77889,,0.001792114693671465,,1.9964157342910767,,
5,77899,,0.001792114693671465,,1.9964157342910767,,
5,77909,,0.001792114693671465,,1.9964157342910767,,
5,77919,,0.001792114693671465,,1.9964157342910767,,
5,77929,,0.0,,2.0,,
5,77939,,0.001792114693671465,,1.9964157342910767,,
5,77949,,0.00358422938734293,,1.9928314685821533,,
5,77959,,0.001792114693671465,,1.9964157342910767,,
5,77969,,0.001792114693671465,,1.9964157342910767,,
5,77979,,0.001792114693671465,,1.9964157342910767,,
5,77989,,0.00358422938734293,,1.9928314685821533,,
5,77999,,0.001792114693671465,,1.9964157342910767,,
5,78009,,0.00358422938734293,,1.9928314685821533,,
5,78019,,0.001792114693671465,,1.9964157342910767,,
5,78029,,0.0,,2.0,,
5,78039,,0.001792114693671465,,1.9964157342910767,,
5,78049,,0.00358422938734293,,1.9928314685821533,,
5,78059,,0.00358422938734293,,1.9928314685821533,,
5,78069,,0.001792114693671465,,1.9964157342910767,,
5,78079,,0.0,,2.0,,
5,78089,,0.001792114693671465,,1.9964157342910767,,
5,78099,,0.001792114693671465,,1.9964157342910767,,
5,78109,,0.0,,2.0,,
5,78119,,0.00358422938734293,,1.9928314685821533,,
5,78129,,0.00358422938734293,,1.9928314685821533,,
5,78139,,0.0,,2.0,,
5,78149,,0.001792114693671465,,1.9964157342910767,,
5,78159,,0.001792114693671465,,1.9964157342910767,,
5,78169,,0.0,,2.0,,
5,78179,,0.00358422938734293,,1.9928314685821533,,
5,78189,,0.005376344081014395,,1.9892473220825195,,
5,78199,,0.0,,2.0,,
5,78209,,0.001792114693671465,,1.9964157342910767,,
5,78219,,0.001792114693671465,,1.9964157342910767,,
5,78229,,0.001792114693671465,,1.9964157342910767,,
5,78239,,0.001792114693671465,,1.9964157342910767,,
5,78249,,0.0,,2.0,,
5,78259,,0.001792114693671465,,1.9964157342910767,,
5,78269,,0.00358422938734293,,1.9928314685821533,,
5,78279,,0.0,,2.0,,
5,78289,,0.001792114693671465,,1.9964157342910767,,
5,78299,,0.0,,2.0,,
5,78309,,0.00358422938734293,,1.9928314685821533,,
5,78319,,0.001792114693671465,,1.9964157342910767,,
5,78329,,0.0,,2.0,,
5,78339,,0.0,,2.0,,
5,78349,,0.001792114693671465,,1.9964157342910767,,
5,78359,,0.0,,2.0,,
5,78369,,0.0,,2.0,,
5,78379,,0.001792114693671465,,1.9964157342910767,,
5,78389,,0.0,,2.0,,
5,78399,,0.0,,2.0,,
5,78409,,0.001792114693671465,,1.9964157342910767,,
5,78419,,0.001792114693671465,,1.9964157342910767,,
5,78429,,0.0,,2.0,,
5,78439,,0.0,,2.0,,
5,78449,,0.001792114693671465,,1.9964157342910767,,
5,78459,,0.00716845877468586,,1.9856630563735962,,
5,78469,,0.001792114693671465,,1.9964157342910767,,
5,78479,,0.0,,2.0,,
5,78489,,0.005376344081014395,,1.9892473220825195,,
5,78499,,0.0,,2.0,,
5,78509,,0.001792114693671465,,1.9964157342910767,,
5,78519,,0.001792114693671465,,1.9964157342910767,,
5,78529,,0.00358422938734293,,1.9928314685821533,,
5,78539,,0.0,,2.0,,
5,78549,,0.001792114693671465,,1.9964157342910767,,
5,78559,,0.001792114693671465,,1.9964157342910767,,
5,78569,,0.0,,2.0,,
5,78579,,0.0,,2.0,,
5,78589,,0.001792114693671465,,1.9964157342910767,,
5,78599,,0.0,,2.0,,
5,78609,,0.00358422938734293,,1.9928314685821533,,
5,78619,,0.00358422938734293,,1.9928314685821533,,
5,78629,,0.001792114693671465,,1.9964157342910767,,
5,78639,,0.001792114693671465,,1.9964157342910767,,
5,78649,,0.0,,2.0,,
5,78659,,0.005376344081014395,,1.98924720287323,,
5,78669,,0.001792114693671465,,1.9964157342910767,,
5,78679,,0.0,,2.0,,
5,78689,,0.005376344081014395,,1.98924720287323,,
5,78699,,0.001792114693671465,,1.9964157342910767,,
5,78709,,0.0,,2.0,,
5,78719,,0.00358422938734293,,1.9928314685821533,,
5,78729,,0.005376344081014395,,1.9892473220825195,,
5,78739,,0.001792114693671465,,1.9964157342910767,,
5,78749,,0.001792114693671465,,1.9964157342910767,,
5,78759,,0.001792114693671465,,1.9964157342910767,,
5,78769,,0.001792114693671465,,1.9964157342910767,,
5,78779,,0.001792114693671465,,1.9964157342910767,,
5,78789,,0.0,,2.0,,
5,78799,,0.0,,2.0,,
5,78809,,0.001792114693671465,,1.9964157342910767,,
5,78819,,0.005376344081014395,,1.98924720287323,,
5,78829,,0.00358422938734293,,1.9928314685821533,,
5,78839,,0.0,,2.0,,
5,78849,,0.001792114693671465,,1.9964157342910767,,
5,78859,,0.001792114693671465,,1.9964157342910767,,
5,78869,,0.0,,2.0,,
5,78879,,0.001792114693671465,,1.9964157342910767,,
5,78889,,0.001792114693671465,,1.9964157342910767,,
5,78899,,0.00358422938734293,,1.9928314685821533,,
5,78909,,0.001792114693671465,,1.9964157342910767,,
5,78919,,0.00358422938734293,,1.9928314685821533,,
5,78929,,0.005376344081014395,,1.98924720287323,,
5,78939,,0.00358422938734293,,1.9928314685821533,,
5,78949,,0.005376344081014395,,1.98924720287323,,
5,78959,,0.001792114693671465,,1.9964157342910767,,
5,78969,,0.001792114693671465,,1.9964157342910767,,
5,78979,,0.00358422938734293,,1.9928314685821533,,
5,78989,,0.0,,2.0,,
5,78999,,0.005376344081014395,,1.9892473220825195,,
5,79009,,0.0,,2.0,,
5,79019,,0.0,,2.0,,
5,79029,,0.0,,2.0,,
5,79039,,0.0,,2.0,,
5,79049,,0.00358422938734293,,1.9928314685821533,,
5,79059,,0.001792114693671465,,1.9964157342910767,,
5,79069,,0.001792114693671465,,1.9964157342910767,,
5,79079,,0.0,,2.0,,
5,79089,,0.001792114693671465,,1.9964157342910767,,
5,79099,,0.00358422938734293,,1.9928314685821533,,
5,79109,,0.00358422938734293,,1.9928314685821533,,
5,79119,,0.001792114693671465,,1.9964157342910767,,
5,79129,,0.001792114693671465,,1.9964157342910767,,
5,79139,,0.001792114693671465,,1.9964157342910767,,
5,79149,,0.001792114693671465,,1.9964157342910767,,
5,79159,,0.0,,2.0,,
5,79169,,0.00358422938734293,,1.9928314685821533,,
5,79179,,0.001792114693671465,,1.9964157342910767,,
5,79189,,0.001792114693671465,,1.9964157342910767,,
5,79199,,0.001792114693671465,,1.9964157342910767,,
5,79209,,0.001792114693671465,,1.9964157342910767,,
5,79219,,0.0,,2.0,,
5,79229,,0.00358422938734293,,1.9928314685821533,,
5,79239,,0.0,,2.0,,
5,79249,,0.0,,2.0,,
5,79259,,0.0,,2.0,,
5,79269,,0.001792114693671465,,1.9964157342910767,,
5,79279,,0.0,,2.0,,
5,79289,,0.0,,2.0,,
5,79299,,0.001792114693671465,,1.9964157342910767,,
5,79309,,0.00358422938734293,,1.9928314685821533,,
5,79319,,0.00358422938734293,,1.9928314685821533,,
5,79329,,0.001792114693671465,,1.9964157342910767,,
5,79339,,0.001792114693671465,,1.9964157342910767,,
5,79349,,0.005376344081014395,,1.98924720287323,,
5,79359,,0.0,,2.0,,
5,79369,,0.001792114693671465,,1.9964157342910767,,
5,79379,,0.001792114693671465,,1.9964157342910767,,
5,79389,,0.005376344081014395,,1.98924720287323,,
5,79399,,0.00358422938734293,,1.9928314685821533,,
5,79409,,0.001792114693671465,,1.9964157342910767,,
5,79419,,0.0,,2.0,,
5,79429,,0.0,,2.0,,
5,79439,,0.005376344081014395,,1.9892473220825195,,
5,79449,,0.0,,2.0,,
5,79459,,0.0,,2.0,,
5,79469,,0.001792114693671465,,1.9964157342910767,,
5,79479,,0.00358422938734293,,1.9928314685821533,,
5,79489,,0.001792114693671465,,1.9964157342910767,,
5,79499,,0.0,,2.0,,
5,79509,,0.00358422938734293,,1.9928314685821533,,
5,79519,,0.0,,2.0,,
5,79529,,0.001792114693671465,,1.9964157342910767,,
5,79539,,0.001792114693671465,,1.9964157342910767,,
5,79549,,0.0,,2.0,,
5,79559,,0.0,,2.0,,
5,79569,,0.0,,2.0,,
5,79579,,0.0,,2.0,,
5,79589,,0.0,,2.0,,
5,79599,,0.001792114693671465,,1.9964157342910767,,
5,79609,,0.0,,2.0,,
5,79619,,0.0,,2.0,,
5,79629,,0.0,,2.0,,
5,79639,,0.005376344081014395,,1.9892473220825195,,
5,79649,,0.0,,2.0,,
5,79659,,0.0,,2.0,,
5,79669,,0.0,,2.0,,
5,79679,,0.001792114693671465,,1.9964157342910767,,
5,79689,,0.001792114693671465,,1.9964157342910767,,
5,79699,,0.005376344081014395,,1.98924720287323,,
5,79709,,0.001792114693671465,,1.9964157342910767,,
5,79719,,0.005376344081014395,,1.9892473220825195,,
5,79729,,0.001792114693671465,,1.9964157342910767,,
5,79739,,0.001792114693671465,,1.9964157342910767,,
5,79749,,0.001792114693671465,,1.9964157342910767,,
5,79759,,0.0,,2.0,,
5,79769,,0.001792114693671465,,1.9964157342910767,,
5,79779,,0.0,,2.0,,
5,79789,,0.001792114693671465,,1.9964157342910767,,
5,79799,,0.0,,2.0,,
5,79809,,0.0,,2.0,,
5,79819,,0.0,,2.0,,
5,79829,,0.005376344081014395,,1.98924720287323,,
5,79839,,0.001792114693671465,,1.9964157342910767,,
5,79849,,0.0,,2.0,,
5,79859,,0.0,,2.0,,
5,79869,,0.001792114693671465,,1.9964157342910767,,
5,79879,,0.0,,2.0,,
5,79889,,0.0,,2.0,,
5,79899,,0.0,,2.0,,
5,79909,,0.00358422938734293,,1.9928314685821533,,
5,79919,,0.0,,2.0,,
5,79929,,0.0,,2.0,,
5,79939,,0.00358422938734293,,1.9928314685821533,,
5,79949,,0.001792114693671465,,1.9964157342910767,,
5,79959,,0.0,,2.0,,
5,79969,,0.0,,2.0,,
5,79979,,0.0,,2.0,,
5,79989,,0.001792114693671465,,1.9964157342910767,,
5,79999,,0.00358422938734293,,1.9928314685821533,,
5,80009,,0.00358422938734293,,1.9928314685821533,,
5,80019,,0.00358422938734293,,1.9928314685821533,,
5,80029,,0.0,,2.0,,
5,80039,,0.001792114693671465,,1.9964157342910767,,
5,80049,,0.0,,2.0,,
5,80059,,0.0,,2.0,,
5,80069,,0.00358422938734293,,1.9928314685821533,,
5,80079,,0.001792114693671465,,1.9964157342910767,,
5,80089,,0.0,,2.0,,
5,80099,,0.001792114693671465,,1.9964157342910767,,
5,80109,,0.001792114693671465,,1.9964157342910767,,
5,80119,,0.00358422938734293,,1.9928314685821533,,
5,80129,,0.001792114693671465,,1.9964157342910767,,
5,80139,,0.005376344081014395,,1.9892473220825195,,
5,80149,,0.01075268816202879,,1.978494644165039,,
5,80159,,0.0,,2.0,,
5,80169,,0.0,,2.0,,
5,80179,,0.0,,2.0,,
5,80189,,0.0,,2.0,,
5,80199,,0.0,,2.0,,
5,80209,,0.001792114693671465,,1.9964157342910767,,
5,80219,,0.001792114693671465,,1.9964157342910767,,
5,80229,,0.001792114693671465,,1.9964157342910767,,
5,80239,,0.00358422938734293,,1.9928314685821533,,
5,80249,,0.0,,2.0,,
5,80259,,0.001792114693671465,,1.9964157342910767,,
5,80269,,0.001792114693671465,,1.9964157342910767,,
5,80279,,0.00358422938734293,,1.9928314685821533,,
5,80289,,0.0,,2.0,,
5,80299,,0.0,,2.0,,
5,80309,,0.001792114693671465,,1.9964157342910767,,
5,80319,,0.00358422938734293,,1.9928314685821533,,
5,80329,,0.001792114693671465,,1.9964157342910767,,
5,80339,,0.001792114693671465,,1.9964157342910767,,
5,80349,,0.001792114693671465,,1.9964157342910767,,
5,80359,,0.00358422938734293,,1.9928314685821533,,
5,80369,,0.0,,2.0,,
5,80379,,0.001792114693671465,,1.9964157342910767,,
5,80389,,0.0,,2.0,,
5,80399,,0.001792114693671465,,1.9964157342910767,,
5,80409,,0.00358422938734293,,1.9928314685821533,,
5,80419,,0.0,,2.0,,
5,80429,,0.0,,2.0,,
5,80439,,0.0,,2.0,,
5,80449,,0.001792114693671465,,1.9964157342910767,,
5,80459,,0.0,,2.0,,
5,80469,,0.0,,2.0,,
5,80479,,0.0,,2.0,,
5,80489,,0.0,,2.0,,
5,80499,,0.00358422938734293,,1.9928314685821533,,
5,80509,,0.00358422938734293,,1.9928314685821533,,
5,80519,,0.005376344081014395,,1.9892473220825195,,
5,80529,,0.00358422938734293,,1.9928314685821533,,
5,80539,,0.00358422938734293,,1.9928314685821533,,
5,80549,,0.00358422938734293,,1.9928314685821533,,
5,80559,,0.0,,2.0,,
5,80569,,0.001792114693671465,,1.9964157342910767,,
5,80579,,0.001792114693671465,,1.9964157342910767,,
5,80589,,0.001792114693671465,,1.9964157342910767,,
5,80599,,0.0,,2.0,,
5,80609,,0.0,,2.0,,
5,80619,,0.0,,2.0,,
5,80629,,0.001792114693671465,,1.9964157342910767,,
5,80639,,0.0,,2.0,,
5,80649,,0.00358422938734293,,1.9928314685821533,,
5,80659,,0.001792114693671465,,1.9964157342910767,,
5,80669,,0.001792114693671465,,1.9964157342910767,,
5,80679,,0.0,,2.0,,
5,80689,,0.0,,2.0,,
5,80699,,0.0,,2.0,,
5,80709,,0.00358422938734293,,1.9928314685821533,,
5,80719,,0.001792114693671465,,1.9964157342910767,,
5,80729,,0.00358422938734293,,1.9928314685821533,,
5,80739,,0.001792114693671465,,1.9964157342910767,,
5,80749,,0.001792114693671465,,1.9964157342910767,,
5,80759,,0.00358422938734293,,1.9928314685821533,,
5,80769,,0.0,,2.0,,
5,80779,,0.0,,2.0,,
5,80789,,0.00358422938734293,,1.9928314685821533,,
5,80799,,0.00358422938734293,,1.9928314685821533,,
5,80809,,0.001792114693671465,,1.9964157342910767,,
5,80819,,0.005376344081014395,,1.9892473220825195,,
5,80829,,0.0,,2.0,,
5,80839,,0.0,,2.0,,
5,80849,,0.0,,2.0,,
5,80859,,0.00358422938734293,,1.9928314685821533,,
5,80869,,0.008960573934018612,,1.9820787906646729,,
5,80879,,0.001792114693671465,,1.9964157342910767,,
5,80889,,0.00358422938734293,,1.9928314685821533,,
5,80899,,0.0,,2.0,,
5,80909,,0.001792114693671465,,1.9964157342910767,,
5,80919,,0.0,,2.0,,
5,80929,,0.005376344081014395,,1.98924720287323,,
5,80939,,0.0,,2.0,,
5,80949,,0.005376344081014395,,1.9892473220825195,,
5,80959,,0.0,,2.0,,
5,80969,,0.00716845877468586,,1.9856630563735962,,
5,80979,,0.0,,2.0,,
5,80989,,0.0,,2.0,,
5,80999,,0.001792114693671465,,1.9964157342910767,,
5,81009,,0.005376344081014395,,1.98924720287323,,
5,81019,,0.00358422938734293,,1.9928314685821533,,
5,81029,,0.0,,2.0,,
5,81039,,0.005376344081014395,,1.9892473220825195,,
5,81049,,0.001792114693671465,,1.9964157342910767,,
5,81059,,0.00358422938734293,,1.9928314685821533,,
5,81069,,0.0,,2.0,,
5,81079,,0.001792114693671465,,1.9964157342910767,,
5,81089,,0.0,,2.0,,
5,81099,,0.001792114693671465,,1.9964157342910767,,
5,81109,,0.0,,2.0,,
5,81119,,0.001792114693671465,,1.9964157342910767,,
5,81129,,0.00358422938734293,,1.9928314685821533,,
5,81139,,0.001792114693671465,,1.9964157342910767,,
5,81149,,0.0,,2.0,,
5,81159,,0.00358422938734293,,1.9928314685821533,,
5,81169,,0.0,,2.0,,
5,81179,,0.0,,2.0,,
5,81189,,0.005376344081014395,,1.9892473220825195,,
5,81199,,0.001792114693671465,,1.9964157342910767,,
5,81209,,0.001792114693671465,,1.9964157342910767,,
5,81219,,0.001792114693671465,,1.9964157342910767,,
5,81229,,0.00358422938734293,,1.9928314685821533,,
5,81239,,0.001792114693671465,,1.9964157342910767,,
5,81249,,0.0,,2.0,,
5,81259,,0.005376344081014395,,1.9892473220825195,,
5,81269,,0.001792114693671465,,1.9964157342910767,,
5,81279,,0.00358422938734293,,1.9928314685821533,,
5,81289,,0.0,,2.0,,
5,81299,,0.001792114693671465,,1.9964157342910767,,
5,81309,,0.001792114693671465,,1.9964157342910767,,
5,81319,,0.00358422938734293,,1.9928314685821533,,
5,81329,,0.0,,2.0,,
5,81339,,0.0,,2.0,,
5,81349,,0.001792114693671465,,1.9964157342910767,,
5,81359,,0.00716845877468586,,1.9856629371643066,,
5,81369,,0.001792114693671465,,1.9964157342910767,,
5,81379,,0.0,,2.0,,
5,81389,,0.001792114693671465,,1.9964157342910767,,
5,81399,,0.001792114693671465,,1.9964157342910767,,
5,81409,,0.0,,2.0,,
5,81419,,0.0,,2.0,,
5,81429,,0.0,,2.0,,
5,81439,,0.0,,2.0,,
5,81449,,0.005376344081014395,,1.9892473220825195,,
5,81459,,0.0,,2.0,,
5,81469,,0.00358422938734293,,1.9928314685821533,,
5,81479,,0.001792114693671465,,1.9964157342910767,,
5,81489,,0.0,,2.0,,
5,81499,,0.001792114693671465,,1.9964157342910767,,
5,81509,,0.0,,2.0,,
5,81519,,0.001792114693671465,,1.9964157342910767,,
5,81529,,0.005376344081014395,,1.9892473220825195,,
5,81539,,0.0,,2.0,,
5,81549,,0.001792114693671465,,1.9964157342910767,,
5,81559,,0.001792114693671465,,1.9964157342910767,,
5,81569,,0.00358422938734293,,1.9928314685821533,,
5,81579,,0.0,,2.0,,
5,81589,,0.0,,2.0,,
5,81599,,0.0,,2.0,,
5,81609,,0.0,,2.0,,
5,81619,,0.0,,2.0,,
5,81629,,0.0,,2.0,,
5,81639,,0.00358422938734293,,1.9928314685821533,,
5,81649,,0.0,,2.0,,
5,81659,,0.001792114693671465,,1.9964157342910767,,
5,81669,,0.001792114693671465,,1.9964157342910767,,
5,81679,,0.001792114693671465,,1.9964157342910767,,
5,81689,,0.0,,2.0,,
5,81699,,0.0,,2.0,,
5,81709,,0.001792114693671465,,1.9964157342910767,,
5,81719,,0.0,,2.0,,
5,81729,,0.001792114693671465,,1.9964157342910767,,
5,81739,,0.0,,2.0,,
5,81749,,0.00358422938734293,,1.9928314685821533,,
5,81759,,0.001792114693671465,,1.9964157342910767,,
5,81769,,0.00358422938734293,,1.9928314685821533,,
5,81779,,0.0,,2.0,,
5,81789,,0.0,,2.0,,
5,81799,,0.0,,2.0,,
5,81809,,0.00358422938734293,,1.9928314685821533,,
5,81819,,0.00358422938734293,,1.9928314685821533,,
5,81829,,0.001792114693671465,,1.9964157342910767,,
5,81839,,0.0,,2.0,,
5,81849,,0.001792114693671465,,1.9964157342910767,,
5,81859,,0.00358422938734293,,1.9928314685821533,,
5,81869,,0.001792114693671465,,1.9964157342910767,,
5,81879,,0.00358422938734293,,1.9928314685821533,,
5,81889,,0.00358422938734293,,1.9928314685821533,,
5,81899,,0.0,,2.0,,
5,81909,,0.001792114693671465,,1.9964157342910767,,
5,81919,,0.0,,2.0,,
5,81929,,0.001792114693671465,,1.9964157342910767,,
5,81939,,0.001792114693671465,,1.9964157342910767,,
5,81949,,0.001792114693671465,,1.9964157342910767,,
5,81959,,0.00358422938734293,,1.9928314685821533,,
5,81969,,0.0,,2.0,,
5,81979,,0.00716845877468586,,1.9856630563735962,,
5,81989,,0.001792114693671465,,1.9964157342910767,,
5,81999,,0.001792114693671465,,1.9964157342910767,,
5,82009,,0.0,,2.0,,
5,82019,,0.0,,2.0,,
5,82029,,0.00358422938734293,,1.9928314685821533,,
5,82039,,0.00358422938734293,,1.9928314685821533,,
5,82049,,0.0,,2.0,,
5,82059,,0.0,,2.0,,
5,82069,,0.00358422938734293,,1.9928314685821533,,
5,82079,,0.001792114693671465,,1.9964157342910767,,
5,82089,,0.0,,2.0,,
5,82099,,0.001792114693671465,,1.9964157342910767,,
5,82109,,0.001792114693671465,,1.9964157342910767,,
5,82119,,0.0,,2.0,,
5,82129,,0.001792114693671465,,1.9964157342910767,,
5,82139,,0.001792114693671465,,1.9964157342910767,,
5,82149,,0.0,,2.0,,
5,82159,,0.0,,2.0,,
5,82169,,0.001792114693671465,,1.9964157342910767,,
5,82179,,0.0,,2.0,,
5,82189,,0.001792114693671465,,1.9964157342910767,,
5,82199,,0.001792114693671465,,1.9964157342910767,,
5,82209,,0.001792114693671465,,1.9964157342910767,,
5,82219,,0.001792114693671465,,1.9964157342910767,,
5,82229,,0.00358422938734293,,1.9928314685821533,,
5,82239,,0.001792114693671465,,1.9964157342910767,,
5,82249,,0.0,,2.0,,
5,82259,,0.001792114693671465,,1.9964157342910767,,
5,82269,,0.0,,2.0,,
5,82279,,0.00358422938734293,,1.9928314685821533,,
5,82289,,0.001792114693671465,,1.9964157342910767,,
5,82299,,0.001792114693671465,,1.9964157342910767,,
5,82309,,0.001792114693671465,,1.9964157342910767,,
5,82319,,0.0,,2.0,,
5,82329,,0.0,,2.0,,
5,82339,,0.001792114693671465,,1.9964157342910767,,
5,82349,,0.0,,2.0,,
5,82359,,0.005376344081014395,,1.9892473220825195,,
5,82369,,0.00358422938734293,,1.9928314685821533,,
5,82379,,0.0,,2.0,,
5,82389,,0.0,,2.0,,
5,82399,,0.0,,2.0,,
5,82409,,0.00358422938734293,,1.9928314685821533,,
5,82419,,0.001792114693671465,,1.9964157342910767,,
5,82429,,0.0,,2.0,,
5,82439,,0.001792114693671465,,1.9964157342910767,,
5,82449,,0.0,,2.0,,
5,82459,,0.001792114693671465,,1.9964157342910767,,
5,82469,,0.0,,2.0,,
5,82479,,0.00358422938734293,,1.9928314685821533,,
5,82489,,0.001792114693671465,,1.9964157342910767,,
5,82499,,0.00358422938734293,,1.9928314685821533,,
5,82509,,0.0,,2.0,,
5,82519,,0.0,,2.0,,
5,82529,,0.001792114693671465,,1.9964157342910767,,
5,82539,,0.001792114693671465,,1.9964157342910767,,
5,82549,,0.0,,2.0,,
5,82559,,0.0,,2.0,,
5,82569,,0.005376344081014395,,1.98924720287323,,
5,82579,,0.00358422938734293,,1.9928314685821533,,
5,82589,,0.001792114693671465,,1.9964157342910767,,
5,82599,,0.0,,2.0,,
5,82609,,0.005376344081014395,,1.9892473220825195,,
5,82619,,0.0,,2.0,,
5,82629,,0.0,,2.0,,
5,82639,,0.0,,2.0,,
5,82649,,0.0,,2.0,,
5,82659,,0.001792114693671465,,1.9964157342910767,,
5,82669,,0.001792114693671465,,1.9964157342910767,,
5,82679,,0.0,,2.0,,
5,82689,,0.0,,2.0,,
5,82699,,0.00358422938734293,,1.9928314685821533,,
5,82709,,0.005376344081014395,,1.9892473220825195,,
5,82719,,0.0,,2.0,,
5,82729,,0.0,,2.0,,
5,82739,,0.001792114693671465,,1.9964157342910767,,
5,82749,,0.0,,2.0,,
5,82759,,0.001792114693671465,,1.9964157342910767,,
5,82769,,0.001792114693671465,,1.9964157342910767,,
5,82779,,0.001792114693671465,,1.9964157342910767,,
5,82789,,0.0,,2.0,,
5,82799,,0.00358422938734293,,1.9928314685821533,,
5,82809,,0.0,,2.0,,
5,82819,,0.001792114693671465,,1.9964157342910767,,
5,82829,,0.00358422938734293,,1.9928314685821533,,
5,82839,,0.0,,2.0,,
5,82849,,0.0,,2.0,,
5,82859,,0.001792114693671465,,1.9964157342910767,,
5,82869,,0.0,,2.0,,
5,82879,,0.001792114693671465,,1.9964157342910767,,
5,82889,,0.0,,2.0,,
5,82899,,0.0,,2.0,,
5,82909,,0.001792114693671465,,1.9964157342910767,,
5,82919,,0.001792114693671465,,1.9964157342910767,,
5,82929,,0.0,,2.0,,
5,82939,,0.00358422938734293,,1.9928314685821533,,
5,82949,,0.005376344081014395,,1.9892473220825195,,
5,82959,,0.00358422938734293,,1.9928314685821533,,
5,82969,,0.005376344081014395,,1.9892473220825195,,
5,82979,,0.001792114693671465,,1.9964157342910767,,
5,82989,,0.00358422938734293,,1.9928314685821533,,
5,82999,,0.005376344081014395,,1.9892473220825195,,
5,83009,,0.0,,2.0,,
5,83019,,0.00716845877468586,,1.9856630563735962,,
5,83029,,0.0,,2.0,,
5,83039,,0.001792114693671465,,1.9964157342910767,,
5,83049,,0.0,,2.0,,
5,83059,,0.0,,2.0,,
5,83069,,0.0,,2.0,,
5,83079,,0.001792114693671465,,1.9964157342910767,,
5,83089,,0.0,,2.0,,
5,83099,,0.0,,2.0,,
5,83109,,0.00716845877468586,,1.9856630563735962,,
5,83119,,0.001792114693671465,,1.9964157342910767,,
5,83129,,0.001792114693671465,,1.9964157342910767,,
5,83139,,0.00358422938734293,,1.9928314685821533,,
5,83149,,0.0,,2.0,,
5,83159,,0.0,,2.0,,
5,83169,,0.0,,2.0,,
5,83179,,0.0,,2.0,,
5,83189,,0.0,,2.0,,
5,83199,,0.001792114693671465,,1.9964157342910767,,
5,83209,,0.0,,2.0,,
5,83219,,0.0,,2.0,,
5,83229,,0.001792114693671465,,1.9964157342910767,,
5,83239,,0.001792114693671465,,1.9964157342910767,,
5,83249,,0.0,,2.0,,
5,83259,,0.0,,2.0,,
5,83269,,0.0,,2.0,,
5,83279,,0.001792114693671465,,1.9964157342910767,,
5,83289,,0.0,,2.0,,
5,83299,,0.0,,2.0,,
5,83309,,0.001792114693671465,,1.9964157342910767,,
5,83319,,0.001792114693671465,,1.9964157342910767,,
5,83329,,0.0,,2.0,,
5,83339,,0.001792114693671465,,1.9964157342910767,,
5,83349,,0.0,,2.0,,
5,83359,,0.0,,2.0,,
5,83369,,0.00358422938734293,,1.9928314685821533,,
5,83379,,0.001792114693671465,,1.9964157342910767,,
5,83389,,0.00358422938734293,,1.9928314685821533,,
5,83399,,0.00358422938734293,,1.9928314685821533,,
5,83409,,0.0,,2.0,,
5,83419,,0.005376344081014395,,1.9892473220825195,,
5,83429,,0.0,,2.0,,
5,83439,,0.00358422938734293,,1.9928314685821533,,
5,83449,,0.001792114693671465,,1.9964157342910767,,
5,83459,,0.0,,2.0,,
5,83469,,0.005376344081014395,,1.9892473220825195,,
5,83479,,0.00358422938734293,,1.9928314685821533,,
5,83489,,0.001792114693671465,,1.9964157342910767,,
5,83499,,0.001792114693671465,,1.9964157342910767,,
5,83509,,0.00358422938734293,,1.9928314685821533,,
5,83519,,0.001792114693671465,,1.9964157342910767,,
5,83529,,0.0,,2.0,,
5,83539,,0.0,,2.0,,
5,83549,,0.001792114693671465,,1.9964157342910767,,
5,83559,,0.001792114693671465,,1.9964157342910767,,
5,83569,,0.00358422938734293,,1.9928314685821533,,
5,83579,,0.0,,2.0,,
5,83589,,0.0,,2.0,,
5,83599,,0.001792114693671465,,1.9964157342910767,,
5,83609,,0.001792114693671465,,1.9964157342910767,,
5,83619,,0.008960573934018612,,1.9820787906646729,,
5,83629,,0.001792114693671465,,1.9964157342910767,,
5,83639,,0.0,,2.0,,
5,83649,,0.001792114693671465,,1.9964157342910767,,
5,83659,,0.0,,2.0,,
5,83669,,0.00358422938734293,,1.9928314685821533,,
5,83679,,0.00716845877468586,,1.9856629371643066,,
5,83689,,0.0,,2.0,,
5,83699,,0.0,,2.0,,
5,83709,,0.001792114693671465,,1.9964157342910767,,
5,83719,,0.0,,2.0,,
5,83729,,0.001792114693671465,,1.9964157342910767,,
5,83739,,0.001792114693671465,,1.9964157342910767,,
5,83749,,0.0,,2.0,,
5,83759,,0.001792114693671465,,1.9964157342910767,,
5,83769,,0.001792114693671465,,1.9964157342910767,,
5,83779,,0.00358422938734293,,1.9928314685821533,,
5,83789,,0.0,,2.0,,
5,83799,,0.001792114693671465,,1.9964157342910767,,
5,83809,,0.0,,2.0,,
5,83819,,0.00358422938734293,,1.9928314685821533,,
5,83829,,0.0,,2.0,,
5,83839,,0.001792114693671465,,1.9964157342910767,,
5,83849,,0.001792114693671465,,1.9964157342910767,,
5,83859,,0.001792114693671465,,1.9964157342910767,,
5,83869,,0.0,,2.0,,
5,83879,,0.0,,2.0,,
5,83889,,0.00358422938734293,,1.9928314685821533,,
5,83899,,0.001792114693671465,,1.9964157342910767,,
5,83909,,0.0,,2.0,,
5,83919,,0.00358422938734293,,1.9928314685821533,,
5,83929,,0.00358422938734293,,1.9928314685821533,,
5,83939,,0.001792114693671465,,1.9964157342910767,,
5,83949,,0.0,,2.0,,
5,83959,,0.001792114693671465,,1.9964157342910767,,
5,83969,,0.001792114693671465,,1.9964157342910767,,
5,83979,,0.0,,2.0,,
5,83989,,0.0,,2.0,,
5,83999,,0.001792114693671465,,1.9964157342910767,,
5,84009,,0.001792114693671465,,1.9964157342910767,,
5,84019,,0.0,,2.0,,
5,84029,,0.00358422938734293,,1.9928314685821533,,
5,84039,,0.0,,2.0,,
5,84049,,0.0,,2.0,,
5,84059,,0.00358422938734293,,1.9928314685821533,,
5,84069,,0.0,,2.0,,
5,84079,,0.001792114693671465,,1.9964157342910767,,
5,84089,,0.001792114693671465,,1.9964157342910767,,
5,84099,,0.001792114693671465,,1.9964157342910767,,
5,84109,,0.001792114693671465,,1.9964157342910767,,
5,84119,,0.001792114693671465,,1.9964157342910767,,
5,84129,,0.001792114693671465,,1.9964157342910767,,
5,84139,,0.005376344081014395,,1.9892473220825195,,
5,84149,,0.0,,2.0,,
5,84159,,0.0,,2.0,,
5,84169,,0.00358422938734293,,1.9928314685821533,,
5,84179,,0.001792114693671465,,1.9964157342910767,,
5,84189,,0.001792114693671465,,1.9964157342910767,,
5,84199,,0.001792114693671465,,1.9964157342910767,,
5,84209,,0.001792114693671465,,1.9964157342910767,,
5,84219,,0.00358422938734293,,1.9928314685821533,,
5,84229,,0.001792114693671465,,1.9964157342910767,,
5,84239,,0.001792114693671465,,1.9964157342910767,,
5,84249,,0.001792114693671465,,1.9964157342910767,,
5,84259,,0.008960573934018612,,1.9820787906646729,,
5,84269,,0.001792114693671465,,1.9964157342910767,,
5,84279,,0.0,,2.0,,
5,84289,,0.00358422938734293,,1.9928314685821533,,
5,84299,,0.005376344081014395,,1.98924720287323,,
5,84309,,0.0,,2.0,,
5,84319,,0.0,,2.0,,
5,84329,,0.0,,2.0,,
5,84339,,0.001792114693671465,,1.9964157342910767,,
5,84349,,0.001792114693671465,,1.9964157342910767,,
5,84359,,0.001792114693671465,,1.9964157342910767,,
5,84369,,0.001792114693671465,,1.9964157342910767,,
5,84379,,0.001792114693671465,,1.9964157342910767,,
5,84389,,0.0,,2.0,,
5,84399,,0.00358422938734293,,1.9928314685821533,,
5,84409,,0.001792114693671465,,1.9964157342910767,,
5,84419,,0.001792114693671465,,1.9964157342910767,,
5,84429,,0.0,,2.0,,
5,84439,,0.0,,2.0,,
5,84449,,0.0,,2.0,,
5,84459,,0.001792114693671465,,1.9964157342910767,,
5,84469,,0.001792114693671465,,1.9964157342910767,,
5,84479,,0.00358422938734293,,1.9928314685821533,,
5,84489,,0.0,,2.0,,
5,84499,,0.0,,2.0,,
5,84509,,0.0,,2.0,,
5,84519,,0.0,,2.0,,
5,84529,,0.0,,2.0,,
5,84539,,0.0,,2.0,,
5,84549,,0.001792114693671465,,1.9964157342910767,,
5,84559,,0.001792114693671465,,1.9964157342910767,,
5,84569,,0.0,,2.0,,
5,84579,,0.0,,2.0,,
5,84589,,0.00358422938734293,,1.9928314685821533,,
5,84599,,0.0,,2.0,,
5,84609,,0.0,,2.0,,
5,84619,,0.0,,2.0,,
5,84629,,0.00358422938734293,,1.9928314685821533,,
5,84639,,0.00358422938734293,,1.9928314685821533,,
5,84649,,0.001792114693671465,,1.9964157342910767,,
5,84659,,0.0,,2.0,,
5,84669,,0.0,,2.0,,
5,84679,,0.001792114693671465,,1.9964157342910767,,
5,84689,,0.005376344081014395,,1.9892473220825195,,
5,84699,,0.0,,2.0,,
5,84709,,0.00358422938734293,,1.9928314685821533,,
5,84719,,0.0,,2.0,,
5,84729,,0.001792114693671465,,1.9964157342910767,,
5,84739,,0.001792114693671465,,1.9964157342910767,,
5,84749,,0.001792114693671465,,1.9964157342910767,,
5,84759,,0.00358422938734293,,1.9928314685821533,,
5,84769,,0.001792114693671465,,1.9964157342910767,,
5,84779,,0.005376344081014395,,1.98924720287323,,
5,84789,,0.0,,2.0,,
5,84799,,0.00358422938734293,,1.9928314685821533,,
5,84809,,0.001792114693671465,,1.9964157342910767,,
5,84819,,0.0,,2.0,,
5,84829,,0.001792114693671465,,1.9964157342910767,,
5,84839,,0.0,,2.0,,
5,84849,,0.0,,2.0,,
5,84859,,0.00358422938734293,,1.9928314685821533,,
5,84869,,0.001792114693671465,,1.9964157342910767,,
5,84879,,0.00358422938734293,,1.9928314685821533,,
5,84889,,0.00358422938734293,,1.9928314685821533,,
5,84899,,0.0,,2.0,,
5,84909,,0.001792114693671465,,1.9964157342910767,,
5,84919,,0.001792114693671465,,1.9964157342910767,,
5,84929,,0.00358422938734293,,1.9928314685821533,,
5,84939,,0.00358422938734293,,1.9928314685821533,,
5,84949,,0.00358422938734293,,1.9928314685821533,,
5,84959,,0.001792114693671465,,1.9964157342910767,,
5,84969,,0.0,,2.0,,
5,84979,,0.0,,2.0,,
5,84989,,0.00716845877468586,,1.9856629371643066,,
5,84999,,0.0,,2.0,,
5,85009,,0.00358422938734293,,1.9928314685821533,,
5,85019,,0.0,,2.0,,
5,85029,,0.0,,2.0,,
5,85039,,0.00358422938734293,,1.9928314685821533,,
5,85049,,0.0,,2.0,,
5,85059,,0.0,,2.0,,
5,85069,,0.001792114693671465,,1.9964157342910767,,
5,85079,,0.00358422938734293,,1.9928314685821533,,
5,85089,,0.00358422938734293,,1.9928314685821533,,
5,85099,,0.001792114693671465,,1.9964157342910767,,
5,85109,,0.001792114693671465,,1.9964157342910767,,
5,85119,,0.001792114693671465,,1.9964157342910767,,
5,85129,,0.005376344081014395,,1.9892473220825195,,
5,85139,,0.001792114693671465,,1.9964157342910767,,
5,85149,,0.005376344081014395,,1.9892473220825195,,
5,85159,,0.0,,2.0,,
5,85169,,0.001792114693671465,,1.9964157342910767,,
5,85179,,0.001792114693671465,,1.9964157342910767,,
5,85189,,0.001792114693671465,,1.9964157342910767,,
5,85199,,0.0,,2.0,,
5,85209,,0.001792114693671465,,1.9964157342910767,,
5,85219,,0.0,,2.0,,
5,85229,,0.001792114693671465,,1.9964157342910767,,
5,85239,,0.001792114693671465,,1.9964157342910767,,
5,85249,,0.0,,2.0,,
5,85259,,0.0,,2.0,,
5,85269,,0.0,,2.0,,
5,85279,,0.0,,2.0,,
5,85289,,0.0,,2.0,,
5,85299,,0.001792114693671465,,1.9964157342910767,,
5,85309,,0.00358422938734293,,1.9928314685821533,,
5,85319,,0.0,,2.0,,
5,85329,,0.0,,2.0,,
5,85339,,0.00358422938734293,,1.9928314685821533,,
5,85349,,0.001792114693671465,,1.9964157342910767,,
5,85359,,0.0,,2.0,,
5,85369,,0.001792114693671465,,1.9964157342910767,,
5,85379,,0.0,,2.0,,
5,85389,,0.0,,2.0,,
5,85399,,0.001792114693671465,,1.9964157342910767,,
5,85409,,0.005376344081014395,,1.9892473220825195,,
5,85419,,0.00358422938734293,,1.9928314685821533,,
5,85429,,0.001792114693671465,,1.9964157342910767,,
5,85439,,0.001792114693671465,,1.9964157342910767,,
5,85449,,0.001792114693671465,,1.9964157342910767,,
5,85459,,0.0,,2.0,,
5,85469,,0.001792114693671465,,1.9964157342910767,,
5,85479,,0.00358422938734293,,1.9928314685821533,,
5,85489,,0.0,,2.0,,
5,85499,,0.001792114693671465,,1.9964157342910767,,
5,85509,,0.0,,2.0,,
5,85519,,0.0,,2.0,,
5,85529,,0.0,,2.0,,
5,85539,,0.0,,2.0,,
5,85549,,0.00358422938734293,,1.9928314685821533,,
5,85559,,0.001792114693671465,,1.9964157342910767,,
5,85569,,0.00358422938734293,,1.9928314685821533,,
5,85579,,0.0,,2.0,,
5,85589,,0.001792114693671465,,1.9964157342910767,,
5,85599,,0.0,,2.0,,
5,85609,,0.00358422938734293,,1.9928314685821533,,
5,85619,,0.00358422938734293,,1.9928314685821533,,
5,85629,,0.0,,2.0,,
5,85639,,0.0,,2.0,,
5,85649,,0.0,,2.0,,
5,85659,,0.0,,2.0,,
5,85669,,0.00358422938734293,,1.9928314685821533,,
5,85679,,0.001792114693671465,,1.9964157342910767,,
5,85689,,0.0,,2.0,,
5,85699,,0.00358422938734293,,1.9928314685821533,,
5,85709,,0.0,,2.0,,
5,85719,,0.001792114693671465,,1.9964157342910767,,
5,85729,,0.001792114693671465,,1.9964157342910767,,
5,85739,,0.001792114693671465,,1.9964157342910767,,
5,85749,,0.0,,2.0,,
5,85759,,0.00358422938734293,,1.9928314685821533,,
5,85769,,0.001792114693671465,,1.9964157342910767,,
5,85779,,0.001792114693671465,,1.9964157342910767,,
5,85789,,0.00358422938734293,,1.9928314685821533,,
5,85799,,0.005376344081014395,,1.98924720287323,,
5,85809,,0.001792114693671465,,1.9964157342910767,,
5,85819,,0.005376344081014395,,1.98924720287323,,
5,85829,,0.0,,2.0,,
5,85839,,0.0,,2.0,,
5,85849,,0.0,,2.0,,
5,85859,,0.001792114693671465,,1.9964157342910767,,
5,85869,,0.001792114693671465,,1.9964157342910767,,
5,85879,,0.00716845877468586,,1.9856629371643066,,
5,85889,,0.001792114693671465,,1.9964157342910767,,
5,85899,,0.001792114693671465,,1.9964157342910767,,
5,85909,,0.0,,2.0,,
5,85919,,0.0,,2.0,,
5,85929,,0.00358422938734293,,1.9928314685821533,,
5,85939,,0.00358422938734293,,1.9928314685821533,,
5,85949,,0.00716845877468586,,1.9856630563735962,,
5,85959,,0.0,,2.0,,
5,85969,,0.0,,2.0,,
5,85979,,0.005376344081014395,,1.9892473220825195,,
5,85989,,0.001792114693671465,,1.9964157342910767,,
5,85999,,0.0,,2.0,,
5,86009,,0.0,,2.0,,
5,86019,,0.001792114693671465,,1.9964157342910767,,
5,86029,,0.001792114693671465,,1.9964157342910767,,
5,86039,,0.0,,2.0,,
5,86049,,0.0,,2.0,,
5,86059,,0.00358422938734293,,1.9928314685821533,,
5,86069,,0.001792114693671465,,1.9964157342910767,,
5,86079,,0.005376344081014395,,1.9892473220825195,,
5,86089,,0.0,,2.0,,
5,86099,,0.0,,2.0,,
5,86109,,0.0,,2.0,,
5,86119,,0.00358422938734293,,1.9928314685821533,,
5,86129,,0.0,,2.0,,
5,86139,,0.0,,2.0,,
5,86149,,0.0,,2.0,,
5,86159,,0.00358422938734293,,1.9928314685821533,,
5,86169,,0.0,,2.0,,
5,86179,,0.0,,2.0,,
5,86189,,0.005376344081014395,,1.98924720287323,,
5,86199,,0.001792114693671465,,1.9964157342910767,,
5,86209,,0.0,,2.0,,
5,86219,,0.001792114693671465,,1.9964157342910767,,
5,86229,,0.0,,2.0,,
5,86239,,0.0,,2.0,,
5,86249,,0.001792114693671465,,1.9964157342910767,,
5,86259,,0.001792114693671465,,1.9964157342910767,,
5,86269,,0.0,,2.0,,
5,86279,,0.0,,2.0,,
5,86289,,0.005376344081014395,,1.9892473220825195,,
5,86299,,0.005376344081014395,,1.9892473220825195,,
5,86309,,0.001792114693671465,,1.9964157342910767,,
5,86319,,0.0,,2.0,,
5,86329,,0.001792114693671465,,1.9964157342910767,,
5,86339,,0.0,,2.0,,
5,86349,,0.0,,2.0,,
5,86359,,0.00358422938734293,,1.9928314685821533,,
5,86369,,0.005376344081014395,,1.9892473220825195,,
5,86379,,0.00358422938734293,,1.9928314685821533,,
5,86389,,0.001792114693671465,,1.9964157342910767,,
5,86399,,0.001792114693671465,,1.9964157342910767,,
5,86409,,0.00358422938734293,,1.9928314685821533,,
5,86419,,0.0,,2.0,,
5,86429,,0.00358422938734293,,1.9928314685821533,,
5,86439,,0.00358422938734293,,1.9928314685821533,,
5,86449,,0.001792114693671465,,1.9964157342910767,,
5,86459,,0.00358422938734293,,1.9928314685821533,,
5,86469,,0.0,,2.0,,
5,86479,,0.001792114693671465,,1.9964157342910767,,
5,86489,,0.00358422938734293,,1.9928314685821533,,
5,86499,,0.001792114693671465,,1.9964157342910767,,
5,86509,,0.001792114693671465,,1.9964157342910767,,
5,86519,,0.001792114693671465,,1.9964157342910767,,
5,86529,,0.00358422938734293,,1.9928314685821533,,
5,86539,,0.001792114693671465,,1.9964157342910767,,
5,86549,,0.001792114693671465,,1.9964157342910767,,
5,86559,,0.00358422938734293,,1.9928314685821533,,
5,86569,,0.0,,2.0,,
5,86579,,0.005376344081014395,,1.9892473220825195,,
5,86589,,0.0,,2.0,,
5,86599,,0.001792114693671465,,1.9964157342910767,,
5,86609,,0.00358422938734293,,1.9928314685821533,,
5,86619,,0.00716845877468586,,1.9856630563735962,,
5,86629,,0.001792114693671465,,1.9964157342910767,,
5,86639,,0.0,,2.0,,
5,86649,,0.00358422938734293,,1.9928314685821533,,
5,86659,,0.0,,2.0,,
5,86669,,0.0,,2.0,,
5,86679,,0.0,,2.0,,
5,86689,,0.001792114693671465,,1.9964157342910767,,
5,86699,,0.001792114693671465,,1.9964157342910767,,
5,86709,,0.00358422938734293,,1.9928314685821533,,
5,86719,,0.0,,2.0,,
5,86729,,0.001792114693671465,,1.9964157342910767,,
5,86739,,0.001792114693671465,,1.9964157342910767,,
5,86749,,0.00358422938734293,,1.9928314685821533,,
5,86759,,0.0,,2.0,,
5,86769,,0.0,,2.0,,
5,86779,,0.0,,2.0,,
5,86789,,0.0,,2.0,,
5,86799,,0.0,,2.0,,
5,86809,,0.0,,2.0,,
5,86819,,0.005376344081014395,,1.9892473220825195,,
5,86829,,0.00358422938734293,,1.9928314685821533,,
5,86839,,0.005376344081014395,,1.9892473220825195,,
5,86849,,0.005376344081014395,,1.98924720287323,,
5,86859,,0.0,,2.0,,
5,86869,,0.005376344081014395,,1.98924720287323,,
5,86879,,0.001792114693671465,,1.9964157342910767,,
5,86889,,0.001792114693671465,,1.9964157342910767,,
5,86899,,0.00358422938734293,,1.9928314685821533,,
5,86909,,0.00358422938734293,,1.9928314685821533,,
5,86919,,0.00358422938734293,,1.9928314685821533,,
5,86929,,0.001792114693671465,,1.9964157342910767,,
5,86939,,0.001792114693671465,,1.9964157342910767,,
5,86949,,0.001792114693671465,,1.9964157342910767,,
5,86959,,0.005376344081014395,,1.9892473220825195,,
5,86969,,0.0,,2.0,,
5,86979,,0.0,,2.0,,
5,86989,,0.001792114693671465,,1.9964157342910767,,
5,86999,,0.0,,2.0,,
5,87009,,0.0,,2.0,,
5,87019,,0.001792114693671465,,1.9964157342910767,,
5,87029,,0.00358422938734293,,1.9928314685821533,,
5,87039,,0.005376344081014395,,1.9892473220825195,,
5,87049,,0.0,,2.0,,
5,87059,,0.0,,2.0,,
5,87069,,0.0,,2.0,,
5,87079,,0.00358422938734293,,1.9928314685821533,,
5,87089,,0.0,,2.0,,
5,87099,,0.0,,2.0,,
5,87109,,0.0,,2.0,,
5,87119,,0.001792114693671465,,1.9964157342910767,,
5,87129,,0.001792114693671465,,1.9964157342910767,,
5,87139,,0.00358422938734293,,1.9928314685821533,,
5,87149,,0.0,,2.0,,
5,87159,,0.00358422938734293,,1.9928314685821533,,
5,87169,,0.00716845877468586,,1.9856629371643066,,
5,87179,,0.0,,2.0,,
5,87189,,0.0,,2.0,,
5,87199,,0.0,,2.0,,
5,87209,,0.001792114693671465,,1.9964157342910767,,
5,87219,,0.001792114693671465,,1.9964157342910767,,
5,87229,,0.0,,2.0,,
5,87239,,0.00358422938734293,,1.9928314685821533,,
5,87249,,0.001792114693671465,,1.9964157342910767,,
5,87259,,0.005376344081014395,,1.9892473220825195,,
5,87269,,0.001792114693671465,,1.9964157342910767,,
5,87279,,0.00358422938734293,,1.9928314685821533,,
5,87289,,0.001792114693671465,,1.9964157342910767,,
5,87299,,0.001792114693671465,,1.9964157342910767,,
5,87309,,0.0,,2.0,,
5,87319,,0.001792114693671465,,1.9964157342910767,,
5,87329,,0.0,,2.0,,
5,87339,,0.0,,2.0,,
5,87349,,0.0,,2.0,,
5,87359,,0.00358422938734293,,1.9928314685821533,,
5,87369,,0.0,,2.0,,
5,87379,,0.0,,2.0,,
5,87389,,0.0,,2.0,,
5,87399,,0.0,,2.0,,
5,87409,,0.001792114693671465,,1.9964157342910767,,
5,87419,,0.00358422938734293,,1.9928314685821533,,
5,87429,,0.001792114693671465,,1.9964157342910767,,
5,87439,,0.0,,2.0,,
5,87449,,0.0,,2.0,,
5,87459,,0.005376344081014395,,1.9892473220825195,,
5,87469,,0.0,,2.0,,
5,87479,,0.0,,2.0,,
5,87489,,0.001792114693671465,,1.9964157342910767,,
5,87499,,0.001792114693671465,,1.9964157342910767,,
5,87509,,0.0,,2.0,,
5,87519,,0.0,,2.0,,
5,87529,,0.001792114693671465,,1.9964157342910767,,
5,87539,,0.0,,2.0,,
5,87549,,0.001792114693671465,,1.9964157342910767,,
5,87559,,0.005376344081014395,,1.9892473220825195,,
5,87569,,0.001792114693671465,,1.9964157342910767,,
5,87579,,0.00358422938734293,,1.9928314685821533,,
5,87589,,0.001792114693671465,,1.9964157342910767,,
5,87599,,0.0,,2.0,,
5,87609,,0.0,,2.0,,
5,87619,,0.0,,2.0,,
5,87629,,0.0,,2.0,,
5,87639,,0.001792114693671465,,1.9964157342910767,,
5,87649,,0.001792114693671465,,1.9964157342910767,,
5,87659,,0.0,,2.0,,
5,87669,,0.0,,2.0,,
5,87679,,0.00358422938734293,,1.9928314685821533,,
5,87689,,0.001792114693671465,,1.9964157342910767,,
5,87699,,0.00358422938734293,,1.9928314685821533,,
5,87709,,0.0,,2.0,,
5,87719,,0.00358422938734293,,1.9928314685821533,,
5,87729,,0.0,,2.0,,
5,87739,,0.0,,2.0,,
5,87749,,0.001792114693671465,,1.9964157342910767,,
5,87759,,0.0,,2.0,,
5,87769,,0.0,,2.0,,
5,87779,,0.00358422938734293,,1.9928314685821533,,
5,87789,,0.00358422938734293,,1.9928314685821533,,
5,87799,,0.00358422938734293,,1.9928314685821533,,
5,87809,,0.001792114693671465,,1.9964157342910767,,
5,87819,,0.00358422938734293,,1.9928314685821533,,
5,87829,,0.005376344081014395,,1.98924720287323,,
5,87839,,0.0,,2.0,,
5,87849,,0.0,,2.0,,
5,87859,,0.0,,2.0,,
5,87869,,0.001792114693671465,,1.9964157342910767,,
5,87879,,0.001792114693671465,,1.9964157342910767,,
5,87889,,0.001792114693671465,,1.9964157342910767,,
5,87899,,0.0,,2.0,,
5,87909,,0.00358422938734293,,1.9928314685821533,,
5,87919,,0.001792114693671465,,1.9964157342910767,,
5,87929,,0.0,,2.0,,
5,87939,,0.001792114693671465,,1.9964157342910767,,
5,87949,,0.0,,2.0,,
5,87959,,0.0,,2.0,,
5,87969,,0.001792114693671465,,1.9964157342910767,,
5,87979,,0.00358422938734293,,1.9928314685821533,,
5,87989,,0.001792114693671465,,1.9964157342910767,,
5,87999,,0.00716845877468586,,1.9856630563735962,,
5,88009,,0.0,,2.0,,
5,88019,,0.0,,2.0,,
5,88029,,0.001792114693671465,,1.9964157342910767,,
5,88039,,0.0,,2.0,,
5,88049,,0.0,,2.0,,
5,88059,,0.001792114693671465,,1.9964157342910767,,
5,88069,,0.00358422938734293,,1.9928314685821533,,
5,88079,,0.0,,2.0,,
5,88089,,0.001792114693671465,,1.9964157342910767,,
5,88099,,0.001792114693671465,,1.9964157342910767,,
5,88109,,0.0,,2.0,,
5,88119,,0.0,,2.0,,
5,88129,,0.0,,2.0,,
5,88139,,0.0,,2.0,,
5,88149,,0.0,,2.0,,
5,88159,,0.001792114693671465,,1.9964157342910767,,
5,88169,,0.0,,2.0,,
5,88179,,0.001792114693671465,,1.9964157342910767,,
5,88189,,0.00358422938734293,,1.9928314685821533,,
5,88199,,0.001792114693671465,,1.9964157342910767,,
5,88209,,0.001792114693671465,,1.9964157342910767,,
5,88219,,0.005376344081014395,,1.98924720287323,,
5,88229,,0.001792114693671465,,1.9964157342910767,,
5,88239,,0.001792114693671465,,1.9964157342910767,,
5,88249,,0.0,,2.0,,
5,88259,,0.0,,2.0,,
5,88269,,0.005376344081014395,,1.9892473220825195,,
5,88279,,0.0,,2.0,,
5,88289,,0.0,,2.0,,
5,88299,,0.001792114693671465,,1.9964157342910767,,
5,88309,,0.001792114693671465,,1.9964157342910767,,
5,88319,,0.001792114693671465,,1.9964157342910767,,
5,88329,,0.0,,2.0,,
5,88339,,0.0,,2.0,,
5,88349,,0.0,,2.0,,
5,88359,,0.0,,2.0,,
5,88369,,0.00358422938734293,,1.9928314685821533,,
5,88379,,0.005376344081014395,,1.98924720287323,,
5,88389,,0.0,,2.0,,
5,88399,,0.001792114693671465,,1.9964157342910767,,
5,88409,,0.001792114693671465,,1.9964157342910767,,
5,88419,,0.0,,2.0,,
5,88429,,0.00358422938734293,,1.9928314685821533,,
5,88439,,0.0,,2.0,,
5,88449,,0.001792114693671465,,1.9964157342910767,,
5,88459,,0.0,,2.0,,
5,88469,,0.00358422938734293,,1.9928314685821533,,
5,88479,,0.001792114693671465,,1.9964157342910767,,
5,88489,,0.0,,2.0,,
5,88499,,0.0,,2.0,,
5,88509,,0.00358422938734293,,1.9928314685821533,,
5,88519,,0.0,,2.0,,
5,88529,,0.001792114693671465,,1.9964157342910767,,
5,88539,,0.0,,2.0,,
5,88549,,0.00358422938734293,,1.9928314685821533,,
5,88559,,0.0,,2.0,,
5,88569,,0.0,,2.0,,
5,88579,,0.001792114693671465,,1.9964157342910767,,
5,88589,,0.00358422938734293,,1.9928314685821533,,
5,88599,,0.0,,2.0,,
5,88609,,0.0,,2.0,,
5,88619,,0.00358422938734293,,1.9928314685821533,,
5,88629,,0.001792114693671465,,1.9964157342910767,,
5,88639,,0.001792114693671465,,1.9964157342910767,,
5,88649,,0.0,,2.0,,
5,88659,,0.001792114693671465,,1.9964157342910767,,
5,88669,,0.0,,2.0,,
5,88679,,0.0,,2.0,,
5,88689,,0.0,,2.0,,
5,88699,,0.0,,2.0,,
5,88709,,0.0,,2.0,,
5,88719,,0.0,,2.0,,
5,88729,,0.00358422938734293,,1.9928314685821533,,
5,88739,,0.005376344081014395,,1.98924720287323,,
5,88749,,0.0,,2.0,,
5,88759,,0.001792114693671465,,1.9964157342910767,,
5,88769,,0.0,,2.0,,
5,88779,,0.00358422938734293,,1.9928314685821533,,
5,88789,,0.005376344081014395,,1.9892473220825195,,
5,88799,,0.0,,2.0,,
5,88809,,0.0,,2.0,,
5,88819,,0.0,,2.0,,
5,88829,,0.00716845877468586,,1.9856629371643066,,
5,88839,,0.0,,2.0,,
5,88849,,0.0,,2.0,,
5,88859,,0.005376344081014395,,1.9892473220825195,,
5,88869,,0.0,,2.0,,
5,88879,,0.001792114693671465,,1.9964157342910767,,
5,88889,,0.00358422938734293,,1.9928314685821533,,
5,88899,,0.005376344081014395,,1.98924720287323,,
5,88909,,0.00358422938734293,,1.9928314685821533,,
5,88919,,0.001792114693671465,,1.9964157342910767,,
5,88929,,0.00358422938734293,,1.9928314685821533,,
5,88939,,0.0,,2.0,,
5,88949,,0.005376344081014395,,1.9892473220825195,,
5,88959,,0.00358422938734293,,1.9928314685821533,,
5,88969,,0.00358422938734293,,1.9928314685821533,,
5,88979,,0.00358422938734293,,1.9928314685821533,,
5,88989,,0.0,,2.0,,
5,88999,,0.001792114693671465,,1.9964157342910767,,
5,89009,,0.00358422938734293,,1.9928314685821533,,
5,89019,,0.0,,2.0,,
5,89029,,0.0,,2.0,,
5,89039,,0.001792114693671465,,1.9964157342910767,,
5,89049,,0.001792114693671465,,1.9964157342910767,,
5,89059,,0.0,,2.0,,
5,89069,,0.001792114693671465,,1.9964157342910767,,
5,89079,,0.001792114693671465,,1.9964157342910767,,
5,89089,,0.00358422938734293,,1.9928314685821533,,
5,89099,,0.001792114693671465,,1.9964157342910767,,
5,89109,,0.005376344081014395,,1.9892473220825195,,
5,89119,,0.001792114693671465,,1.9964157342910767,,
5,89129,,0.0,,2.0,,
5,89139,,0.005376344081014395,,1.98924720287323,,
5,89149,,0.0,,2.0,,
5,89159,,0.00358422938734293,,1.9928314685821533,,
5,89169,,0.0,,2.0,,
5,89179,,0.0,,2.0,,
5,89189,,0.001792114693671465,,1.9964157342910767,,
5,89199,,0.0,,2.0,,
5,89209,,0.00358422938734293,,1.9928314685821533,,
5,89219,,0.001792114693671465,,1.9964157342910767,,
5,89229,,0.001792114693671465,,1.9964157342910767,,
5,89239,,0.00358422938734293,,1.9928314685821533,,
5,89249,,0.001792114693671465,,1.9964157342910767,,
5,89259,,0.001792114693671465,,1.9964157342910767,,
5,89269,,0.00358422938734293,,1.9928314685821533,,
5,89279,,0.005376344081014395,,1.9892473220825195,,
5,89289,,0.005376344081014395,,1.9892473220825195,,
5,89299,,0.0,,2.0,,
5,89309,,0.00358422938734293,,1.9928314685821533,,
5,89319,,0.005376344081014395,,1.98924720287323,,
5,89329,,0.0,,2.0,,
5,89339,,0.0,,2.0,,
5,89349,,0.005376344081014395,,1.9892473220825195,,
5,89359,,0.0,,2.0,,
5,89369,,0.0,,2.0,,
5,89379,,0.0,,2.0,,
5,89389,,0.001792114693671465,,1.9964157342910767,,
5,89399,,0.001792114693671465,,1.9964157342910767,,
5,89409,,0.0,,2.0,,
5,89419,,0.001792114693671465,,1.9964157342910767,,
5,89429,,0.001792114693671465,,1.9964157342910767,,
5,89439,,0.00358422938734293,,1.9928314685821533,,
5,89449,,0.00358422938734293,,1.9928314685821533,,
5,89459,,0.00716845877468586,,1.9856630563735962,,
5,89469,,0.0,,2.0,,
5,89479,,0.001792114693671465,,1.9964157342910767,,
5,89489,,0.00358422938734293,,1.9928314685821533,,
5,89499,,0.001792114693671465,,1.9964157342910767,,
5,89509,,0.001792114693671465,,1.9964157342910767,,
5,89519,,0.00358422938734293,,1.9928314685821533,,
5,89529,,0.0,,2.0,,
5,89539,,0.001792114693671465,,1.9964157342910767,,
5,89549,,0.001792114693671465,,1.9964157342910767,,
5,89559,,0.00358422938734293,,1.9928314685821533,,
5,89569,,0.00358422938734293,,1.9928314685821533,,
5,89579,,0.0,,2.0,,
5,89589,,0.001792114693671465,,1.9964157342910767,,
5,89599,,0.0,,2.0,,
5,89609,,0.0,,2.0,,
5,89619,,0.0,,2.0,,
5,89629,,0.00358422938734293,,1.9928314685821533,,
5,89639,,0.00358422938734293,,1.9928314685821533,,
5,89649,,0.008960573934018612,,1.9820787906646729,,
5,89659,,0.0,,2.0,,
5,89669,,0.001792114693671465,,1.9964157342910767,,
5,89679,,0.0,,2.0,,
5,89689,,0.001792114693671465,,1.9964157342910767,,
5,89699,,0.001792114693671465,,1.9964157342910767,,
5,89709,,0.00358422938734293,,1.9928314685821533,,
5,89719,,0.0,,2.0,,
5,89729,,0.001792114693671465,,1.9964157342910767,,
5,89739,,0.00716845877468586,,1.9856630563735962,,
5,89749,,0.0,,2.0,,
5,89759,,0.00358422938734293,,1.9928314685821533,,
5,89769,,0.00358422938734293,,1.9928314685821533,,
5,89779,,0.0,,2.0,,
5,89789,,0.00358422938734293,,1.9928314685821533,,
5,89799,,0.00358422938734293,,1.9928314685821533,,
5,89809,,0.001792114693671465,,1.9964157342910767,,
5,89819,,0.0,,2.0,,
5,89829,,0.001792114693671465,,1.9964157342910767,,
5,89839,,0.001792114693671465,,1.9964157342910767,,
5,89849,,0.0,,2.0,,
5,89859,,0.001792114693671465,,1.9964157342910767,,
5,89869,,0.00358422938734293,,1.9928314685821533,,
5,89879,,0.0,,2.0,,
5,89889,,0.001792114693671465,,1.9964157342910767,,
5,89899,,0.0,,2.0,,
5,89909,,0.00358422938734293,,1.9928314685821533,,
5,89919,,0.001792114693671465,,1.9964157342910767,,
5,89929,,0.0,,2.0,,
5,89939,,0.001792114693671465,,1.9964157342910767,,
5,89949,,0.0,,2.0,,
5,89959,,0.001792114693671465,,1.9964157342910767,,
5,89969,,0.0,,2.0,,
5,89979,,0.0,,2.0,,
5,89989,,0.0,,2.0,,
5,89999,,0.0,,2.0,,
5,90009,,0.001792114693671465,,1.9964157342910767,,
5,90019,,0.001792114693671465,,1.9964157342910767,,
5,90029,,0.001792114693671465,,1.9964157342910767,,
5,90039,,0.001792114693671465,,1.9964157342910767,,
5,90049,,0.0,,2.0,,
5,90059,,0.0,,2.0,,
5,90069,,0.001792114693671465,,1.9964157342910767,,
5,90079,,0.00358422938734293,,1.9928314685821533,,
5,90089,,0.005376344081014395,,1.98924720287323,,
5,90099,,0.0,,2.0,,
5,90109,,0.0,,2.0,,
5,90119,,0.0,,2.0,,
5,90129,,0.001792114693671465,,1.9964157342910767,,
5,90139,,0.0,,2.0,,
5,90149,,0.0,,2.0,,
5,90159,,0.001792114693671465,,1.9964157342910767,,
5,90169,,0.001792114693671465,,1.9964157342910767,,
5,90179,,0.0,,2.0,,
5,90189,,0.0,,2.0,,
5,90199,,0.00358422938734293,,1.9928314685821533,,
5,90209,,0.001792114693671465,,1.9964157342910767,,
5,90219,,0.001792114693671465,,1.9964157342910767,,
5,90229,,0.0,,2.0,,
5,90239,,0.001792114693671465,,1.9964157342910767,,
5,90249,,0.0,,2.0,,
5,90259,,0.005376344081014395,,1.98924720287323,,
5,90269,,0.001792114693671465,,1.9964157342910767,,
5,90279,,0.0,,2.0,,
5,90289,,0.00358422938734293,,1.9928314685821533,,
5,90299,,0.00358422938734293,,1.9928314685821533,,
5,90309,,0.0,,2.0,,
5,90319,,0.001792114693671465,,1.9964157342910767,,
5,90329,,0.0,,2.0,,
5,90339,,0.0,,2.0,,
5,90349,,0.0,,2.0,,
5,90359,,0.001792114693671465,,1.9964157342910767,,
5,90369,,0.001792114693671465,,1.9964157342910767,,
5,90379,,0.00358422938734293,,1.9928314685821533,,
5,90389,,0.0,,2.0,,
5,90399,,0.0,,2.0,,
5,90409,,0.005376344081014395,,1.9892473220825195,,
5,90419,,0.0,,2.0,,
5,90429,,0.0,,2.0,,
5,90439,,0.001792114693671465,,1.9964157342910767,,
5,90449,,0.0,,2.0,,
5,90459,,0.005376344081014395,,1.98924720287323,,
5,90469,,0.001792114693671465,,1.9964157342910767,,
5,90479,,0.00358422938734293,,1.9928314685821533,,
5,90489,,0.0,,2.0,,
5,90499,,0.00358422938734293,,1.9928314685821533,,
5,90509,,0.0,,2.0,,
5,90519,,0.0,,2.0,,
5,90529,,0.00358422938734293,,1.9928314685821533,,
5,90539,,0.00358422938734293,,1.9928314685821533,,
5,90549,,0.005376344081014395,,1.9892473220825195,,
5,90559,,0.0,,2.0,,
5,90569,,0.0,,2.0,,
5,90579,,0.001792114693671465,,1.9964157342910767,,
5,90589,,0.00358422938734293,,1.9928314685821533,,
5,90599,,0.0,,2.0,,
5,90609,,0.005376344081014395,,1.98924720287323,,
5,90619,,0.00358422938734293,,1.9928314685821533,,
5,90629,,0.001792114693671465,,1.9964157342910767,,
5,90639,,0.0,,2.0,,
5,90649,,0.005376344081014395,,1.9892473220825195,,
5,90659,,0.0,,2.0,,
5,90669,,0.00358422938734293,,1.9928314685821533,,
5,90679,,0.0,,2.0,,
5,90689,,0.001792114693671465,,1.9964157342910767,,
5,90699,,0.001792114693671465,,1.9964157342910767,,
5,90709,,0.0,,2.0,,
5,90719,,0.00358422938734293,,1.9928314685821533,,
5,90729,,0.001792114693671465,,1.9964157342910767,,
5,90739,,0.0,,2.0,,
5,90749,,0.001792114693671465,,1.9964157342910767,,
5,90759,,0.00358422938734293,,1.9928314685821533,,
5,90769,,0.0,,2.0,,
5,90779,,0.005376344081014395,,1.98924720287323,,
5,90789,,0.0,,2.0,,
5,90799,,0.0,,2.0,,
5,90809,,0.001792114693671465,,1.9964157342910767,,
5,90819,,0.0,,2.0,,
5,90829,,0.001792114693671465,,1.9964157342910767,,
5,90839,,0.001792114693671465,,1.9964157342910767,,
5,90849,,0.001792114693671465,,1.9964157342910767,,
5,90859,,0.001792114693671465,,1.9964157342910767,,
5,90869,,0.0,,2.0,,
5,90879,,0.001792114693671465,,1.9964157342910767,,
5,90889,,0.001792114693671465,,1.9964157342910767,,
5,90899,,0.0,,2.0,,
5,90909,,0.00358422938734293,,1.9928314685821533,,
5,90919,,0.005376344081014395,,1.98924720287323,,
5,90929,,0.001792114693671465,,1.9964157342910767,,
5,90939,,0.00358422938734293,,1.9928314685821533,,
5,90949,,0.001792114693671465,,1.9964157342910767,,
5,90959,,0.001792114693671465,,1.9964157342910767,,
5,90969,,0.0,,2.0,,
5,90979,,0.0,,2.0,,
5,90989,,0.0,,2.0,,
5,90999,,0.001792114693671465,,1.9964157342910767,,
5,91009,,0.001792114693671465,,1.9964157342910767,,
5,91019,,0.005376344081014395,,1.9892473220825195,,
5,91029,,0.005376344081014395,,1.9892473220825195,,
5,91039,,0.001792114693671465,,1.9964157342910767,,
5,91049,,0.00358422938734293,,1.9928314685821533,,
5,91059,,0.001792114693671465,,1.9964157342910767,,
5,91069,,0.001792114693671465,,1.9964157342910767,,
5,91079,,0.0,,2.0,,
5,91089,,0.0,,2.0,,
5,91099,,0.001792114693671465,,1.9964157342910767,,
5,91109,,0.00358422938734293,,1.9928314685821533,,
5,91119,,0.0,,2.0,,
5,91129,,0.005376344081014395,,1.9892473220825195,,
5,91139,,0.001792114693671465,,1.9964157342910767,,
5,91149,,0.005376344081014395,,1.98924720287323,,
5,91159,,0.0,,2.0,,
5,91169,,0.0,,2.0,,
5,91179,,0.0,,2.0,,
5,91189,,0.00358422938734293,,1.9928314685821533,,
5,91199,,0.001792114693671465,,1.9964157342910767,,
5,91209,,0.001792114693671465,,1.9964157342910767,,
5,91219,,0.0,,2.0,,
5,91229,,0.0,,2.0,,
5,91239,,0.001792114693671465,,1.9964157342910767,,
5,91249,,0.0,,2.0,,
5,91259,,0.001792114693671465,,1.9964157342910767,,
5,91269,,0.0,,2.0,,
5,91279,,0.00358422938734293,,1.9928314685821533,,
5,91289,,0.001792114693671465,,1.9964157342910767,,
5,91299,,0.001792114693671465,,1.9964157342910767,,
5,91309,,0.001792114693671465,,1.9964157342910767,,
5,91319,,0.0,,2.0,,
5,91329,,0.0,,2.0,,
5,91339,,0.005376344081014395,,1.9892473220825195,,
5,91349,,0.001792114693671465,,1.9964157342910767,,
5,91359,,0.005376344081014395,,1.98924720287323,,
5,91369,,0.0,,2.0,,
5,91379,,0.00358422938734293,,1.9928314685821533,,
5,91389,,0.0,,2.0,,
5,91399,,0.001792114693671465,,1.9964157342910767,,
5,91409,,0.0,,2.0,,
5,91419,,0.005376344081014395,,1.98924720287323,,
5,91429,,0.0,,2.0,,
5,91439,,0.005376344081014395,,1.98924720287323,,
5,91449,,0.001792114693671465,,1.9964157342910767,,
5,91459,,0.0,,2.0,,
5,91469,,0.01075268816202879,,1.97849440574646,,
5,91479,,0.001792114693671465,,1.9964157342910767,,
5,91489,,0.00358422938734293,,1.9928314685821533,,
5,91499,,0.0,,2.0,,
5,91509,,0.0,,2.0,,
5,91519,,0.00358422938734293,,1.9928314685821533,,
5,91529,,0.0,,2.0,,
5,91539,,0.00358422938734293,,1.9928314685821533,,
5,91549,,0.001792114693671465,,1.9964157342910767,,
5,91559,,0.0,,2.0,,
5,91569,,0.005376344081014395,,1.98924720287323,,
5,91579,,0.0,,2.0,,
5,91589,,0.0,,2.0,,
5,91599,,0.00358422938734293,,1.9928314685821533,,
5,91609,,0.0,,2.0,,
5,91619,,0.0,,2.0,,
5,91629,,0.001792114693671465,,1.9964157342910767,,
5,91639,,0.001792114693671465,,1.9964157342910767,,
5,91649,,0.00358422938734293,,1.9928314685821533,,
5,91659,,0.0,,2.0,,
5,91669,,0.0,,2.0,,
5,91679,,0.001792114693671465,,1.9964157342910767,,
5,91689,,0.001792114693671465,,1.9964157342910767,,
5,91699,,0.0,,2.0,,
5,91709,,0.001792114693671465,,1.9964157342910767,,
5,91719,,0.001792114693671465,,1.9964157342910767,,
5,91727,,,,,0.0017686699284240603,1.9964627027511597
5,91727,0.001804423169232905,,1.9963911771774292,,,
6,91729,,0.0,,2.0,,
6,91739,,0.00358422938734293,,1.9928314685821533,,
6,91749,,0.0,,2.0,,
6,91759,,0.001792114693671465,,1.9964157342910767,,
6,91769,,0.001792114693671465,,1.9964157342910767,,
6,91779,,0.005376344081014395,,1.9892473220825195,,
6,91789,,0.0,,2.0,,
6,91799,,0.0,,2.0,,
6,91809,,0.0,,2.0,,
6,91819,,0.001792114693671465,,1.9964157342910767,,
6,91829,,0.00358422938734293,,1.9928314685821533,,
6,91839,,0.00716845877468586,,1.9856630563735962,,
6,91849,,0.001792114693671465,,1.9964157342910767,,
